dt,Bonds_MOVE,Idx_GVZ,Idx_SnPVIX,Com_BloombergCommodity_BCOM,Com_LMEX,USEPUINDXD,N10D,GPRD,GPRD_ACT,GPRD_THREAT,Com_Brent_MM_Long_lag1,Com_Brent_MM_Short_lag1,Com_WTI_MM_Long_lag1,Com_WTI_MM_Short_lag1,Com_CFTC_TotalOpenInterest_lag1,Com_CFTC_CommNet_lag1,Com_CFTC_SpecNet_lag1,Com_BrentCrudeOil,Com_CrudeOil,Com_DubaiOil,Com_OmanOil,Com_Petronet_Diesel_0_05pct,Com_Petronet_Gasoline_92RON,Com_Petronet_Gasoline_95RON,Com_Petronet_HSFO_180cst_3_5pct,Com_Petronet_HSFO_380cst_3_5pct,Com_Petronet_Kerosene,Com_Petronet_Naphtha,Idx_OVX,Com_Investing_Baker_Hughes_US_Oil_Rig_Count_lag1,Com_Investing_EIA_Crude_Oil_Inventories_lag1,Oil_EIA_Commercial_Crude_Oil_Imports_Excluding_Spr_lag1,Oil_EIA_Imports_Conventional_Cbob_Gasoline_Blending_Components_lag1,Oil_EIA_Imports_Conventional_Gtab_Gasoline_Blending_Components_lag1,Oil_EIA_Imports_Conventional_Motor_Gasoline_lag1,Oil_EIA_Imports_Conventional_Other_Gasoline_Blending_Components_lag1,Oil_EIA_Imports_Crude_Oil_lag1,Oil_EIA_Imports_Crude_Oil_And_Petroleum_Products_lag1,Oil_EIA_Imports_Distillate_Fuel_Oil_lag1,Oil_EIA_Imports_Distillate_Fuel_Oil_0_To_15_Ppm_Sulfur_lag1,Oil_EIA_Imports_Distillate_Fuel_Oil_Greater_Than_500_To_2000_Ppm_Sulfur_lag1,Oil_EIA_Imports_Finished_Motor_Gasoline_lag1,Oil_EIA_Imports_From_All_Countries_Of_Motor_Gasoline_Blending_Components_Rbob_lag1,Oil_EIA_Imports_Gasoline_Blending_Components_lag1,Oil_EIA_Imports_Kerosene_Type_Jet_Fuel_lag1,Oil_EIA_Imports_Liquefied_Petroleum_Gasses_Less_Propane_Propylene_lag1,Oil_EIA_Imports_Other_Conventional_Motor_Gasoline_lag1,Oil_EIA_Imports_Other_Oils_lag1,Oil_EIA_Imports_Propane_And_Propylene_lag1,Oil_EIA_Imports_Residual_Fuel_Oil_lag1,Oil_EIA_Imports_Total_Gasoline_lag1,Oil_EIA_Imports_Total_Petroleum_Products_lag1,Oil_EIA_Exports_Crude_Oil_lag1,Oil_EIA_Exports_Crude_Oil_And_Petroleum_Products_lag1,Oil_EIA_Exports_Kerosene_Type_Jet_Fuel_lag1,Oil_EIA_Exports_Other_Oils_lag1,Oil_EIA_Exports_Propane_lag1,Oil_EIA_Exports_Residual_Fuel_Oil_lag1,Oil_EIA_Exports_Total_Distillate_lag1,Oil_EIA_Exports_Total_Motor_Gasoline_lag1,Oil_EIA_Exports_Total_Petroleum_Products_lag1,Oil_EIA_Net_Imports_Crude_Oil_lag1,Oil_EIA_Net_Imports_Total_Petroleum_Products_lag1,Com_US_RigCount_lag1,Com_US_RigCount_Chg_lag1,Com_RefUtil_lag1,Oil_EIA_Gross_Inputs_Into_Refineries_lag1,Oil_EIA_Operable_Crude_Oil_Distillation_Capacity_lag1,Oil_EIA_Refiner_And_Blender_Net_Input_Of_Conventional_Cbob_Gasoline_Blending_Components_lag1,Oil_EIA_Refiner_And_Blender_Net_Input_Of_Conventional_Gtab_Gasoline_Blending_Components_lag1,Oil_EIA_Refiner_And_Blender_Net_Input_Of_Conventional_Other_Gasoline_Blending_Components_lag1,Oil_EIA_Refiner_And_Blender_Net_Input_Of_Fuel_Ethanol_lag1,Oil_EIA_Refiner_And_Blender_Net_Input_Of_Gasoline_Blending_Components_lag1,Oil_EIA_Refiner_And_Blender_Net_Input_Of_Motor_Gasoline_Blending_Components_Rbob_lag1,Oil_EIA_Refiner_Net_Input_Of_Crude_Oil_lag1,Oil_EIA_Oxygenate_Plant_Production_Of_Fuel_Ethanol_lag1,Oil_EIA_Production_Of_Distillate_Fuel_Oil_Greater_Than_15_To_500_Ppm_Sulfur_lag1,Oil_EIA_Refiner_And_Blender_Adjusted_Net_Production_Of_Finished_Motor_Gasoline_lag1,Oil_EIA_Refiner_And_Blender_Net_Production_Of_Commercial_Kerosene_Type_Jet_Fuel_lag1,Oil_EIA_Refiner_And_Blender_Net_Production_Of_Conventional_Motor_Gasoline_lag1,Oil_EIA_Refiner_And_Blender_Net_Production_Of_Distillate_Fuel_Oil_lag1,Oil_EIA_Refiner_And_Blender_Net_Production_Of_Distillate_Fuel_Oil_0_To_15_Ppm_Sulfur_lag1,Oil_EIA_Refiner_And_Blender_Net_Production_Of_Distillate_Fuel_Oil_Greater_Than_500_Ppm_Sulfur_lag1,Oil_EIA_Refiner_And_Blender_Net_Production_Of_Finished_Conventional_Motor_Gasoline_Ed_55_And_Lower_lag1,Oil_EIA_Refiner_And_Blender_Net_Production_Of_Finished_Conventional_Motor_Gasoline_Greater_Than_Ed_55_lag1,Oil_EIA_Refiner_And_Blender_Net_Production_Of_Finished_Conventional_Motor_Gasoline_With_Ethanol_lag1,Oil_EIA_Refiner_And_Blender_Net_Production_Of_Finished_Motor_Gasoline_lag1,Oil_EIA_Refiner_And_Blender_Net_Production_Of_Finished_Reformulated_Motor_Gasoline_With_Ethanol_lag1,Oil_EIA_Refiner_And_Blender_Net_Production_Of_Kerosene_Type_Jet_Fuel_lag1,Oil_EIA_Refiner_And_Blender_Net_Production_Of_Military_Kerosene_Type_Jet_Fuel_lag1,Oil_EIA_Refiner_And_Blender_Net_Production_Of_Other_Finished_Conventional_Motor_Gasoline_lag1,Oil_EIA_Refiner_And_Blender_Net_Production_Of_Reformulated_Motor_Gasoline_lag1,Oil_EIA_Refiner_And_Blender_Net_Production_Of_Residual_Fuel_Oil_lag1,Oil_EIA_Refiner_Blender_And_Gas_Plant_Net_Production_Of_Propane_And_Propylene_lag1,Oil_EIA_Supply_Adjustment_Of_Finished_Motor_Gasoline_lag1,Oil_EIA_Days_Of_Supply_Of_Crude_Oil_Excluding_Spr_lag1,Oil_EIA_Days_Of_Supply_Of_Kerosene_Type_Jet_Fuel_lag1,Oil_EIA_Days_Of_Supply_Of_Propane_Propylene_lag1,Oil_EIA_Days_Of_Supply_Of_Total_Distillate_lag1,Oil_EIA_Days_Of_Supply_Of_Total_Gasoline_lag1,Com_Distillate_Inv_lag1,Com_Gasoline_Inv_lag1,Oil_EIA_Stocks_Asphalt_And_Road_Oil_lag1,Oil_EIA_Stocks_Conventional_Cbob_Gasoline_Blending_Components_lag1,Oil_EIA_Stocks_Conventional_Gtab_Gasoline_Blending_Components_lag1,Oil_EIA_Stocks_Conventional_Motor_Gasoline_lag1,Oil_EIA_Stocks_Conventional_Motor_Gasoline_With_Fuel_Ethanol_lag1,Oil_EIA_Stocks_Conventional_Other_Gasoline_Blending_Components_lag1,Oil_EIA_Stocks_Distillate_Fuel_Oil_0_To_15_Ppm_Sulfur_lag1,Oil_EIA_Stocks_Distillate_Fuel_Oil_Greater_Than_15_To_500_Ppm_Sulfur_lag1,Oil_EIA_Stocks_Distillate_Fuel_Oil_Greater_Than_500_Ppm_Sulfur_lag1,Oil_EIA_Stocks_Finished_Motor_Gasoline_lag1,Oil_EIA_Stocks_Fuel_Ethanol_lag1,Oil_EIA_Stocks_Gasoline_Blending_Components_lag1,Oil_EIA_Stocks_Kerosene_lag1,Oil_EIA_Stocks_Kerosene_Type_Jet_Fuel_lag1,Oil_EIA_Stocks_Motor_Gasoline_Blending_Components_Rbob_lag1,Oil_EIA_Stocks_Ngpls_Lrgs_lag1,Oil_EIA_Stocks_Other_Conventional_Motor_Gasoline_lag1,Oil_EIA_Stocks_Other_Oils_lag1,Oil_EIA_Stocks_Reformulated_Motor_Gasoline_lag1,Oil_EIA_Stocks_Reformulated_Motor_Gasoline_With_Fuel_Alcohol_lag1,Oil_EIA_Stocks_Residual_Fuel_Oil_lag1,Oil_EIA_Stocks_Unfinished_Oils_lag1,Com_USCrude_Inv_Chg_lag1,Com_USCrude_Inv_ExSPR_lag1,Oil_EIA_Crude_Oil_Stocks_In_Transit_From_Alaska_lag1,Oil_EIA_Stocks_Crude_Oil_lag1,Oil_EIA_Ending_Stocks_Excluding_Spr_Of_Crude_Oil_And_Petroleum_Products_lag1,Oil_EIA_Stocks_Crude_Oil_And_Petroleum_Products_lag1,Oil_EIA_Product_Supplied_Finished_Motor_Gasoline_lag1,Oil_EIA_Product_Supplied_Other_Oils_lag1,Oil_EIA_Product_Supplied_Propane_And_Propylene_lag1,Oil_EIA_Product_Supplied_Residual_Fuel_Oil_lag1,Com_Cushing_Inv_lag1,Com_Cushing_Inv_Chg_lag1,Com_US_SPR_lag1,Com_US_SPR_Share_lag1
2011-01-10,98.7800018311,17.9879997254,16.5039999008,161.047497559,4211.84,123.291428571,940,78.12411499,81.5941658,85.06417847,133347,11814,246428,59020,1471226,-188223,149466,97.634,91.032,92.69,92.908,108.924,104.644,106.52,81.98,81.114,109.28,94.452,27.772,777,-4.2,8895,13,94,84,440,8895,11564,368,122,133,84,240,787,79,40,83,809,115,428,871,2669,33,2252,59,623,91,396,882,168,2219,8862,450,777,12,86.4,15208,17594,-167,117,-202,734,-92,160,14728,888,211,8725,1339,5861,4462,3881,370,4505,3,4508,8665,2806,1468,128,1354,2804,497,1113,60,20.9,30.9,32.8,43,24.6,164759,223227,19998,52915,1095,66790,346,49583,107866,12545,44347,67117,17096,156110,2473,44094,52517,69654,66443,192352,328,328,39418,76946,-2392,311526,4478,1038071,1043022,1769567,8819,3203,1424,455,37376,-117,726545,41.0029741581
2011-01-17,96.0250015259,18.3000001907,17.409999609,161.696025848,4189.92,129.311428571,920,72.978082655,42.065234185,86.28056717,141186,11374,259688,49919,1501588,-203641,169085,97.514,90.0525,93.092,93.092,110.982,105.868,107.802,83.196,82.316,111.264,95.748,26.9325,789,-2.2,8999,94,0,65,360,8999,11725,241,111,89,65,203,657,63,30,64,1031,110,559,722,2726,33,2241,70,640,92,372,835,199,2208,8966,518,789,12,83,14595,17594,-211,170,-200,754,-79,161,14339,913,236,8867,1238,5847,4353,3757,360,4509,1,4510,8791,2946,1313,75,1337,2944,503,1076,76,21.3,30,28.8,44.5,25.4,165797,227670,20552,55553,944,66496,322,50119,109678,12580,43538,66820,17801,160850,2423,43087,54233,66260,66175,189910,324,324,41837,77675,2617,314143,2540,1040687,1045386,1771930,8775,3065,1867,344,36805,-571,726544,40.9476048934
2011-01-24,92.8,18.8200000763,17.6139999389,160.045401001,4151.9,123.1,937.5,136.91646574,169.698955545,95.588195785,138224,14660,256696,46132,1491996,-209503,166551,97.316,87.274,92.778,92.768,110.33,103.408,105.68,83.236,82.138,111.268,94.036,29.626,798,2.6,9385,97,50,56,287,9385,11939,254,139,115,56,154,588,16,26,56,1020,254,366,644,2554,33,2241,70,640,92,372,835,199,2208,9352,346,798,9,81.8,14400,17594,113,28,10,762,373,222,14127,922,171,8815,1232,6008,4271,3688,413,4647,2,4649,8962,2956,1356,124,1359,2954,589,1053,-147,21.9,30.2,25.9,45.3,26.2,165657,230074,21702,56263,872,66785,332,50652,112093,11587,41977,67102,19037,162971,2627,42748,55185,62900,66453,187839,318,318,41654,76956,4836,318979,1300,1045523,1047782,1774326,8632,3040,1693,609,37667,862,726544,40.8201745638
2011-01-31,100.659999084,17.5979999542,17.4159999848,164.430618286,4387.32,115.817142857,907.5,106.339408875,109.05477145,116.291225435,125936,40973,223499,51486,1499599,-186754,143317,101.336,90.678,95.7966666667,95.9633333333,113.49,106.636666667,108.98,87.4666666667,85.8666666667,115.056666667,95.9766666667,32.964,809,4.8,9014,126,127,127,443,9014,11916,318,205,65,127,351,1047,127,41,126,848,153,284,1173,2902,33,2241,70,640,92,372,835,199,2208,8981,694,809,11,84.5,14861,17594,55,156,-41,769,440,270,14302,908,125,8827,1272,5847,4182,3573,484,4682,2,4684,8775,2930,1400,128,1163,2928,429,1052,52,22.4,31.3,22.8,44.4,27.2,164078,236228,22117,57451,1267,68225,369,51951,113535,11375,39168,68543,18890,167685,2516,43769,57017,61173,67857,190713,318,316,40141,81067,2594,321573,2714,1048117,1053321,1779865,8549,2814,1665,557,38334,667,726544,40.748995779
2011-02-07,99.9199996948,15.7899997711,15.948000145,163.032800293,4414.66,111.705714286,931,77.109664915,98.426837935,57.67562866,126762,28746,251759,49818,1531942,-196780,152709,100.658,86.688,96.964,96.888,115.988,105.998,108.322,91.648,89.318,116.912,95.132,30.472,818,2.6,8909,117,50,148,521,8909,11857,296,161,60,148,201,889,61,38,146,1003,93,457,1037,2948,33,2241,70,640,92,372,835,199,2208,8876,740,818,9,84.7,14906,17594,124,147,-21,752,548,297,14344,900,127,9076,1232,6050,4262,3678,457,4656,1,4657,8891,2843,1355,123,1393,2842,543,1039,185,22.7,30.8,20.7,44.1,27.9,164366,240891,22865,58152,1015,71466,284,52703,115255,10468,38644,72053,19576,168838,2429,42938,56967,60108,71182,191303,587,587,39147,82507,1831,323404,3529,1049948,1056430,1782974,8524,3231,1486,770,37407,-927,726544,40.9415030418
2011-02-14,94.9,15.4780000686,16.4120000839,162.472702026,4419.38,120.33,945.5,61.01535034,53.882434845,65.135765075,118805,35272,241623,39240,1536606,-221010,165508,102.722,85.336,98.614,98.57,117.6,107.286,109.57,93.756,91.674,118.444,95.458,30.774,805,1.9,8266,92,171,108,306,8266,10796,211,143,68,108,257,827,61,38,106,637,161,525,935,2530,33,2168,87,671,104,364,686,223,2135,8233,395,805,-13,81.2,14290,17594,226,218,27,774,850,379,13863,893,137,9169,1125,5882,4012,3319,556,4660,1,4661,8891,3010,1239,114,1221,3009,536,954,278,22.9,29.8,19.3,42.3,27.9,161270,241096,23787,58391,1015,73304,263,51733,112018,10540,38713,73764,19576,167332,2417,41435,56194,58382,73041,189980,460,460,39451,81493,860,324264,3212,1050807,1048045,1774588,8810,3364,1558,654,37657,250,726543,41.2222510953
2011-02-21,96,16.7900002003,20.8674993515,163.258052826,4335.86,129.762857143,895.5,150.78347015,119.76353452,163.23973085,116653,24314,229569,44333,1559669,-216556,165514,109.254,96.7075,105.236,106.324,123.418,114.744,116.796,97.746,95.976,125.146,102.192,41.3925,798,0.9,8106,132,46,110,359,8106,10341,171,100,71,110,161,698,24,27,108,951,101,180,808,2235,33,2168,87,671,104,364,686,223,2135,8073,100,798,-7,79.4,13960,17594,362,58,89,823,909,400,13535,888,134,9143,1270,5890,3979,3465,381,4959,1,4960,8961,3072,1371,100,930,3071,560,998,182,23.2,28.7,19.9,42.1,27.2,159937,238298,23646,58182,1156,72279,295,49968,111328,9371,39238,73269,19349,165029,2258,40475,55723,56332,71984,185930,989,989,37403,80423,822,325086,2763,1051629,1035959,1762502,9101,3587,1208,669,37440,-217,726543,41.3755222888
2011-02-28,95.9199996948,17.281999588,19.5440002441,167.708102417,4426.16,119.802857143,952,149.2851448,153.3010788,152.7120361,116562,24977,277127,36555,1506594,-258897,219022,114.866,101.032,108.672,109.204,129.154,118.74,120.738,98.99,97.536,130.082,108.818,41.688,783,0.8,8010,59,32,108,456,8010,10226,170,128,42,108,154,700,51,96,107,724,170,293,808,2216,33,2168,87,671,104,364,686,223,2135,7977,81,783,-15,80.9,14241,17594,458,86,141,822,1099,414,13798,882,188,9226,1242,6056,4106,3597,320,5002,1,5003,9104,3049,1344,102,1053,3048,587,1012,122,23.4,29.2,20.8,42.4,26.4,159186,234708,24202,57059,879,72155,312,49679,111809,9362,38015,72910,19127,161798,2071,40820,54182,54953,71843,185323,755,744,37075,80887,-364,324722,2913,1051265,1029430,1755973,9162,3054,1223,563,38570,1130,726543,41.5271268205
2011-03-07,92.5199981689,17.3240001678,20.531999588,166.064736938,4202.72,142.654285714,935.5,151.3891754,174.2822876,135.5935669,124342,16938,323981,18573,1569519,-319669,271887,114.662,103.74,109.514,110.098,131.26,119.766,121.846,98.842,96.694,131.228,109.544,43.318,801,-0.4,8300,112,0,117,376,8300,10722,252,141,51,117,156,644,16,48,117,848,132,414,761,2422,33,2168,87,671,104,364,686,223,2135,8267,287,801,18,82,14429,17594,444,103,74,795,1067,446,13943,883,171,9026,1255,6008,4072,3436,465,4864,2,4866,8987,2981,1412,157,1142,2979,529,975,39,23.7,30.5,20.9,40,25.3,155209,229214,24755,53821,578,69840,253,49396,108600,9002,37607,71005,19873,158209,1796,41248,54413,53347,69587,186296,1164,1164,36993,81697,2377,327099,3665,1053641,1023018,1749560,9192,3199,1201,591,40263,1693,726542,41.6490583214
2011-03-14,98.6,18.3980003357,25.1319999695,161.237200928,4172.8,165.775714286,971,144.8038864,174.32678985,152.0131149,113827,17594,331659,20027,1572544,-317064,275582,112.328,99.768,106.438,106.982,132.054,116.468,118.546,99.43,96.93,131.752,104.38,42.23,827,2.5,8681,66,22,38,406,8681,10710,161,90,46,38,117,611,14,31,38,583,146,477,648,2029,34,2327,88,678,102,405,738,282,2293,8647,-264,827,26,83.4,14671,17594,492,68,173,793,1048,315,14182,895,203,8744,1252,5893,4115,3398,514,4907,2,4909,8880,2988,1379,127,985,2987,489,1025,-136,23.7,30.1,23.5,39.5,24.8,152608,225040,25355,54465,733,67449,200,47391,106427,9215,36966,68692,19905,156348,1561,40539,53759,53814,67249,187823,1243,1243,35775,82468,1745,328844,3622,1055386,1017896,1744438,8830,3201,1030,735,40020,-243,726542,41.6705094234
2011-03-21,92.5599990845,17.0060001373,19.1799999237,167.398901367,4315.92,130.394285714,999,161.9246292,187.1926346,143.97379685,109992,30309,293715,22753,1580632,-310203,254568,115.504,104.616,109.134,109.54,134.36,119.64,121.764,99.606,97.32,133.39,108.178,36.808,839,1.7,8987,58,24,86,433,8987,11566,192,114,43,86,93,609,27,46,86,1139,81,445,695,2579,34,2327,88,678,102,405,738,282,2293,8953,286,839,12,84.1,14794,17594,420,51,137,804,1192,584,14349,913,257,9026,1221,6014,4318,3700,361,4950,2,4952,9067,3054,1391,170,1063,3052,510,1047,-41,23.5,28.6,23.8,39.2,24.2,152615,219720,25901,53092,733,65779,222,47329,107226,9363,36026,66986,20048,152733,1559,39138,51579,53427,65557,191071,1208,1208,36430,85637,2131,330975,4390,1057517,1016998,1743540,9074,3401,1078,456,40197,177,726542,41.5910981304
2011-03-28,90.7200012207,16.5599998474,18.0899997711,167.864761353,4277.66,144.591428571,955.5,161.11587905,195.5793991,143.0437088,125763,25552,306990,20178,1503614,-303980,253728,116.23,105.54,109.156,109.614,134.578,120.352,122.514,100.632,99.218,133.16,108.338,33.876,851,2.1,9128,85,85,123,445,9128,11518,243,149,50,123,146,761,101,26,123,637,74,451,884,2390,34,2327,88,678,102,405,738,282,2293,9094,97,851,12,84.1,14798,17594,446,48,96,809,966,376,14332,903,199,8696,1319,5880,4233,3686,348,4865,2,4867,8821,2943,1484,164,1014,2941,580,1013,-125,23.5,29.5,25,39.5,24.1,153325,217036,26689,53508,1193,63585,209,48109,107939,10189,35198,64682,20092,152353,1538,40577,49543,54160,63376,191047,1098,1098,37435,84188,2945,333920,3968,1060462,1020327,1746869,8866,3329,1000,482,41886,1689,726542,41.5933362912
2011-04-04,87.5,15.9219997406,17.3260002136,171.764199829,4342.04,111.168571429,956.5,94.086387625,114.1613846,75.52464676,126597,21141,315643,23577,1516081,-297493,254894,122.98,109.746,114.674,115.416,140.248,125.722,127.954,105.518,103.782,138.416,112.446,33.228,877,2.9,8950,100,121,105,586,8950,11578,131,66,30,105,165,973,64,82,105,976,77,302,1077,2628,34,2327,88,678,102,405,738,282,2293,8916,335,877,26,84.4,14845,17594,303,57,266,786,944,318,14371,902,203,8810,1295,5911,4307,3706,398,4848,2,4850,8891,2981,1424,128,1062,2980,512,1019,-81,23.5,29.4,24.2,41,24.3,153520,216679,26596,52833,733,62346,245,49638,109170,9958,34391,63142,20060,153537,1369,40935,50334,54784,62102,191193,795,795,36547,84048,1616,335536,3900,1062078,1020233,1746775,8853,3618,1156,536,41870,-16,726542,41.7115621326
2011-04-11,83.7199996948,15.2940000534,16.4380001068,170.413195801,4338.86,124.392857143,946,87.578235625,97.635967255,73.107887265,134471,19196,325762,20465,1566762,-289021,252151,122.718,108.21,115.724,116.708,140.776,127.116,129.222,106.07,103.706,139.446,115.088,33.016,886,2,8571,47,86,137,505,8571,11007,101,48,41,137,113,752,68,101,137,771,115,493,889,2436,34,2327,88,678,102,405,738,282,2293,8537,143,886,9,81.4,14406,17693,527,97,243,789,1258,392,14017,898,167,8970,1271,5868,4054,3521,366,4898,2,4900,8850,2964,1444,173,968,2983,492,1014,120,23.6,29.9,26,40.5,23.3,150839,209679,26536,50939,729,59986,182,50306,106171,10597,34070,60647,20515,149031,1299,41386,47058,55030,59804,191675,661,516,37279,84350,1627,337163,3682,1063705,1015282,1741824,9181,3555,887,475,41896,26,726542,41.8735681537
2011-04-18,79.25,16.2799994945,15.6374995709,171.889148712,4304.9,121.271428571,925.666666667,98.59720102,112.9867452,83.4324556867,119302,20597,303868,22289,1584517,-287470,243261,122.695,109.7525,115.6225,116.7225,139.2525,127.2375,129.0775,104.4175,102.41,137.9625,115.9325,30.3075,880,1.6,8053,57,146,100,483,8053,10657,293,168,82,100,66,753,79,103,100,941,63,375,853,2604,34,2222,76,645,89,416,700,262,2188,8019,416,880,-6,82.5,14595,17693,413,62,271,798,977,231,14104,856,230,9168,1287,6166,4161,3574,358,4981,2,4984,9156,2978,1410,123,1182,2990,522,1032,12,23.6,30.3,25.7,39,23.1,148335,208096,26232,51387,1197,59403,178,48642,104788,10044,33503,60252,20091,147844,1245,41203,46617,56541,59226,192697,849,727,36894,84433,-2322,334841,4000,1061383,1008543,1735085,9062,3067,1057,536,41126,-770,726542,41.803481485
2011-04-25,77.7800018311,18.2899997711,15.2220001221,173.951538086,4295.1,88.5014285714,919,106.44993209,103.05003358,110.43970297,117690,29675,312733,22817,1539895,-295164,254031,124.768,112.808,117.918,118.504,139.996,132.25,134.484,105.414,103.492,139.496,119.324,30.578,913,-2.3,9266,92,97,253,423,9266,12353,121,72,49,253,184,797,128,23,253,1248,63,477,1050,3087,34,2222,76,645,89,416,700,262,2188,9232,899,913,33,82.7,14629,17693,280,155,230,779,950,284,14077,883,195,8841,1229,5826,4058,3511,352,4823,3,4826,8784,2937,1345,116,1000,2958,474,1048,57,24.1,27.9,25.7,38.3,22.7,146530,205588,26503,51916,1043,57644,151,48084,103497,10223,32809,58042,19283,147546,1180,39954,46503,57434,57492,195774,399,288,36861,86623,6156,340997,3227,1067539,1011452,1737994,9148,3577,1011,540,40388,-738,726542,41.6233604409
2011-05-02,80.8199996948,20.7959999085,17.2740001678,167.16328125,4136.35,108.852857143,949,186.96904755,244.1737671,155.857700325,119689,26439,319585,18467,1553704,-291450,258068,117.738,106.158,111.805,112.9275,134.89,130.71,133.895,102.46,100.75,133.765,114.2475,35.888,926,6.2,8877,83,89,160,457,8877,11785,197,64,104,160,317,946,54,143,160,1028,60,462,1106,2908,34,2222,76,645,89,416,700,262,2188,8843,720,926,13,82.8,14653,17693,155,113,241,800,955,446,14059,875,196,8826,1301,6011,4196,3618,382,5061,2,5063,8951,2924,1472,171,948,2939,570,1049,-125,24.5,27.2,29.3,37.4,22.5,145132,204542,27012,53908,790,56150,160,47308,102167,9814,33151,56511,19771,148031,1297,39786,46026,60735,55990,199338,361,282,38235,86474,3421,344418,3810,1070960,1018973,1745515,8943,2766,836,420,40490,102,726542,41.474287143
2011-05-09,81.9399993896,19.5119998932,16.6240001678,161.308380127,4021.36,89.3985714286,955,127.45834735,151.8873291,110.79224778,116720,22074,314696,20873,1624328,-283704,244326,114.582,100.652,107.744,108.68,127.586,124.204,127.548,99.16,97.584,127.156,110.462,41.488,934,3.4,8964,118,44,108,704,8964,11583,166,136,30,108,238,1105,72,10,108,712,96,360,1213,2619,34,2222,76,645,89,416,700,262,2188,8930,431,934,8,81.7,14463,17698,135,64,166,787,812,447,14108,862,188,8876,1194,5978,4183,3727,269,4865,3,4868,8941,2947,1361,167,1110,2963,558,1063,-65,24.7,27.4,30,37.2,22.9,144289,205817,26668,56315,898,55554,220,47862,103311,9378,31601,55783,20439,150034,1298,39942,44958,61462,55335,200373,228,166,37576,86944,3632,348050,4566,1074592,1025247,1751789,8826,2712,926,596,41614,1124,726542,41.4758497776
2011-05-16,79.1800018311,18.2939998627,16.9939998627,160.844540405,4012.88,95.3728571429,994.5,78.060836795,79.59221649,80.116615295,111930,30792,287379,31666,1653799,-243171,211514,111.766,98.462,106.045,107.1775,125.5625,116.14,119.3775,98.405,96.5075,125.3425,105.2,38.45,947,3.8,8570,40,183,51,463,8570,10830,112,70,42,51,125,811,102,50,51,876,103,205,862,2260,34,2191,72,714,120,380,671,200,2157,8536,103,947,13,83.2,14731,17698,187,124,333,812,862,217,14347,900,185,9131,1277,6205,4014,3605,224,5075,3,5078,9243,3011,1383,106,1127,3038,542,1022,-112,24.6,26.7,34.5,38.1,22.9,143132,205936,26724,57431,951,55102,221,47098,102153,9377,31602,55320,20412,150617,1400,39266,45136,61596,54881,201616,217,36,36306,87495,-15,348035,5850,1074577,1025181,1751723,9048,3029,760,548,40023,-1591,726542,41.3163838852
2011-05-23,75.7400009155,17.3900001526,17.0459999084,162.979556274,4021.18,87.64,921.5,114.55462265,95.469745655,144.49463655,93564,32753,251593,30028,1582868,-231527,203079,113.528,99.886,106.558,107.192,125.652,117.196,120.128,99.02,96.93,125.214,105.064,35.664,954,0,9232,48,214,142,730,9232,12246,103,55,48,142,313,1305,73,17,142,762,82,547,1447,3014,34,2191,72,714,120,380,671,200,2157,9198,857,954,7,86.3,15269,17698,172,132,392,806,919,223,14841,902,240,9259,1341,6254,4261,3781,240,5015,3,5017,9267,2992,1450,110,1237,3013,547,1047,-8,24.3,26.9,37.5,37,23.4,141092,209730,27000,58934,1021,56411,259,47691,99423,9796,31873,56551,20797,153179,1309,39064,45533,62965,56152,202890,140,18,38113,87127,616,348651,2475,1075193,1031942,1758484,9025,3122,848,456,40079,56,726542,41.147044182
2011-05-30,74.2250003815,17.1624999046,17.4474999905,165.771751404,4082.175,113.194285714,908.5,103.50610732,117.1468048,93.302204115,95049,37772,257293,31616,1522076,-225640,199192,115.464,100.9025,108.798,109.098,129.01,118.818,121.558,101.652,100.204,128.568,105.174,33.4775,958,0.6,9518,31,66,163,652,9518,12478,123,70,34,163,328,1077,63,64,163,1094,67,374,1239,2960,34,2191,72,714,120,380,671,200,2157,9484,803,958,4,86,15212,17698,119,120,428,822,918,250,14851,909,181,9433,1339,6492,4255,3733,341,5101,3,5104,9575,3059,1480,141,1388,3083,545,1073,-142,24.2,28.4,38.8,36.8,23.4,140116,212283,26963,60869,918,56160,207,46804,98936,9253,31927,56306,20227,155977,1274,40113,47387,65539,55953,204117,146,19,37985,85765,2878,351529,5875,1078071,1039179,1765721,9431,3131,848,557,39920,-159,726542,41.1076760823
2011-06-06,76.4400009155,16.8180000305,18.3960002899,165.705661011,4073.68,115.868571429,944,98.61858751,120.14672471,78.014957425,108052,34205,258039,33598,1508418,-219619,191137,117.492,100.012,109.8,110.226,130.968,120.544,122.994,103.332,101.572,129.992,104.514,33.222,959,2.9,8600,68,219,90,608,8600,11367,155,122,33,90,172,1067,98,112,90,952,52,352,1158,2767,34,2191,72,714,120,380,671,200,2157,8566,610,959,1,87.2,15438,17698,128,93,354,787,814,238,15112,915,231,9446,1365,6287,4434,3939,263,4945,3,4947,9194,2885,1511,146,1340,2907,507,1147,252,23.5,28.6,42.2,37,23.4,140926,214492,27060,62945,571,57399,303,47543,99892,9865,31169,57520,19644,156972,1447,40938,45913,67735,57096,206133,121,18,37253,86874,-4632,346897,4970,1073439,1040870,1767412,9163,3430,825,584,38904,-1016,726542,41.1221480765
2011-06-13,83.6000015259,16.8480003357,20.7540000916,161.629940796,4028.9,136.634285714,952,60.616693495,83.40678026,41.60488987,107446,33752,241459,50485,1515910,-207579,176124,116.718,95.888,109.676,110.168,130.95,119.56,121.692,102.444,100.932,130.292,103.312,34.982,969,-4.8,8638,78,122,183,537,8638,11040,125,119,6,183,195,932,86,13,183,732,82,261,1115,2402,35,2453,79,698,139,388,854,260,2418,8603,-16,969,10,86.1,15241,17698,119,134,226,829,695,215,14869,880,198,9469,1342,6265,4318,3726,394,5203,2,5205,9323,3051,1492,150,1060,3058,537,1098,146,23,31.1,42,37,23.3,140821,215065,26649,63165,413,57579,293,47380,98784,9550,32486,57674,19745,157390,1434,42625,46433,68899,57287,205801,95,20,37001,86040,-3406,343491,5578,1070033,1040248,1766790,9370,3246,882,446,37763,-1141,726542,41.0498713468
2011-06-20,82.1600006104,16.6979999542,19.5520004273,158.015161133,3996.28,123.064285714,928.5,97.136596685,111.434986095,91.752490995,111751,30457,247793,53421,1584927,-197975,166371,109.846,92.85,105.208,105.774,124.752,116.296,119.01,99.828,98.476,123.87,100.26,35.096,984,-3.4,9149,21,145,136,393,9149,11611,122,73,50,136,172,732,72,54,136,940,57,405,867,2462,35,2453,79,698,139,388,854,260,2418,9114,44,984,15,89.2,15788,17698,205,167,104,823,845,369,15278,901,218,9541,1406,6383,4319,3761,340,5165,3,5167,9446,3051,1539,132,1216,3063,590,1065,95,22.7,31,45.6,38.7,23,141994,214601,26269,63214,774,58215,309,47214,98783,9563,33648,58361,19509,156239,1459,42727,45037,70602,57907,207621,146,19,37646,86750,-1711,341780,3650,1068311,1043343,1769874,9319,3536,731,515,38036,273,726531,41.0573642692
2011-06-27,87.9600006104,16.1100002289,17.8780000687,157.18052063,4082.5,111.985714286,929,77.49555206,76.355272295,76.13354874,88623,41304,228813,61343,1528927,-177978,149067,110.284,93.726,104.216,104.348,122.848,114.738,117.848,99.038,97.748,121.864,97.154,32.352,1003,-1.7,8878,52,17,146,305,8878,11114,80,66,3,146,163,537,53,100,146,1020,41,349,683,2236,35,2453,79,698,139,388,854,260,2418,8843,-182,1003,19,88.1,15598,17698,96,82,406,829,693,109,15247,893,227,9097,1473,6224,4363,3814,322,5164,2,5166,9318,3075,1585,112,1057,3094,596,1069,-221,22.3,31.4,49.5,39.6,23,142252,213173,26970,64964,591,56263,292,45384,99335,9421,33496,56412,19484,156761,1517,43879,45822,71692,55971,209266,149,23,38374,86783,-4375,337405,4386,1063936,1043020,1769551,9261,3491,725,453,37494,-542,726531,41.0459288018
2011-07-04,88.9750003815,15.3575000763,16.0749998093,160.020545959,4205.72,152.394285714,876.5,74.60973358,72.66545105,76.164600375,86272,42964,223980,70832,1524313,-156419,134554,115.108,97.1025,107.626,107.866,126.994,122.176,126.114,100.964,99.966,126.158,102.974,30.9125,1006,-4.4,9854,67,38,89,386,9854,11977,123,105,17,89,119,611,53,128,89,814,44,389,700,2123,35,2453,79,698,139,388,854,260,2418,9819,-295,1006,3,88.4,15636,17698,435,41,293,835,888,119,15315,904,265,9529,1303,6458,4447,3969,212,5254,2,5256,9532,3057,1499,196,1202,3074,566,1079,-3,22.2,30.3,55.5,39.7,22.8,142061,212539,26352,62856,998,56650,326,45679,98309,9959,33794,56755,18553,155784,1572,43333,46251,74827,56324,211182,104,18,37805,86364,-873,336532,3245,1063063,1043513,1770044,9309,3328,652,648,37034,-460,726531,40.9461337565
2011-07-11,89.2600006104,17.3919994354,19.7,162.909320068,4217.34,181.554285714,903.5,83.68736267,117.530227685,56.24091339,99065,31283,228532,63041,1522391,-156799,138390,117.87,96.712,110.3,110.944,130.468,123.628,126.206,102.686,101.98,129.454,104.88,33.266,1007,-0.9,9000,29,127,45,448,9000,11401,109,81,28,45,103,707,73,26,45,1188,44,235,752,2401,35,2453,79,698,139,388,854,260,2418,8965,-17,1007,1,88,15607,17736,196,113,186,805,673,177,15218,872,231,8898,1419,6227,4493,3960,303,5174,2,5175,9109,2873,1551,132,1052,2882,583,1138,-211,21.8,30.4,65.6,41.3,22.9,145028,211699,25571,63869,867,54297,357,46433,100209,10180,34640,54424,18775,157276,1571,44415,46106,75975,53940,211957,127,20,37984,84972,-3124,333408,4210,1059939,1047827,1774358,9016,3771,607,404,37649,615,726531,40.8586760667
2011-07-18,87.3600006104,17.8779994964,18.8659999847,164.486160278,4266.14,190.71,896.5,94.46503639,128.192863485,69.49503899,107783,25998,231437,62604,1538256,-171813,150895,117.488,98.114,111.58,111.686,131.452,123.58,125.362,104.194,103.264,130.948,108.066,31.44,1013,-3.1,9343,56,18,64,490,9343,11520,92,87,5,64,253,817,114,60,64,794,67,204,881,2177,35,2309,62,650,121,408,778,255,2274,9308,-97,1013,6,90.3,16013,17736,229,48,393,822,793,124,15621,873,272,9242,1467,6294,4578,3917,389,5135,3,5138,9328,3022,1621,154,1156,3035,506,1072,-86,21.5,30.5,68.7,42.4,23.2,148460,212456,24748,64076,746,54455,329,45101,101926,10668,35865,54588,19145,157868,1669,45057,47945,77163,54126,213000,133,23,37225,85527,-3727,329681,2960,1056212,1051625,1778156,9028,3706,727,410,36672,-977,726531,40.5223357008
2011-07-25,87.0400009155,19.0060001373,22.3099998474,164.463537598,4319.82,317.145714286,879.5,94.012062075,133.4911499,64.840110775,113144,21982,243107,60822,1493882,-185103,154947,117.55,97.866,112.01,112.018,131.268,124.872,127.47,105.298,104.118,131.314,109.136,32.302,1021,-3.7,9840,50,66,163,199,9840,12098,161,145,17,163,183,498,80,65,163,1017,64,275,662,2258,35,2309,62,650,121,408,778,255,2274,9805,-16,1021,8,88.3,15660,17736,331,22,90,827,590,147,15360,874,261,9190,1385,6220,4559,3965,334,5189,2,5191,9292,3064,1542,157,1029,3073,555,1061,-102,21.6,29.6,70,43.6,23.5,151845,213478,24652,63333,1171,55231,340,44979,104208,11223,36414,55284,18872,158194,1720,45028,48711,80474,54891,216155,53,18,37453,85390,2296,331977,4324,1056240,1063055,1787318,8999,3246,769,389,37102,430,724263,40.3143434534
2011-08-01,89.6799987792,20.7280002594,27.0979999542,160.23536377,4144.76,305.492857143,862.5,71.21783638,74.032979965,63.152114865,121778,23045,250645,59222,1506662,-191553,158767,112.624,90.824,108.212,108.378,129.304,121.386,124.258,103.282,102.088,128.636,105.628,37.778,1025,2.3,9134,57,165,78,290,9134,11390,205,162,43,78,256,767,108,148,78,814,66,209,845,2256,35,2309,62,650,121,408,778,255,2274,9099,-18,1025,4,89.3,15829,17736,101,66,-57,831,419,309,15489,878,199,9146,1380,6191,4629,3998,432,5213,3,5216,9283,3076,1486,106,975,3092,539,1024,-137,21.6,29.6,67.8,42.9,23.7,152254,215179,24380,65295,1097,53481,187,46657,104227,10716,37310,53561,18901,161619,1833,44992,48569,81223,53294,215807,79,19,36197,84428,950,332927,3371,1052688,1065611,1785372,9215,3561,811,519,35953,-1149,719761,40.4153284425
2011-08-08,108.280000305,29.4419998169,40.2820007324,154.998458862,3837.32,332.494285714,871.5,66.21859932,70.083631515,71.43158531,125677,29806,235396,75145,1528978,-181231,147376,105.808,82.92,101.545,101.74,122.3925,115.675,117.76,97.515,96.4675,121.785,98.7875,55.35,1031,1,9100,49,82,117,325,9100,11127,99,96,3,117,60,517,75,68,117,874,57,256,633,2027,35,2309,62,650,121,408,778,255,2274,9065,-247,1031,6,90,15954,17736,280,15,267,847,998,436,15624,908,210,9533,1323,6367,4520,3990,320,5302,2,5304,9484,3100,1492,169,1063,3117,610,1040,49,21.1,28.3,61.1,40.9,23.4,151517,213591,23474,63506,808,54480,218,45543,101943,10859,38714,54621,18153,158970,1552,44382,49113,81525,54263,215714,141,44,36715,85285,-5121,327806,2880,1045073,1057473,1774740,9244,4185,942,384,34581,-1372,717267,40.1130163327
2011-08-15,94.9800018311,26.4659999847,36.4039993286,158.514297485,3867.3,228.468571429,879.5,87.079797735,119.414424905,50.900982855,91831,42979,218694,75756,1564480,-165473,135718,109.118,85.35,103.47,103.996,123.998,118.66,122.764,99.406,98.556,123.472,101.95,48.798,1055,-5.2,9285,70,22,116,263,9285,11245,97,63,34,116,206,561,18,29,116,807,61,300,677,1960,35,2416,67,670,105,399,745,395,2381,9250,-421,1055,24,89.1,15798,17736,218,113,106,845,995,558,15419,899,241,9324,1364,6180,4551,4022,288,5305,2,5307,9310,3115,1528,164,873,3130,618,1033,14,21.5,28.6,59.3,41.2,22.9,153966,210081,22965,62450,469,53345,169,45460,103121,11480,39365,53569,17582,156512,1667,44269,48134,82213,53177,216303,224,46,37397,85725,4233,332039,3011,1043392,1062019,1773372,9195,3872,877,422,33688,-893,711353,39.860821587
2011-08-22,104.93999939,33.449999237,37.9919998169,159.87366333,3868,189.791428571,887.5,145.72846604,201.4097748,86.84469225,94692,45084,217545,74776,1553021,-141685,131234,109.96,85.078,104.758,105.24,124.086,120.382,122.766,100.466,99.5,124.028,103.584,49.5,1066,4.2,8808,75,94,177,311,8808,11169,161,111,50,177,237,717,18,66,177,880,63,310,894,2361,35,2416,67,670,105,399,745,395,2381,8773,-20,1066,11,90.3,16022,17736,165,70,-73,823,571,409,15663,904,218,9343,1316,6254,4681,4064,399,5195,2,5197,9292,3020,1530,214,1057,3038,573,1059,51,21.2,27.8,61.1,40.6,23.1,155697,211436,21980,62020,374,54177,135,46617,104157,10564,40977,54379,18243,157056,1620,43346,48046,84774,54043,217333,202,44,38068,85369,-2213,329826,3939,1036377,1065994,1772545,9009,3603,779,388,33662,-26,706551,39.6026893658
2011-08-29,98.6600006104,30.6619995117,32.5059993744,162.940957642,3994.55,257.058571429,850,83.308061585,96.156280525,61.260598185,96209,52720,219170,75975,1465256,-150456,136340,113.474,88.072,108.7125,109.1975,127.915,126.255,129.6525,103.025,101.6,127.6475,106.3375,44.56,1069,-2.2,9607,70,105,63,216,9607,11521,176,151,25,63,154,545,39,75,63,727,81,283,608,1914,35,2416,67,670,105,399,745,395,2381,9572,-467,1069,3,89.2,15821,17736,281,72,127,838,1013,534,15444,888,165,9584,1444,6427,4707,4104,438,5243,1,5244,9568,3118,1558,114,1183,3140,592,1034,16,21.6,28.4,63.3,40.4,22.8,156060,208641,21400,61287,948,54244,118,45435,103601,10395,42064,54538,17893,154103,1807,43820,46433,86439,54126,216794,294,43,38435,83703,5281,335107,2780,1036932,1070340,1772165,9229,3572,789,424,33085,-577,701825,39.5325448822
2011-09-05,100.949998855,35.0725002289,35.8050003052,161.710521698,3910.08,237.001428571,931.5,114.536121345,123.20643615,95.24037172,104950,40519,221044,59427,1494803,-161774,152688,113.218,87.9125,108.112,108.804,127.042,125.144,127.814,102.374,101.036,125.808,105.61,46.865,1064,5.3,8537,69,134,123,106,8565,10404,152,116,35,123,165,474,15,48,123,851,70,145,597,1839,35,2416,67,670,105,399,745,395,2381,8530,-542,1064,-5,89,15777,17736,-24,99,-36,810,474,434,15450,896,216,9161,1398,6118,4547,3929,402,5107,3,5109,9083,2946,1568,169,1009,2965,560,1055,78,21.4,28.9,61.8,40.9,23,156769,208840,20166,62805,475,53846,195,45427,103645,11229,41895,54072,17082,154769,1770,43915,46062,89622,53650,217067,226,48,37631,82241,-3961,331146,4094,1028085,1066011,1762950,8956,3630,1024,421,32689,-396,696939,39.6020893071
2011-09-12,97.6399993896,31.568000412,34.6099994659,159.073040771,3829.74,230.281428571,982.5,92.341884625,125.1443863,66.084062575,117381,44926,221269,65432,1523907,-174801,165142,112.82,88.934,106.168,107.348,125,122.808,124.488,101.122,99.822,123.912,105.066,44.15,1057,-4,8542,48,83,164,175,8542,10473,154,122,32,164,190,495,4,40,164,780,79,255,659,1931,35,2416,67,670,105,399,745,395,2381,8507,-450,1057,-7,87,15421,17736,7,87,-166,800,364,437,15024,879,198,9356,1396,6258,4493,3949,346,5039,2,5041,9195,2923,1503,108,1217,2937,449,1093,161,21.1,29.1,62.7,41,23.4,158480,210780,19649,62753,698,55741,183,46169,106445,10163,41872,56011,17156,154770,1702,43817,45150,90271,55558,216381,270,50,35589,80551,-6704,324442,3378,1020381,1061390,1757329,8848,3200,898,597,32229,-460,695939,39.720799942
2011-09-19,100.140000916,32.4739994049,37.1019996643,150.851220703,3559.52,173.76,938,81.866451265,102.414279925,76.530857085,119415,50421,229695,50148,1462207,-169016,165395,107.9,83.774,105.72,106.512,123.608,121.352,123.452,100.94,99.738,122.738,103.022,49.864,1062,-6.7,8351,86,123,66,197,8351,10455,158,105,11,66,219,626,14,15,66,896,80,226,692,2104,36,2515,78,662,91,431,881,336,2479,8315,-375,1062,5,88.3,15653,17736,89,99,-147,817,250,209,15307,871,179,9078,1420,6100,4473,3928,365,5102,2,5104,9152,3041,1570,150,996,3052,519,1078,-74,20.7,31.4,60,40.7,23.9,157606,214075,18551,63675,578,55408,233,47300,106015,10011,41580,55662,17088,158413,1694,45063,46860,89778,55175,214546,254,43,35295,80373,-7336,317106,4848,1013045,1056138,1752077,8858,3628,979,356,31998,-231,695939,39.696087675
2011-09-26,103.76000061,38.0940002442,39.9220001221,143.54604187,3302.5,157.315714286,928,77.63111496,89.446163175,57.781557085,122209,48939,222199,55022,1365197,-166400,159965,104.32,81.448,101.626,102.774,120.22,116.742,119.062,98.05,97.074,119.892,98.974,52.85,1071,-7.3,9702,68,11,31,245,9702,11622,150,130,20,31,187,510,55,49,31,702,113,342,541,1920,36,2515,78,662,91,431,881,336,2479,9666,-559,1071,9,87.8,15577,17736,8,132,-99,810,205,164,15177,841,148,9279,1389,6052,4559,4078,333,5054,2,5056,9097,3026,1518,129,996,3045,513,1100,182,20.9,32,57.7,41.5,24.1,157678,214866,18148,63134,825,55411,357,47984,106589,10279,40810,55733,17358,159132,1807,45581,47190,88326,55055,212770,322,73,33750,80397,1915,319021,3074,1014974,1057250,1753203,8964,3238,998,645,30920,-1078,695953,39.8012434153
2011-10-03,107.73999939,35.9959999084,39.3100006103,140.730880737,3242.56,145.204285714,961.5,74.04436493,101.69668198,57.899328235,105979,58952,217271,62417,1380562,-139051,137686,103.168,79.706,98.054,98.946,118.038,116.552,119.074,96.446,95.564,118.228,94.272,53.656,1060,1.9,8700,59,14,79,197,8700,10816,208,146,62,79,156,426,7,51,79,921,142,333,505,2116,36,2515,78,662,91,431,881,336,2479,8664,-363,1060,-11,87.7,15559,17736,239,38,116,818,565,172,15104,863,183,9286,1470,6151,4667,4034,450,5154,2,5155,9174,3017,1619,149,996,3023,598,1060,112,20.7,33,60.4,40.6,24,156934,213729,18148,61971,777,56078,363,47871,107047,9756,40131,56226,17342,157503,1783,46435,46883,87032,55715,212812,148,73,33551,81816,-4679,314342,4986,1010295,1052618,1748571,8959,3155,933,528,30089,-831,695953,39.8357700896
2011-10-10,107.775001526,29.2960002899,31.2160003662,146.012658691,3372.5,171.658571429,901,79.58057785,119.03831485,48.18984985,97484,68391,215051,68747,1431783,-114385,108164,111.366,85.564,103.488,104.44,121.062,122.15,124.614,101.418,100.444,121.552,97.504,46.984,1070,-4.7,9086,52,71,39,154,9086,11042,117,52,65,39,101,379,86,54,39,979,91,251,418,1956,36,2515,78,662,91,431,881,336,2479,9050,-523,1070,10,84.2,14937,17736,255,19,165,818,575,137,14541,860,200,8914,1388,5831,4414,3919,294,5140,2,5142,8821,2990,1503,114,689,2990,531,1170,93,21,33.3,57.6,38.8,23.4,154005,209595,17296,61079,581,53323,345,47330,101448,13275,39281,53473,16875,156122,1931,46829,47132,89980,52978,216779,150,122,33556,83572,1233,315575,3820,1011531,1051107,1747063,9010,2743,1110,350,30621,532,695956,40.0862029242
2011-10-17,106.86000061,30.0400001526,33.0979991913,145.473098755,3269.76,118.605714286,944,112.44260405,164.06484985,67.77146149,99320,58316,212632,54939,1424634,-120565,121061,109.804,86.706,105.812,107.87,124.682,121.724,123.412,103.15,102.246,125.628,98.184,49.1,1080,1.3,7921,17,186,84,33,7921,9334,107,95,12,84,138,374,48,9,84,503,74,213,458,1413,36,2777,78,688,99,428,912,536,2741,7885,-1328,1080,10,83.1,14732,17736,175,109,159,812,758,315,14407,908,193,9313,1240,5920,4379,3876,310,5102,2,5103,8919,2999,1378,137,816,2999,484,1111,394,21,32.6,59.2,37,23.2,149739,206271,16764,57240,648,55174,314,46279,98180,13243,38317,55312,17053,150959,2135,46452,46792,89281,54860,217800,138,127,33095,84454,-4729,310846,2630,1006797,1040185,1736136,8598,2872,938,335,31092,471,695951,40.0700469129
2011-10-24,105.279998779,28.2220001221,28.2660003662,149.097735596,3479.84,103.831428571,956.5,66.995096205,60.910266875,69.525104525,115060,60852,224335,52957,1431563,-132269,144371,110.654,92.384,107.04,108.22,127.895,119.7425,121.1725,104.93,103.9325,127.6675,94.705,45.372,1079,-4.7,9373,42,117,44,362,9373,11377,147,84,64,44,110,632,45,75,44,776,82,279,675,2004,36,2777,78,688,99,428,912,536,2741,9337,-737,1079,-1,84.8,15042,17736,144,139,194,819,786,310,14660,909,186,8936,1269,5928,4403,3927,290,5151,1,5152,8939,3011,1406,137,776,3011,532,1128,-3,21.5,33,58.2,35.1,23.4,145464,204918,16559,57536,654,54760,361,46474,94586,12810,38068,54911,17291,150007,2080,46525,45343,89273,54399,218061,151,151,33934,85088,4735,315581,3696,1011532,1040885,1736836,8501,3423,1085,263,31511,419,695951,40.028424483
2011-10-31,110.179998779,29.1600006103,31.6260002136,148.65486145,3453.62,104.781428571,933.5,95.79555895,107.43227385,77.65056801,116123,67715,245037,47757,1388897,-157391,159718,110.248,93.244,105.4,106.654,127.366,114.866,116.516,105.048,103.888,126.474,94.716,44.35,1078,4.7,8954,48,204,28,348,8954,11246,122,73,49,28,153,752,32,14,28,859,87,388,781,2292,36,2777,78,688,99,428,912,536,2741,8918,-449,1078,-1,85.3,15123,17736,76,59,226,832,681,320,14693,916,247,9082,1228,6005,4653,4038,368,5215,2,5217,9068,3063,1382,154,788,3063,573,1155,14,21.8,32.3,58.6,33.6,23.8,141889,206274,16140,58552,1646,55159,325,46054,94125,9135,38629,55304,17200,150971,2061,45759,44718,88041,54834,217635,145,145,36264,86439,1826,317407,4789,1013358,1042691,1738642,8518,3125,978,200,32071,560,695951,40.3899178274
2011-11-07,109.350000381,29.1919998169,31.268000412,149.228439331,3386.5,138.37,943,74.59085846,55.912696835,95.13387681,114196,59638,234662,44446,1345024,-166279,161612,113.948,96.966,110.145,111.5525,132.47,116,117.7,109.735,108.0575,130.765,97.2175,46.012,1112,1.8,8618,74,56,136,388,8618,10637,102,74,28,136,95,614,116,52,136,718,106,226,750,2019,36,2777,78,688,99,428,912,536,2741,8582,-722,1112,34,82.6,14648,17736,50,83,257,804,719,330,14335,911,217,8815,1214,5728,4312,3849,245,5046,2,5048,8699,2971,1329,114,680,2971,508,1179,116,21.7,31.1,57.4,31.7,23.8,135869,204167,16401,58777,1061,53357,278,46989,90351,8812,36706,53510,16430,150657,2170,44643,43830,83587,53079,213862,153,153,36148,86704,-1588,315819,4411,1011770,1027130,1723081,8671,3958,1196,323,31139,-932,695951,40.5948742956
2011-11-14,109.859999084,27.5980003357,32.4739990234,147.274859619,3372.1,139.994285714,981.5,111.5840454,73.97284317,152.59898375,121152,57626,246482,42517,1366205,-172508,167042,110.388,99.266,109.642,111.228,132.352,110.266,111.974,108.264,105.946,130.588,95.75,43.726,1133,-1.4,8565,66,127,76,343,8565,10404,82,57,25,76,149,686,58,63,76,508,90,317,762,1839,36,2793,80,668,112,420,948,529,2757,8529,-918,1133,21,84.8,15036,17736,-20,93,270,821,466,123,14679,916,222,9135,1202,5993,4750,4154,373,5201,2,5203,9016,3023,1337,136,790,3023,480,1197,119,21.6,28.8,52.8,31.2,23.9,133733,205159,15639,58151,1173,53751,285,45984,87149,9104,37480,53908,17111,151250,2339,42724,45942,81480,53467,208458,157,157,36861,84068,-1056,314763,6037,1010713,1018429,1714379,8625,3376,1257,275,32029,890,695950,40.6874440581
2011-11-21,104.524999619,26.4749994278,33.3324999809,142.896274567,3228.96,160.581428571,904.5,70.70609093,46.992298125,87.384193395,120661,57782,254573,38498,1357125,-178019,173407,107.422,96.9675,106.678,108.062,127.102,106.932,108.772,103.044,100.638,126.334,93.572,50.5175,1125,-1.1,8319,78,167,37,525,8319,10830,135,77,59,37,149,918,49,11,37,987,89,295,956,2511,36,2894,80,769,112,420,948,529,2858,8283,-347,1125,-8,85.5,15170,17736,-165,187,188,815,467,257,14796,917,189,9470,1247,6251,4772,4213,369,5127,2,5129,9256,3006,1370,123,1122,3006,464,1166,214,21.1,28.5,51.6,31.3,24.4,132963,209634,16083,58592,1436,56417,322,46706,87868,8498,36597,56610,17451,153024,2260,42394,46290,80407,56095,206996,193,193,37163,83132,-6219,308544,1922,1004495,1014530,1710481,8592,3065,1177,296,32016,-13,695951,40.5060233671
2011-11-28,101,25.1459999085,29.1,145.154562378,3367.92,145.207142857,954.5,106.0168648,87.26143648,125.35152815,109525,52002,228925,39237,1295618,-177463,157346,109.854,99.904,107.548,109.096,127.146,109.502,111.102,105.33,102.83,125.248,95.924,41.782,1130,-6.2,9061,61,47,43,338,9061,11369,150,143,7,43,129,575,79,103,43,915,88,444,619,2308,36,2894,80,769,112,420,948,529,2858,9025,-550,1130,5,84.6,15002,17736,-210,176,181,793,444,297,14565,930,227,9188,1205,6000,4827,4182,418,4938,1,4940,8982,2983,1363,158,1060,2983,493,1193,206,21.4,28.5,50.4,34.9,24.2,138489,209847,16048,60035,840,55907,291,46473,91053,9012,38424,56140,17046,153707,2413,42057,46359,78657,55616,204938,233,233,37567,82524,3932,312476,4147,1008427,1022191,1718142,8769,2954,1114,459,31301,-715,695951,40.2872288018
2011-12-05,95.2400009155,24.3899997711,28.3219997406,144.483999634,3416.94,181.348571429,956.5,72.79977417,41.158597945,97.939849855,114774,42418,229006,34311,1302512,-177830,156479,109.376,100.102,107.712,109.244,127.676,111.184,113.412,104.164,102.02,125.57,98.518,39.01,1132,3.9,9436,71,83,80,314,9436,12089,198,119,43,80,271,740,29,45,80,882,120,592,820,2653,36,2894,80,769,112,420,948,529,2858,9400,-205,1132,2,87.7,15561,17736,-104,28,28,808,23,71,15247,954,213,9127,1346,6200,5032,4191,628,5180,1,5181,9046,2846,1445,99,1020,2846,533,1253,81,21.2,29.2,49.5,36.6,24.9,141022,214994,16598,60975,1193,56625,287,47330,93202,9870,37950,56871,17934,158123,2510,42151,48625,78970,56338,203507,246,218,38611,80429,1149,313625,5350,1009576,1031522,1727473,8574,2603,1274,556,31105,-196,695951,40.2405467086
2011-12-12,90.8800003052,25.6939998627,25.304000473,138.442440796,3241.92,170.221428571,954.5,104.249374395,134.65193175,82.50812339,119873,34286,232015,29280,1332544,-183841,155804,106.044,96.052,104.584,106.058,123.986,110.83,113.69,101.178,98.524,122.152,97.844,42.086,1161,1.3,8322,40,92,111,436,8322,11105,118,43,75,111,97,665,10,229,111,1194,106,562,776,2783,36,2880,73,729,67,380,1072,523,2844,8286,-61,1161,29,85.1,15097,17736,-103,47,175,821,571,452,14657,938,222,9544,1307,6252,4976,4181,573,5146,1,5147,9308,3056,1440,133,1105,3056,475,1191,236,21,30.1,48.7,37.3,25.3,141502,218818,16871,62491,1148,59887,264,48100,92753,9913,38836,60136,17058,158682,2510,41950,46943,78428,59623,203265,249,249,40057,79164,-1932,311693,6197,1007644,1033526,1729477,8666,2633,1301,450,31188,83,695951,40.6677816033
2011-12-19,91.2199996948,21.1739997864,22.2919998169,139.899160767,3259.92,212.318571429,829.333333333,113.131726597,84.8389943567,130.465110793,121319,41386,235993,35007,1346495,-176088,149303,106.786,97.796,103.734,105.576,123.36,111.238,113.388,101.792,100.016,120.898,98.994,37.63,1196,-1.9,7581,36,93,81,297,7581,9683,128,87,40,81,94,519,9,84,81,985,132,221,601,2102,36,2880,73,729,67,380,1072,523,2844,7545,-742,1196,35,84.9,15063,17736,24,122,-68,835,514,436,14604,943,225,9390,1303,6153,5008,4132,651,5260,2,5262,9247,3094,1420,118,891,3094,493,1187,143,20.4,29.5,43.2,35.9,25,139149,218406,17191,61763,893,60308,339,49573,89803,10235,39110,60618,17663,157788,2634,41457,45559,77779,59969,202012,310,282,38660,79001,-10570,301123,3075,997074,1015357,1711308,8879,2505,1580,534,30198,-990,695951,40.5942222655
2011-12-26,93.7749996185,22.875,22.8699998856,140.870700836,3261.83333333,219.048571429,677.666666667,103.252891543,98.2461064533,101.155326823,111257,42445,217798,38917,1298500,-156128,138042,108.055,99.795,105.15,107.375,124.2825,113.64,116.12,103.78,102.4525,121.4975,100.195,38.27,1201,-10.6,8990,78,43,126,88,8990,11240,166,79,87,126,190,399,39,45,126,912,194,414,525,2250,36,2880,73,729,67,380,1072,523,2844,8954,-594,1201,5,84.2,14929,17736,-14,34,82,836,624,522,14585,962,184,9402,1279,6231,4882,4149,549,5239,2,5241,9360,3128,1417,138,990,3128,473,1184,42,20.6,29.2,40.4,34.9,24.9,140354,217714,17618,61780,738,60905,355,48503,91503,9963,38888,61190,17674,156524,2434,41155,45503,76807,60550,201311,285,285,39050,77930,3899,305022,4292,1000973,1018458,1714409,8923,2482,1412,451,29909,-289,695951,40.5138519394
2012-01-02,87.2999992371,22.154999733,21.8249993324,143.384475708,3329.075,161.638571429,837,94.349395735,60.203840255,116.330970775,121805,40268,231779,39313,1325562,-163369,144588,112.9075,102.3875,108.6375,109.5475,129.11,119.185,122.31,109.3275,107.3775,125.835,102.82,38.7325,1193,3.9,9024,59,138,32,293,9024,10898,229,101,128,32,212,702,36,23,32,475,163,227,734,1874,36,2880,73,729,67,380,1072,523,2844,8988,-970,1193,-8,85,15079,17736,-312,105,82,757,97,222,14756,963,172,8936,1285,5868,4832,4280,380,4766,2,4768,8655,2787,1434,148,1100,2787,469,1191,281,21,29.5,38.6,36.6,25.1,143578,220193,18461,63711,590,60242,280,48537,96847,9708,37023,60416,17945,159776,2375,41410,46939,75453,59962,199928,174,174,36398,77001,2209,307231,3817,1003182,1021859,1717810,8556,2454,1430,695,29296,-613,695951,40.3656948637
2012-01-09,78.6599975586,21.6240001679,20.8379997254,142.516299438,3428.88,126.314285714,929,82.37253952,48.23244095,104.917545345,136873,40414,239048,38741,1373018,-172152,144468,111.934,100.444,110.474,111.856,131.362,120.174,123.504,111.68,109.226,128.294,105.206,35.938,1191,2.2,9907,58,138,28,158,9907,11710,163,97,65,28,63,416,7,101,28,831,119,239,444,1803,36,2880,73,729,67,380,1072,523,2844,9871,-1041,1191,-2,85.6,15188,17736,-201,146,-87,745,-131,12,14937,944,155,8739,1373,5880,4757,4311,291,4723,1,4724,8601,2721,1489,116,1157,2721,435,1226,138,21,29.6,37.3,39.3,25.9,147563,223803,19749,62802,727,60695,307,49624,102696,9296,35571,60872,18773,162930,2366,41520,49776,72503,60388,197409,177,177,35755,76697,1825,309056,4399,1005007,1028164,1724115,8179,3155,1405,386,29105,-191,695951,40.4140525373
2012-01-16,78.7999992371,20.6649999619,20.3100004196,141.364601135,3582.14,157.092857143,876.5,63.779006955,40.878902435,81.64709854,143391,50408,234261,32589,1388799,-195395,159348,110.96,100.0375,109.666,111.592,130.148,120.828,124.212,111.964,109.724,126.534,104.268,33.355,1191,5,8265,47,143,43,236,8265,10136,219,129,77,43,83,510,1,8,43,671,128,298,553,1871,37,2921,71,708,102,381,996,626,2884,8228,-1013,1191,0,83.7,14838,17736,-202,133,209,769,184,44,14585,941,182,8788,1307,5910,4475,3977,316,4842,1,4843,8757,2848,1420,112,1067,2848,482,1177,31,20.8,31.2,38,41.6,27,148001,227520,20128,64913,1298,62078,407,49080,106137,8556,33308,62332,19535,165188,2316,42302,49898,69975,61671,195464,254,173,34437,76811,-3438,305618,4195,1001569,1026101,1722052,7996,3090,1355,587,28273,-832,695951,40.514630246
2012-01-23,79.0800003052,21.0059997559,18.5979999542,145.198800659,3707.18,155.591428571,930,80.96719549,42.148302075,114.21822356,139888,54040,225076,31111,1381041,-203116,171226,110.534,99.438,108.736666667,110.273333333,128.616666667,121.51,125.203333333,110.636666667,108.856666667,125.663333333,105.456666667,32.372,1223,-3.4,8853,68,87,60,276,8853,11054,146,72,74,60,230,661,4,177,60,942,125,261,722,2201,37,2921,71,708,102,381,996,626,2884,8816,-683,1223,32,82.2,14584,17736,-56,175,265,774,649,266,14306,934,149,8539,1329,5598,4385,3832,404,4855,1,4856,8511,2906,1453,124,742,2913,487,1159,28,21.1,30,35.5,40.6,27.7,145545,227130,20262,64124,1863,61060,499,48696,105188,8261,32096,61457,19805,165674,2258,41384,50990,68493,60562,194985,396,236,33049,77599,3558,309176,4930,1005127,1021826,1717777,8098,3639,1535,565,28647,374,695951,40.3255591075
2012-01-30,72.8199981689,21.336000061,18.4939998627,144.705841064,3697.16,116.742857143,908.5,86.48260114,79.825984955,95.505413075,142649,56397,231325,27281,1341810,-205267,177845,111.988,97.814,109.61,110.286,129.964,123.18,125.822,110.156,108.928,126.964,108.226,31.75,1225,3.6,8880,69,77,214,507,8880,11308,192,118,75,214,177,831,7,88,213,667,120,392,1045,2428,37,2921,71,708,102,381,996,626,2884,8843,-456,1225,2,81.8,14506,17736,134,88,-22,771,470,270,14217,939,205,8562,1267,5593,4521,3888,428,4841,1,4842,8476,2883,1388,120,752,2883,458,1116,86,21.6,31.4,34.5,40,28.5,145410,230147,20692,63419,1681,61987,447,51852,105906,8665,30840,62381,20591,167766,2337,42202,50814,67715,61540,195615,394,234,33575,78360,4175,313351,6875,1009302,1029880,1725831,8018,2963,1386,394,30123,1476,695951,40.2286605456
2012-02-06,78.9,20.4200004577,18.5979999542,145.841842651,3744.46,119.32,926,105.66122434,91.83496475,117.74445345,137769,51346,230148,28879,1399874,-201460,170699,117.052,98.508,113.71,114.742,134.048,126.388,128.488,112.218,111.16,130.952,111.006,32.238,1245,4.2,8413,0,105,85,408,8413,10501,111,42,69,85,116,629,5,24,85,804,143,310,715,2088,37,2921,71,708,102,381,996,626,2884,8376,-796,1245,20,82.8,14686,17730,-114,174,82,782,338,197,14397,923,202,8626,1305,5566,4489,3865,422,4922,1,4923,8483,2918,1387,82,643,2918,502,1180,143,21.8,31.5,32,39.9,28.8,146584,231776,20634,64288,1484,62201,460,51268,106366,8792,31426,62706,21063,169070,2286,41925,52030,66969,61741,197475,505,264,34895,80007,291,313642,3075,1009593,1034037,1729988,8039,2989,1551,242,30490,367,695951,40.3211901614
2012-02-13,79.2,19.0819999695,19.3440002441,145.174118042,3623.38,119.552857143,931.5,65.10440254,64.649618145,78.974969885,136693,46298,232568,26859,1484546,-201157,168885,118.942,101.802,116.254,117.38,134.59,129.35,131.338,112.68,111.148,131.92,115.086,33.766,1263,0.3,8756,27,91,33,231,8756,10610,132,52,79,33,165,515,87,59,33,773,137,178,548,1854,37,3096,92,763,104,420,1124,556,3059,8719,-1205,1263,18,84,14895,17730,-21,154,67,797,475,274,14719,928,235,8788,1266,5687,4393,3750,409,5032,1,5033,8669,2968,1379,112,654,2982,554,1173,119,21.8,31,32.5,38.7,28.7,143717,232176,21281,63987,1640,62880,407,52269,104366,8854,30497,63389,21493,168787,2160,42086,50890,67715,62474,198416,509,268,32269,79761,-171,313471,3894,1009422,1030067,1726018,8167,3399,1240,687,32480,1990,695951,40.2453636506
2012-02-20,78.75,19.6375002861,17.6224999428,148.487998962,3671.28,111.924285714,886,147.11133575,98.24275591,185.65784455,143880,46667,254964,21075,1486350,-231813,204752,122.74,107.43,119.376,120.494,136.26,131.17,133.174,113.838,111.974,135.216,117.264,33.84,1272,-0.2,9091,7,126,52,538,9091,11187,122,50,72,52,122,793,28,45,52,641,129,330,845,2096,37,3156,92,763,104,420,1124,616,3119,9054,-1023,1272,9,85.5,15157,17730,-40,151,37,813,399,251,14889,919,223,8975,1345,5656,4296,3752,322,5187,1,5188,8637,2981,1443,98,468,2981,562,1201,338,21.6,33.7,31.9,40.1,28.2,143509,231527,21992,64520,1860,61364,568,53464,104138,8979,30392,61869,21540,169658,1930,43237,49814,66643,60797,199494,505,265,34024,81511,1633,315104,4950,1011055,1033319,1729270,8628,3401,1448,221,32165,-315,695951,40.2328466512
2012-02-27,75.6000015259,20.1220001221,17.8260002136,148.410638428,3736.72,77.2614285714,919,106.66457747,73.068580625,128.7478218,151314,43419,275568,16406,1441526,-261678,228180,123.646,107.544,121.256,121.766,136.516,132.748,134.696,114.346,112.336,135.682,120.222,33.254,1265,1.6,9187,7,46,28,396,9187,10879,217,123,63,28,121,570,52,12,28,542,135,147,599,1692,37,3156,92,763,104,420,1124,616,3119,9150,-1427,1265,-7,83.6,14826,17730,84,171,154,823,608,198,14607,896,172,8850,1314,5786,4284,3588,524,5200,1,5202,8784,2998,1414,100,584,2998,556,1173,66,21.8,31.5,31.4,39.7,27.7,141440,229927,22683,64080,1816,60651,450,53509,101997,8176,31268,61159,22002,168768,2032,42528,49362,64939,60201,200714,508,268,34082,83723,4160,319264,4120,1015215,1033857,1729808,8363,3125,1345,275,33813,1648,695951,40.2654583093
2012-03-05,75.1399993896,19.4959999084,18.6100002289,144.732098389,3624.3,83.0742857143,974,121.58242035,113.84503556,115.55366135,164578,37776,284800,12768,1517833,-291550,254559,124.264,106.312,122.08,122.712,136.62,133.258,135.18,114.708,112.944,135.078,119.004,32.83,1293,4.2,8712,56,150,127,151,8712,10504,171,45,87,127,93,449,34,85,127,724,127,160,576,1792,37,3156,92,763,104,420,1124,616,3119,8675,-1327,1293,28,83.9,14868,17730,-130,118,139,800,434,307,14589,906,220,8589,1247,5671,4220,3554,446,5060,2,5061,8613,2942,1346,100,610,2942,568,1209,-24,21.8,29.2,32.7,38.9,27.5,139496,229531,23518,64786,2243,59437,363,54273,100417,8507,30572,60024,22070,169507,2038,40761,48205,66460,59074,202800,587,275,34188,83702,848,320112,4021,1016063,1032456,1728407,8262,3248,1289,293,36178,2365,695951,40.369230448
2012-03-12,80.3400009155,19.5019996643,15.1280002594,145.459399414,3679.44,96.1271428571,936.5,68.69252396,85.047008515,55.53875351,173840,41470,276600,24382,1584849,-273620,236952,125.178,106.13,123.594,123.952,138.89,135.404,137.644,115.186,113.222,136.906,120.508,29.376,1296,0.8,8716,72,54,17,364,8716,10487,141,89,52,17,26,516,4,56,17,696,123,261,532,1771,37,3156,92,763,104,420,1124,616,3119,8679,-1348,1296,3,82.7,14657,17730,-43,69,121,818,501,354,14463,892,214,8821,1211,5717,4146,3559,373,5139,2,5140,8737,3020,1339,128,577,3020,528,1190,84,22,30,30.8,37.5,27.1,134814,228121,23870,64126,1621,58083,271,55455,97034,8089,29690,58670,22043,169451,2019,40945,48249,66677,57812,202794,587,275,35247,83317,1750,321862,6113,1017813,1028013,1723964,8415,3485,1396,218,38697,2519,695951,40.3331076993
2012-03-19,89.6800003052,18.2200000763,15.2279998779,144.432821655,3623.02,85.8914285714,924.5,98.95958329,142.61431885,59.477214815,182359,42160,286494,28088,1579060,-278617,243174,124.46,106.638,122.874,123.21,138.73,134.326,136.792,115.468,113.448,136.718,119.018,27.466,1317,1.8,8224,25,128,83,262,8224,10053,174,111,62,83,133,549,3,39,83,642,103,275,632,1829,38,2734,93,752,129,386,956,380,2696,8186,-867,1317,21,82.2,14572,17730,91,93,50,804,568,334,14363,893,186,8762,1288,5617,4251,3667,399,5108,2,5109,8577,2959,1368,80,508,2959,531,1230,185,22.1,29.5,33.2,38.3,27.2,136577,226907,25025,61829,1592,58707,395,55119,98086,8772,29719,59269,22713,167638,1910,40845,49098,68453,58312,204229,563,276,34856,82840,-1162,320700,2370,1016651,1029557,1725508,8379,3183,1126,476,38521,-176,695951,40.1859191559
2012-03-26,79.4999984741,18.0920001984,15.2600000381,142.508938599,3588.26,107.868571429,893,109.7200012,102.449157715,103.1994171,182809,43231,273731,25904,1558284,-269549,234592,124.124,105.114,122.018,122.288,138.616,135.466,137.572,115.298,113.342,136.67,118.068,28.278,1313,-1.2,9269,30,47,56,316,9269,11039,165,103,44,56,115,508,7,12,56,663,155,197,564,1770,38,2734,93,752,129,386,956,380,2696,9231,-926,1313,-4,84.5,14635,17315,88,99,255,807,702,260,14451,889,185,8756,1243,5759,4285,3635,464,5182,2,5183,8659,2900,1407,163,576,2900,531,1252,97,22.7,31,35.3,38.3,26.5,135866,223370,25846,61670,1023,56762,373,54977,97173,8529,30164,57320,22628,166051,1809,41225,48380,69965,56389,206808,558,271,34469,82618,7102,327802,2419,1023753,1035877,1731828,8710,3096,1138,397,39564,1043,695951,39.9010087181
2012-04-02,81.3399993896,18.0124998093,16.1100003719,142.471302032,3596.75,91.3571428571,905.666666667,113.21994528,108.54277293,112.387067167,191655,40772,265914,24547,1562147,-263949,229452,124.015,103.505,121.17,121.535,137.7725,135.87,139.0175,114.565,112.98,136.115,117.145,28.2925,1318,7.1,9774,50,161,182,356,9774,11812,224,206,18,182,136,703,55,21,182,504,73,288,885,2038,38,2734,93,752,129,386,956,380,2696,9736,-658,1318,5,85.7,14835,17315,118,83,235,816,679,243,14750,873,152,8973,1287,5763,4332,3759,421,5210,2,5212,8720,2957,1432,145,551,2957,627,1217,253,23.2,30.2,38.4,38.2,25.9,135885,221913,25297,60221,1341,56698,280,54887,96862,8338,30685,57261,22553,164651,1962,40230,48203,72943,56419,210567,563,276,35501,83965,9009,336811,3999,1032762,1048243,1744194,8783,2880,1008,382,40293,729,695951,39.9962414679
2012-04-09,74.7399993896,19.25,19.1939998627,140.1972229,3483.7,88.0914285714,884.5,114.44750595,86.218063355,135.7825775,186740,47666,244503,27816,1569070,-245382,215557,121.254,102.53,118.314,118.384,135.052,132.208,135.386,112.706,111.158,133.056,115.6,30.234,1329,9.009,8522,45,53,24,583,8522,10350,64,59,6,24,0,681,11,61,24,704,63,280,705,1828,38,2734,93,752,129,386,956,380,2696,8484,-868,1329,11,83.8,14508,17315,51,80,475,824,1010,405,14355,896,175,8912,1266,5610,4253,3700,378,5259,2,5260,8619,2993,1376,110,350,3009,539,1190,293,23.4,28.4,42.2,36.8,25.2,131885,217636,25924,60369,1188,55790,229,52399,94745,8457,28682,56389,21772,161248,1890,39282,47292,74944,55560,213847,599,261,34849,84569,2566,339377,3433,1035328,1044090,1740041,8681,3406,1030,526,40585,292,695951,40.047450363
2012-04-16,72.5800003052,17.6840000153,18.4899997711,137.918301392,3462.24,75.6871428571,900.5,109.0630722,86.29746626,115.154647815,173285,50946,227969,36142,1563132,-225118,197582,118.438,103.024,115.568,115.608,133.692,129.718,133.368,111.242,109.958,132.262,114.38,28.458,1322,2.791,8718,54,4,15,292,8718,10392,119,99,20,15,61,412,98,55,15,728,64,217,427,1674,39,2726,94,741,118,378,944,412,2687,8679,-1013,1322,-7,84.6,14651,17315,-128,107,361,840,656,316,14454,884,194,8915,1256,5866,4426,3854,378,5394,2,5396,8882,2999,1395,139,470,3016,550,1228,33,23.7,27.8,43.9,34.1,24.5,128977,213965,25884,59604,641,54110,192,52185,92741,8415,27821,54591,21968,159374,1785,39226,46944,75867,53918,214636,481,259,33528,84729,3856,343233,4950,1039184,1041865,1737816,8775,3040,1047,578,41177,592,695951,40.0478882171
2012-04-23,68.5399993896,17.1500003815,17.2899997711,139.009280396,3516.98,115.724285714,898,88.936611175,69.44362259,99.54627228,170183,47299,224120,24816,1570513,-231621,213555,119.148,104.052,115.26,115.288,134.148,128.844,132.812,111.486,110.124,132.28,111.868,25.532,1337,3.856,8766,53,166,77,238,8766,10625,107,94,13,77,85,542,11,88,77,847,57,206,620,1859,39,2726,94,741,118,378,944,412,2687,8727,-828,1337,15,84.7,14661,17315,-278,148,555,800,671,246,14477,865,212,8789,1361,5677,4197,3761,225,5105,2,5107,8576,2883,1455,94,569,2899,538,1251,213,23.9,27.8,46.1,32.8,24.4,125925,211730,26339,59949,750,53781,160,50359,90285,8685,26955,54299,21852,157432,1927,39551,46374,77896,53622,214785,517,261,33352,82402,3978,347211,3643,1043162,1041846,1737797,8496,3716,1032,391,41751,574,695951,40.0040121791
2012-04-30,63.2199996948,16.7439998627,17.4699996948,139.50949707,3541.04,108.347142857,875.5,68.71549988,61.60968208,75.587200165,170084,56168,218838,22412,1539257,-232482,212386,117.318,103.456,115.36,115.4225,133.3875,127.1425,131.3725,110.7675,109.4925,131.6475,108.495,26.51,1328,3.978,8822,57,148,126,255,8822,10631,91,86,5,126,188,648,10,21,126,740,66,127,774,1809,39,2726,94,741,118,378,944,412,2687,8783,-878,1328,-9,86,14883,17315,-224,118,317,810,514,303,14707,894,117,8786,1282,5623,4131,3720,294,5215,2,5217,8554,2907,1432,150,406,2932,519,1202,232,24.1,28.9,47.2,32.4,24.2,124022,209721,25813,61320,227,52728,171,49758,88312,9183,26527,52952,22222,156769,1765,39707,45464,79725,52556,216932,224,137,32590,83555,2840,350051,4275,1046002,1043752,1739703,8692,3602,998,377,42964,1213,695951,39.931228534
2012-05-07,58.4400001526,18.0679996491,19.3579998016,136.052041626,3441.3,135.905714286,907,97.41615676,93.443817125,92.97374723,184524,57443,241141,21324,1602007,-251463,226643,112.816,96.994,108.986,109.056,127.234,121.228,124.388,104.986,103.914,125.76,101.922,28.96,1355,2.84,8967,39,59,32,380,8967,10610,47,42,5,32,96,575,5,22,32,677,120,188,607,1643,39,2726,94,741,118,378,944,412,2687,8928,-1044,1355,27,86.4,14965,17312,-185,42,476,824,656,324,14742,897,113,9087,1222,5816,4390,3917,360,5287,2,5289,8787,2963,1369,147,527,2972,532,1236,300,24.3,29.2,51.6,31.5,23.8,120771,207108,26039,61557,256,51655,193,48613,87431,8225,25115,51852,21374,155256,1773,39346,44830,82026,51461,219543,197,137,32418,83590,5289,355340,5319,1051291,1046923,1742874,8864,3204,879,367,44127,1163,695951,39.8655359944
2012-05-14,69.2399993896,21.7760002136,23.1400001526,134.47381897,3326.54,127.17,890.5,119.902355195,66.570013045,153.05812455,161231,57458,197554,49562,1590926,-204021,183960,110.03,93.122,107.194,107.192,124.554,117.344,120.794,103.072,101.552,122.892,98.74,32.074,1372,3.652,8881,57,68,39,363,8881,11177,81,64,16,39,148,637,36,35,39,1102,142,224,675,2296,39,2891,84,752,124,413,1068,411,2852,8842,-556,1372,17,88.3,15279,17312,-118,20,511,842,728,315,15044,904,115,9098,1255,5854,4497,4043,340,5416,2,5418,8888,3019,1338,84,436,3034,505,1153,210,24.2,28.4,55,32.1,23.3,119802,204311,25854,61589,344,49923,411,47077,86450,7984,25368,50138,20630,154173,1843,38390,45163,84536,49512,223763,216,140,32706,85376,2128,357468,5218,1053419,1049795,1745746,8971,3764,928,275,45127,1000,695951,39.8414131416
2012-05-21,71.5799987793,21.1120006561,22.0240001678,133.505740356,3302.24,123.332857143,920.5,98.826732635,96.324577325,90.648197175,152265,54640,187144,47962,1539151,-199182,184463,107.232,91.13,104.08,104.154,121.812,114.496,117.866,101.59,99.348,120.274,93.502,30.194,1382,2.128,8583,32,60,83,302,8583,10514,124,108,16,83,99,492,93,46,83,802,99,238,575,1931,39,2891,84,752,124,413,1068,411,2852,8544,-921,1382,10,88.1,15255,17312,-46,44,654,841,920,268,14987,919,140,8945,1322,5946,4508,3986,382,5384,2,5386,9007,3045,1451,130,560,3060,474,1201,-62,24.1,27.5,56.8,32.4,22.9,119493,201012,25857,59954,481,49898,356,45061,86352,7943,25198,50028,21398,150985,1768,38280,45489,87503,49542,226331,130,25,31989,85008,883,358351,4590,1054302,1050852,1746803,8633,3571,994,401,46795,1668,695951,39.7164525004
2012-05-28,74.2250003815,23.3974995613,23.9724998474,128.93655014,3251.48,157.154285714,863.5,79.49537277,69.779067995,76.9745636,146833,55625,184013,47262,1442523,-189437,184071,103.512,87.085,102.626,102.692,119.228,112.912,116.578,99.664,97.156,117.948,91.456,35.115,1383,0.883,9056,99,66,63,386,9056,10890,71,68,3,63,183,733,56,22,63,611,63,226,796,1834,39,2891,84,752,124,413,1068,411,2852,9017,-1018,1383,1,89.1,15424,17312,-140,73,270,857,577,374,15169,902,121,9153,1323,5906,4613,4137,355,5480,2,5482,9023,3104,1473,150,425,3117,513,1206,130,24.1,27.7,60,31.3,22.6,117784,200179,26348,61600,255,49006,274,44319,85033,7972,24779,49143,21508,151037,1799,38813,44863,90233,48732,230184,137,23,31669,85569,2213,360564,5520,1056515,1056348,1752299,8931,2879,909,372,46849,54,695951,39.6004511128
2012-06-04,85.3799987793,23.4880001068,23.1819999695,128.540139771,3210.56666667,139.258571429,832.5,80.118865965,74.07245064,78.16276932,141360,60402,183559,46975,1440107,-183417,178885,99.546,84.442,96.458,96.344,113.516,105.976,109.546,92.1,89.972,111.508,83.11,37.06,1386,2.213,8957,41,59,106,375,8957,10917,98,98,0,106,254,729,3,54,106,764,67,181,836,1960,39,2891,84,752,124,413,1068,411,2852,8918,-892,1386,3,91,15675,17230,-336,98,175,816,210,274,15468,904,149,9056,1455,5899,4671,4163,358,5253,1,5254,8825,2908,1606,151,645,2926,540,1238,231,23.7,28.2,62.8,33.1,23.1,120037,203525,26178,63122,424,49751,244,44876,87339,7674,25023,49862,21188,153663,1749,39837,45241,91668,49507,229156,111,29,31022,84198,-1763,358801,4256,1054752,1061481,1757432,8648,3562,857,400,47775,926,695951,39.5744199324
2012-06-11,90.2400009155,23.2180000305,22.5420001984,128.298800659,3215.02,161.21,892.5,73.699150085,75.46648407,72.478157045,130361,72610,184477,51428,1456604,-153662,146837,97.382,83.316,96.032,96.558,113.416,103.246,106.34,94.302,92.412,111.846,81.066,38.66,1414,-0.111,9117,132,194,27,243,9117,11329,65,48,17,27,89,657,57,57,27,990,68,348,684,2212,39,2935,80,787,149,395,1107,378,2896,9078,-684,1414,28,92,15849,17230,-207,169,402,866,708,344,15620,920,84,9551,1412,6116,4718,4324,310,5510,2,5512,9210,3079,1577,165,604,3095,527,1257,341,23.4,26.7,59.9,33,22.8,119974,201801,25418,63538,426,50278,247,43137,87791,7413,24770,50351,20666,151451,1771,39202,44350,95231,50031,231447,73,26,32696,83813,-191,358610,5605,1054561,1062637,1758588,9130,3575,1129,241,47395,-380,695951,39.3266198368
2012-06-18,79.8799972534,20.4779998779,18.4259998322,129.618119812,3193.78,160.771428571,898.5,91.81357193,103.49607466,66.365774155,127228,75191,182187,51679,1458395,-137290,130858,92.942,81.412,92.882,92.834,110.92,97.438,100.3,91.066,89.428,109.36,78.362,35.044,1405,-0.191,9445,71,66,95,507,9445,11865,67,34,33,95,250,893,4,24,95,1017,76,267,988,2420,39,2935,80,787,149,395,1107,378,2896,9406,-476,1405,-9,91.9,15839,17230,-145,76,293,839,653,429,15608,900,90,9022,1511,5874,4710,4099,522,5362,2,5364,8937,3042,1609,98,510,3063,568,1271,85,23.4,26.5,61,33.6,22.9,121130,202744,25407,64221,230,50606,241,44005,88000,7179,25951,50674,21185,152071,1875,39204,43615,97596,50364,234213,68,25,34215,84269,2861,361471,4156,1057422,1073718,1769669,8693,3635,1010,223,47755,360,695951,39.2689923522
2012-06-25,71.4999984741,20.195999527,19.2679996491,131.94079895,3156.54,189.018571429,904.5,104.9833374,120.84828566,87.29693602,125555,73443,179471,56656,1432126,-127834,123908,93.338,80.286,91.344,91.44,109.424,96.538,99.842,89.172,87.472,107.8,79.33,34.858,1421,2.861,9118,75,186,76,256,9118,11196,90,90,0,76,180,697,4,18,76,855,66,244,773,2078,39,2935,80,787,149,395,1107,378,2896,9079,-818,1421,16,92.6,15951,17230,-129,107,210,856,510,323,15645,883,134,9280,1444,6086,4518,3970,414,5485,3,5488,9176,3071,1577,132,598,3090,528,1312,104,23.2,25.2,61.9,33,23.2,118851,204822,25024,63319,304,51510,282,45123,86322,7008,25521,51600,20757,153221,1761,38628,44476,99707,51228,235659,90,29,34884,84250,-133,361338,2994,1057289,1076315,1772266,8846,3558,969,281,47416,-339,695951,39.359492272
2012-07-02,70.5250015259,20.7424998284,17,137.991802216,3261.4,156.407142857,829.5,70.03225708,59.978689195,76.604103085,120655,79240,181520,57503,1432162,-121874,112833,99.336,85.77,96.346,96.662,115.796,103.76,107.094,93.608,91.976,114.138,86.938,37.1225,1421,-0.133,8774,51,180,59,393,8774,11068,81,81,0,59,140,764,0,58,59,1018,71,279,823,2294,39,2935,80,761,149,395,1107,404,2896,8735,-602,1421,0,92,15850,17230,-237,65,312,860,566,426,15631,857,232,9388,1458,6029,4725,4120,373,5537,2,5540,9137,3092,1557,99,489,3108,622,1269,251,22.9,23.8,59.6,31.7,23,117800,204973,25044,64325,130,51822,338,45424,85187,6972,25641,51894,20293,153079,1758,37818,43200,101695,51484,237064,72,24,34991,83799,-4270,357068,5076,1053019,1072240,1768191,9001,3599,1069,491,47641,225,695951,39.2973744569
2012-07-09,63.4400001526,19.2740001678,17.9439998627,138.931381226,3208,213.041428571,851.5,102.66870115,82.97639082,114.02347564,121567,56132,190812,55801,1432999,-133961,131583,100.398,85.778,96.866,96.944,117.176,106.892,110.192,93.14,91.292,114.924,89.78,35.85,1419,-4.27,8626,69,146,11,477,8626,10787,91,91,0,11,216,908,3,152,11,830,68,232,919,2161,39,2935,80,761,149,395,1107,404,2896,8587,-735,1419,-2,92.7,15972,17230,-160,103,186,854,419,290,15774,821,174,9318,1527,6167,4705,4240,291,5536,2,5539,9173,2993,1684,157,629,3005,514,1295,145,22.5,25.2,61.2,33.5,23.4,120912,207725,25269,65588,536,51853,339,46141,88062,7254,25596,51952,19532,155773,1640,38858,43507,103305,51514,237081,99,53,35531,82299,-4855,352213,3745,1048164,1075035,1770986,8917,3563,1078,274,46782,-859,695951,39.2656690077
2012-07-16,62.2799995422,17.3580001831,16.2940000534,143.71027832,3236.52,191.815714286,820,161.10047915,166.9257355,194.0066223,121677,61673,184539,56447,1413415,-142500,138572,105.468,90.324,101.338,101.632,121.69,114.012,117.142,97.444,95.496,119.854,95.126,35.274,1427,-4.696,8937,147,68,39,357,8937,10658,84,72,12,39,24,596,2,14,39,687,136,159,635,1721,39,2935,80,761,149,395,1107,404,2896,8898,-1175,1427,8,92,15845,17230,-84,49,349,830,509,195,15538,802,229,8894,1411,5743,4763,4217,316,5381,2,5383,8713,2954,1578,166,360,2970,516,1300,181,22.5,24.5,62,34.6,23.3,123531,205910,24898,64254,245,51134,300,45708,90732,6894,25905,51261,19556,154649,1711,38176,44442,105111,50834,237420,127,35,35723,81027,-809,351404,2428,1047355,1076465,1772416,8628,3688,1064,253,46282,-500,695951,39.0425268128
2012-07-23,63.9799987793,19.2120002747,18.5320003509,142.924517822,3157.48,132.394285714,900,88.500881205,132.02903746,52.789440155,131836,53154,189772,56607,1403473,-166176,172779,104.558,89.026,100.568,101.088,121.166,113.866,116.906,96.968,95.3,119.736,91.9,35.09,1414,-0.809,9633,99,164,10,435,9633,12213,162,150,12,10,312,1010,52,137,10,1078,63,152,1020,2580,40,2846,90,742,108,440,1083,343,2806,9593,-226,1414,-13,93,16017,17230,-123,64,328,842,502,233,15796,796,158,9264,1391,5965,4647,4173,316,5433,2,5435,9031,3047,1497,106,529,3066,475,1336,233,22.6,26.8,61.1,35.9,23.9,125239,210044,25025,65345,459,53051,353,46025,92440,6405,26395,53160,19005,156885,1592,39542,45056,105814,52698,237132,109,34,35494,79924,2717,354121,3147,1050072,1086595,1782546,8660,4342,1109,220,46485,203,695951,39.20133925
2012-07-30,70.7200012207,18.5299999237,17.8260000229,143.365863037,3154.34,173.13,901,69.67179871,79.88389015,55.36161423,130964,53454,190320,49684,1389039,-189865,190693,106.384,89.056,101.9,102.212,122.86,117.072,120.748,98.7,96.69,121.242,94.976,33.686,1416,2.717,8406,66,80,107,202,8406,10129,62,62,0,107,184,532,59,94,107,516,68,370,638,1723,40,2846,90,742,108,440,1083,343,2806,8366,-1083,1416,2,92.2,15885,17230,-300,92,167,841,407,448,15571,809,121,8977,1556,5700,4628,4254,253,5377,2,5379,8740,3021,1686,130,321,3040,497,1293,237,22.2,27.9,62.8,35.9,23.7,124265,207870,23671,66001,445,52493,245,45635,91852,6620,25794,52608,19401,155262,1520,40612,43181,108589,52248,238092,115,40,34070,79430,-6522,347599,4326,1043549,1079372,1775322,8820,3405,1047,630,45100,-1385,695950,39.2254226054
2012-08-06,72.5199981689,16.286000061,15.4559997559,143.721002197,3183.88,135.128571429,934,99.904354115,106.24775315,83.674531945,131597,45532,188741,51707,1395758,-178374,174397,111.972,93.09,106.41,106.635,128.1625,123.7475,127.6575,101.6225,99.6,126.79,100.17,31.402,1429,-6.522,8627,19,79,71,232,8627,10563,71,46,13,71,55,386,33,13,71,888,89,323,457,1936,40,2846,90,742,108,440,1083,343,2806,8587,-870,1429,13,92.6,15949,17230,-27,102,142,855,533,316,15607,817,160,9250,1587,5810,4699,4259,280,5460,2,5462,8899,3076,1692,105,348,3089,481,1281,351,22,26.6,61.9,34.4,23.6,123541,206069,22812,62135,282,53430,395,45732,90940,5897,26704,53578,18651,152491,1552,40259,44342,112148,53034,242672,148,38,35210,80706,-3775,343824,4254,1039774,1078282,1774232,8839,3253,1177,201,44298,-802,695950,39.3269855621
2012-08-13,71.8399993896,14.9659999847,14.1840000153,142.320162964,3135.12,152.248571429,809,106.69428255,106.36586765,98.014926915,139298,48339,206646,42660,1449617,-204212,204499,114.898,94.42,109.9,110.168,131.908,127.498,130.85,104.078,102.104,130.816,103.408,30.678,1432,-3.729,8717,70,81,25,370,8717,11129,110,105,5,25,241,763,57,220,25,968,86,311,788,2412,40,2866,108,771,117,388,1113,329,2826,8677,-414,1432,3,92.6,15955,17230,-96,118,427,847,597,149,15711,819,161,9357,1475,5986,4669,4147,362,5420,2,5422,9069,3065,1637,162,563,3083,486,1287,288,21.7,27.5,62,34.1,22.9,124218,203698,21831,62614,164,51674,188,45598,90491,6174,27553,51794,18447,151904,1625,40890,43528,112518,51486,242878,120,34,34417,80555,-3699,340125,3671,1036075,1073700,1769650,9308,4013,1117,522,45197,899,695950,39.3938793589
2012-08-20,67.7800003052,16.6079999924,15.0580001831,145.47303772,3215.14,135.941428571,803,72.546188355,84.586956015,57.93141174,140850,44236,193139,40917,1469908,-197616,193382,114.37,96.466,111.9875,112.28,134.025,125.8675,128.4725,105.7975,103.7075,132.505,105.25,31.196,1425,-3.699,8207,25,215,8,417,8207,10099,82,82,0,8,112,769,33,130,8,709,81,142,777,1892,40,2866,108,771,117,388,1113,329,2826,8167,-934,1425,-7,91.2,15711,17230,-126,159,237,840,513,243,15438,823,194,9321,1493,5983,4734,4129,411,5416,2,5418,9019,3017,1599,106,566,3036,446,1254,302,21.5,27.6,66.2,34.1,22.5,125210,202736,21611,61854,483,51086,150,46082,90487,6288,28435,51230,18493,151506,1786,41840,43087,113855,50937,242250,144,32,34511,79761,-5412,334713,3369,1030663,1070695,1766645,9081,3585,944,187,45242,45,695950,39.2901964482
2012-08-27,66.4400009155,16.9939998626,17.0399997711,145.078399658,3224.725,146.34,884,71.4978714,43.603618625,88.88461685,149146,42075,215131,35605,1470157,-231708,230415,112.92,95.676,110.38,110.856,133.726,121.932,125.234,105.67,103.57,132.866,106.644,32.484,1408,-5.412,9495,62,35,57,396,9495,11605,134,114,21,57,141,633,105,37,57,759,99,302,690,2110,40,2866,108,771,117,388,1113,329,2826,9455,-716,1408,-17,91.2,15717,17230,-87,160,131,845,516,312,15380,819,170,9183,1462,6001,4667,4178,319,5440,2,5442,9063,3055,1551,89,558,3062,462,1292,120,21.8,29.1,65,34.8,22.2,126083,201227,21302,60825,434,50083,166,46068,91556,6435,28092,50162,18494,151065,1737,43158,43738,114464,49917,242537,79,38,33709,79904,3778,338491,2500,1034441,1075357,1771307,9064,3467,1172,491,44821,-421,695950,39.5045680438
2012-09-03,68.75,18.2249999047,16.4249999523,146.368797302,3296.52,139.434285714,920,76.53665161,89.935482025,60.17783928,151024,43139,220946,28475,1511314,-253179,249262,114.158,95.6525,112.13,112.424,134.144,120.484,124.14,106.996,104.498,134.692,109.304,33.5225,1419,3.778,8035,67,205,9,411,8035,10351,135,92,43,9,272,955,95,176,9,800,60,227,964,2316,40,2866,108,771,117,388,1113,329,2826,7995,-510,1419,11,86.1,14829,17230,-38,274,287,841,728,205,14608,829,59,9276,1363,5941,4341,3998,284,5390,2,5392,9005,3051,1459,97,549,3064,459,1203,271,21.7,30.2,68.1,36.5,21.7,127076,198893,20519,60595,366,48503,176,46103,92238,6094,28744,48613,18732,150280,1684,43031,43216,116037,48328,241324,110,36,33128,78061,-7426,331065,3260,1027015,1065745,1761695,9177,3672,1026,381,44915,94,695950,39.40821054
2012-09-10,67.9400009155,19.1440002441,15.4100002289,149.703536987,3482.62,141.134285714,895.5,77.78678894,55.820030215,85.68616104,153874,43399,221541,27917,1531823,-249252,238592,115.946,97.606,113.806,113.884,134.356,124.862,128.552,107.81,105.536,135.18,109.884,33.09,1409,-7.426,8565,60,142,123,230,8565,10794,144,128,17,123,244,676,73,159,123,831,119,175,799,2229,40,2866,108,771,117,388,1113,329,2826,8525,-597,1409,-10,84.7,14594,17230,-74,83,208,788,485,268,14321,816,40,8951,1300,5653,4449,4084,325,5036,2,5038,8511,2845,1448,148,615,2858,489,1251,440,22.3,29.2,66.6,37.8,22.2,128552,197716,20768,59982,572,48888,286,44792,94273,5442,28837,48965,18953,148750,1625,42052,43405,116087,48602,242441,77,25,33632,78961,1409,332474,3203,1027424,1068515,1763465,8695,3054,1225,204,44087,-828,694950,39.1551151099
2012-09-17,60.2,17.6080001831,14.1399999618,147.422921753,3569.1,156.807142857,863,75.40648651,71.681060795,74.530879975,159245,43767,228599,25275,1585806,-259688,248665,111.092,93.73,110.226,110.298,131.964,121.38,125.346,104.304,102.298,130.936,103.98,34.964,1413,1.994,9848,10,6,71,215,9848,12017,159,132,26,71,156,387,142,74,71,1086,89,177,458,2169,41,2913,97,844,118,355,1084,374,2872,9807,-703,1413,4,88.9,15312,17230,-297,109,195,809,358,352,14916,834,88,9118,1344,5740,4564,4195,281,5133,2,5135,8742,2970,1491,147,605,3002,459,1266,376,23,30.3,66.2,37.3,22.1,128230,196309,19826,58747,321,50096,307,45269,94414,5417,28399,50248,19325,146061,1612,43389,41724,116290,49789,244413,152,30,33226,81261,8534,341008,4049,1035960,1079917,1774869,8632,3285,1048,339,43813,-274,694952,39.2140399345
2012-09-24,59.0300003052,16.7540000916,15.3919998169,146.837722778,3531.74,150.342857143,917,82.45316696,73.14608383,100.822967535,154617,46653,240933,26286,1607540,-278613,267151,110.94,91.464,108.614,108.646,130.136,122.262,125.864,102.122,100.28,129.534,104.056,33.842,1402,8.534,7595,62,121,9,224,7595,9642,108,108,0,9,76,482,35,82,9,884,125,332,491,2047,41,2913,97,844,118,355,1084,374,2872,7554,-825,1402,-11,87.4,15053,17230,-451,42,411,819,323,322,14624,809,21,8930,1349,5888,4611,4214,376,5248,2,5250,8903,3004,1476,127,638,3015,481,1276,27,23.2,30.9,65.4,36.8,22.2,127748,195828,18778,62904,301,48737,284,42762,94849,5266,27633,48811,19259,147016,1512,43972,41049,114841,48453,242463,74,28,35128,81933,-2446,338562,4505,1033514,1077250,1772202,8770,3080,1244,186,43730,-83,694952,39.2679052827
2012-10-01,59.8400009155,16.5960000992,15.2680000305,148.428820801,3574.04,154.362857143,937.5,84.65479279,119.68867495,70.39311218,145473,38346,216315,38553,1555863,-244731,231297,111.306,90.82,108.53,108.528,130.514,122.604,126.346,101.362,99.712,130.042,104.26,33.34,1410,-2.446,8106,61,122,30,223,8106,10097,58,52,6,30,137,543,113,229,30,844,77,327,573,1991,41,2913,97,844,118,355,1084,374,2872,8065,-881,1410,8,88.2,15202,17230,-110,106,154,821,250,100,14846,785,109,9107,1434,5689,4591,4168,313,5189,2,5191,8737,3034,1535,102,499,3047,504,1223,370,23,31,67,33.6,22.6,124059,195942,18437,61020,260,49651,319,43889,91130,5545,27384,49720,18808,146222,1645,44380,41053,114104,49332,242855,69,28,35111,83295,-482,338080,3000,1033032,1074819,1769771,8633,3027,997,478,43865,135,694952,39.3685862302
2012-10-08,60.4250001907,15.6819999695,15.9000001907,147.521896362,3481.34,126.76,943.5,94.700397505,79.554969785,117.451801315,145673,32124,212405,46233,1556877,-223785,215880,114.196,91.38,109.948,109.87,131.894,125.594,129.178,100.472,98.934,132.394,106.222,34.37,1398,-0.482,8221,14,107,19,293,8221,9753,114,114,0,19,69,483,16,132,19,573,70,184,502,1532,41,2913,97,844,118,355,1084,374,2872,8180,-1340,1398,-12,86.7,15075,17380,-296,92,316,823,185,73,14749,800,124,8638,1305,5652,4338,3994,220,5186,2,5187,8648,2978,1454,149,465,2996,476,1316,-10,23,31.7,67.3,31.6,22.6,120882,195408,18070,61262,221,47521,411,43317,89297,5778,25807,47590,19256,147818,1547,44126,43018,112730,47111,241089,69,23,34044,84097,1512,339592,3348,1034544,1070293,1765245,8587,3220,1223,457,44165,300,694952,39.4283123914
2012-10-15,66.8,15.0120000839,15.5299999237,146.36541748,3432.14,199.952857143,945.5,91.890216805,83.10672473,88.895675645,152274,37796,213314,52310,1542886,-217022,213598,113.33,91.642,111.206,110.774,131.396,122.538,125.824,101.004,99.186,131.998,106.612,32.474,1411,1.672,8347,14,131,10,318,8347,10544,85,85,0,10,58,520,111,16,10,1030,110,209,530,2197,41,2778,92,813,115,386,1007,324,2737,8306,-540,1411,13,87.4,15186,17380,-154,63,20,815,32,103,14819,797,116,9046,1272,5780,4484,4047,321,5186,2,5188,8754,2959,1421,148,592,2975,394,1286,292,23.2,29.5,60.6,30.6,22.7,118664,197128,17626,61505,253,47451,379,44530,85831,6182,26651,47612,18989,149516,1661,42974,43229,110951,47072,238677,161,26,34107,83928,2860,342452,3900,1037404,1067619,1762571,8729,3637,1462,208,44025,-140,694952,39.3397039752
2012-10-22,70.3800003052,15.3319999695,17.9420001983,143.920620728,3312.32,155.067142857,939,87.191051465,91.58165741,86.24407576,157036,37460,218600,52322,1580619,-209383,206472,108.716,86.692,107.1625,107.4475,126.56,113.87,117.665,98.825,97.07,127.2575,102.5325,33.1,1410,2.86,8823,66,71,12,196,8823,11166,59,42,18,12,181,513,153,25,12,1116,99,371,526,2343,41,2778,92,813,115,386,1007,324,2737,8782,-394,1410,-1,87.2,15156,17380,-233,55,404,833,380,154,14802,801,88,8989,1295,5925,4382,3939,355,5312,2,5313,8955,3021,1462,168,612,3030,455,1271,34,23.5,28.3,60.1,30.8,23.1,118018,198567,16700,61729,198,48805,343,43509,85578,5779,26661,48898,18766,149668,1642,42851,44233,109355,48463,235520,93,21,35044,83447,5896,348348,1900,1043300,1071589,1766541,8493,3993,1277,306,44065,40,694952,39.341997851
2012-10-29,71.7075004578,15.2266667684,17.6266670227,142.184457397,3274,182.281428571,939,62.35194397,77.951900485,46.777088165,138034,44027,208028,69688,1578997,-195243,186381,108.214,85.882,106.604,106.648,126.994,113.086,116.532,96.222,94.776,126.828,104.252,31.9633333333,1408,5.896,7922,79,155,71,268,7922,9932,32,32,0,71,43,545,136,31,71,868,103,197,616,2010,41,2778,92,813,115,386,1007,324,2737,7881,-727,1408,-2,87.7,15247,17380,-367,91,241,830,293,327,14850,825,60,9203,1381,6023,4505,4124,321,5301,2,5303,9086,3044,1484,103,720,3063,596,1267,117,23.4,30.5,55.9,31.9,23,117925,199502,16659,61572,661,49522,289,43993,84677,5633,27615,49637,19215,149865,1705,44520,43639,108208,49234,233928,115,20,36146,83117,-2045,346303,3328,1041255,1071486,1766438,8844,3068,1330,250,43394,-671,694952,39.3308872925
2012-11-05,63.4020004273,17.0520000458,18.436000061,141.20406189,3261.5,255.487142857,915,100.79967498,81.8515835,104.807544725,136924,45462,199249,76386,1597501,-174849,169575,108.454,85.992,105.278,105.318,124.15,113.29,116.1,93.108,91.572,123.882,102.076,32.63,1373,-2.045,8011,69,0,10,141,8011,9772,55,37,19,10,50,259,16,286,9,941,119,301,270,1761,41,2778,92,813,115,386,1007,324,2737,7970,-976,1373,-35,85.4,14848,17380,-154,8,-166,823,298,610,14667,827,155,8892,1326,6060,4560,4057,349,5319,1,5320,8948,2870,1445,119,740,2888,507,1336,-56,23.5,29.2,54,32.5,23.6,118056,202377,16049,61190,628,51428,274,47047,84031,5802,28223,51532,18136,150846,1629,43444,41981,105145,51154,230827,104,45,37675,83428,1547,347850,4577,1042802,1071985,1766937,8307,3361,1387,204,42966,-428,694952,39.4364119125
2012-11-12,56.1799993515,14.5359998703,17.1299999237,140.897000122,3287.26,194.278571429,922.5,79.648944855,98.385498045,68.00963211,129502,41791,199073,76764,1614897,-163893,165844,109.374,85.878,106.7175,106.7325,124.33,117.1275,120.385,94.5875,93.165,124.6675,103.3825,30.882,1389,1.766,7870,38,231,118,153,7870,10027,200,113,46,118,58,480,51,132,118,767,184,298,598,2157,42,2819,98,846,113,356,1026,338,2777,7828,-620,1389,16,86,14946,17380,70,42,48,822,299,139,14612,824,135,9103,1204,5886,4569,4142,292,5265,2,5267,8856,2953,1354,149,619,2971,461,1255,247,23.7,29.2,54.4,31.3,23.4,115517,201937,15689,60597,640,51204,294,46389,81130,6224,28163,51354,17851,150583,1626,42398,42958,104566,50910,229617,150,44,37815,82941,1089,348939,3320,1043891,1067257,1762209,8908,3104,1388,383,43681,715,694952,39.5758767516
2012-11-19,54.1000010172,13.9574999809,15.1925001144,143.144298553,3324.16,196.168571429,925,124.774467467,128.6890157,128.126785263,125022,47521,182454,82433,1539663,-182614,177767,110.864,87.9225,108.786,108.798,126.704,119.36,122.764,95.36,94.064,126.302,102.206,29.945,1390,1.089,7768,28,86,56,201,7768,9885,176,127,49,56,244,560,5,220,55,968,120,226,616,2117,42,2819,98,846,113,356,1026,338,2777,7726,-660,1390,1,87.5,15200,17380,-307,73,222,811,382,395,14889,811,175,9189,1276,5992,4669,4141,353,5181,2,5183,9001,2995,1372,96,809,3009,504,1274,188,23.6,30.7,53.2,29.2,22.9,112842,200390,16429,59928,563,51284,316,44498,79795,6029,27019,51416,18927,148973,1896,42479,43985,103577,50968,230442,132,48,35828,83527,-1466,347473,4186,1042425,1061047,1755999,8898,3057,1355,658,45150,1469,694952,39.6080639609
2012-11-26,51.875,13.2940000534,15.5720001221,143.379699707,3395,186.717142857,879.5,67.74514008,69.35796356,60.48656273,134936,37840,188018,78170,1498820,-183978,177879,110.458,87.678,108.582,108.476,127.002,117.708,121.086,94.702,93.364,125.646,102.284,28.524,1388,-1.466,8118,90,72,58,203,8118,9993,188,83,105,58,71,437,25,124,57,840,111,190,494,1875,42,2819,98,846,113,356,1026,338,2777,8076,-902,1388,-2,88.6,15400,17380,-364,59,-19,811,93,417,15174,803,166,8729,1234,5929,4561,4152,243,5156,1,5157,8884,2955,1339,105,772,2955,444,1291,-155,23.4,28.8,54,28.5,23.7,112042,204255,16594,61150,617,51508,314,46663,79552,6082,26408,51571,18347,152684,2072,41087,44254,100871,51195,227472,63,43,36444,82702,-347,347126,3535,1042078,1059620,1754572,8427,3787,1263,190,45857,707,694952,39.4746049995
2012-12-03,52.0799999237,13.8579998016,16.5399997711,142.531881714,3471.74,207.801428571,902,104.5930557,120.4035835,88.88162995,142491,34379,191157,75061,1522133,-185759,180034,108.724,87.532,106.908,106.856,126.604,115.022,118.068,93.946,92.4,125.39,102.914,29.18,1386,-0.347,8230,52,70,26,220,8230,10506,155,102,36,26,146,487,26,167,25,916,160,414,513,2276,42,2819,98,846,113,356,1026,338,2777,8188,-501,1386,-2,90.6,15740,17380,-760,67,-70,805,-382,379,15429,835,165,9197,1259,6118,4847,4349,333,5153,1,5154,9012,2893,1446,187,965,2893,455,1400,185,22.9,28.2,52.7,29.3,24.5,115069,212115,17698,63494,366,55243,365,47010,82730,6425,25913,55286,19341,156829,1781,40144,45958,97629,54878,223156,43,43,38448,80596,-2357,344769,4590,1039721,1065552,1760504,8354,3209,1495,227,45631,-226,694952,39.3580624755
2012-12-10,52.5624990463,13.4620000839,16.2259996414,140.572018433,3522.66,208.724285714,890,106.1730957,98.40293505,100.299808515,145918,34329,196328,66798,1549067,-196693,193833,108.38,86.148,104.888,104.886,123.362,113.844,116.786,93.616,92.108,122.974,101.74,29.668,1382,-2.357,8499,60,99,61,238,8499,10772,191,93,55,61,126,524,53,169,60,846,256,330,585,2273,42,2819,98,846,113,356,1026,338,2777,8457,-504,1382,-4,90.4,15717,17395,-41,47,-159,799,-19,134,15367,824,132,8908,1391,6210,4762,4286,344,5145,1,5147,9070,2860,1494,103,1064,2860,323,1405,-162,22.7,27.8,48.7,31.3,25.4,118055,217115,18306,64903,584,56246,391,48328,84708,6293,27054,56285,20028,160830,1966,39879,47015,94302,55855,222127,39,39,37469,80617,140,344909,3785,1039861,1070765,1765717,8488,3175,1738,437,46818,1187,694952,39.4014645884
2012-12-17,57.5199996948,13.5479997635,16.9560001373,139.701898193,3466.28,173.024285714,885.5,78.67056656,95.975894905,60.370025635,133673,38226,191979,90108,1543454,-176249,166339,109.202,88.686,106.262,106.298,124.976,115.83,118.824,94.348,92.99,124.99,103.4,28.328,1381,0.843,8399,34,0,102,289,8399,10819,242,167,75,102,96,418,25,84,101,1053,174,368,521,2420,43,2944,109,771,132,364,1063,462,2901,8356,-481,1381,-1,91.5,15918,17395,-161,-30,20,823,122,293,15594,822,121,8888,1348,6165,4880,4289,470,5237,1,5238,9149,2985,1488,140,926,2985,372,1261,-261,22.3,26.4,45.5,31,25.9,116970,219322,18733,66255,601,55622,331,48799,85122,6396,25452,55657,20838,163665,1986,39305,48010,91808,55291,222144,35,35,37073,82536,-964,343945,3364,1038897,1068820,1763772,8618,3621,1583,433,46963,145,694952,39.334515903
2012-12-24,55.2750005722,14.225000143,20.0649995804,139.000476837,3441.33333333,269.84,527.666666667,99.5760167567,151.0164312,50.0690511067,141579,35441,195884,74833,1493851,-183952,182911,110.3225,90.315,107.2325,107.26,125.46,118.5525,121.5225,94.6675,93.49,125.705,104.9725,28.6425,1340,-0.964,8025,62,0,68,243,8025,10273,214,136,55,68,229,534,0,153,67,1018,180,208,602,2248,43,2944,109,771,132,364,1063,462,2901,7982,-653,1340,-41,90.3,15705,17395,9,22,12,850,402,359,15328,834,54,9545,1357,6308,4906,4470,382,5394,1,5395,9397,3090,1464,107,912,3090,350,1336,148,22.3,26,44.1,31.9,26.2,119393,223104,19427,66192,391,59421,365,49422,87130,6042,26221,59457,20315,163647,1829,38622,47642,90543,59056,221347,36,36,36832,82321,-586,343359,3952,1038311,1071822,1766774,8608,3419,1437,228,49177,2214,694952,39.5589357854
2012-12-31,61.5,13.8275001049,15.2725002766,138.7940979,3516.175,344.035714286,703,82.2461026667,99.5316225433,68.18312454,157241,31844,196637,61803,1476652,-192305,194707,111.7575,92.7375,107.65,107.61,125.7125,120.2575,122.6575,95.6425,94.8325,126.07,104.765,27.2775,1327,-0.586,7094,25,32,23,232,7094,9037,108,76,31,23,175,464,0,159,22,966,107,189,487,1943,43,2944,109,771,132,364,1063,462,2901,7051,-958,1327,-13,90.4,15727,17395,-397,-44,89,778,-102,249,15341,807,70,8917,1416,5854,4864,4463,331,4942,1,4943,8699,2845,1533,116,911,2845,361,1289,218,21.6,27.2,42.1,33.8,26.4,123967,225673,20908,66840,591,59139,317,50798,93648,5432,24887,59177,20213,166496,1698,39187,48267,85858,58823,217427,38,38,36423,81592,-11120,332239,3485,1027191,1061799,1756751,8518,3958,1575,244,49750,573,694952,39.3233650677
2013-01-07,58.4400001526,13.9620000839,13.613999939,138.034457397,3498.22,142.267142857,864.5,89.79273987,99.18355942,79.063865665,169023,29912,196662,46769,1473345,-199693,198078,111.526,93.364,107.57,107.582,126.804,118.936,121.382,97.776,97.298,127.684,105.036,24.62,1318,-11.12,8342,59,0,10,201,8342,10436,197,99,97,10,177,437,63,178,9,1043,141,151,447,2094,43,2944,109,771,132,364,1063,462,2901,8299,-807,1318,-9,89.1,15496,17395,-510,42,-190,714,-736,-78,15257,826,116,8385,1374,5618,4920,4474,331,4498,1,4499,8204,2586,1511,137,1118,2586,425,1339,181,21.7,27.9,43,36.7,27.6,130744,233085,21518,70780,746,58599,348,51126,99871,5500,25373,58636,19854,174449,1765,39630,51797,82101,58251,214741,37,37,35566,81846,892,333131,4150,1028083,1072323,1767275,8010,3418,1505,334,50082,332,694952,39.2578652149
2013-01-14,56.0642852783,14.1459999084,13.3040000915,140.376281738,3474.9,198.427142857,899,135.72999955,191.19874575,126.3507805,186430,36394,206204,38138,1477695,-218386,214778,111.156,94.542,106.888,106.984,126.43,117.494,119.99,97.214,96.638,127.488,103.48,24.356,1323,1.314,8030,62,0,7,191,8030,9808,186,168,18,7,115,367,0,175,7,779,162,250,375,1778,43,2944,109,771,132,364,1063,462,2901,7987,-1123,1323,5,87.9,15292,17400,-178,42,-178,771,-194,121,15101,784,84,8590,1376,5784,4564,4142,338,4934,1,4935,8591,2808,1517,141,849,2808,415,1292,-1,21.8,29.5,42.1,39.2,28.1,132430,234995,23367,71963,515,57310,330,53572,102912,5765,23753,57343,20361,177651,1658,40439,51602,79296,56981,215194,33,33,36204,82002,-951,332180,4536,1027447,1075759,1771026,8320,3133,1553,210,51862,1780,695267,39.3164060622
2013-01-21,59.1899986267,13.0699999332,12.6175000668,141.298496246,3503.64,179.464285714,873,137.87723545,150.00937655,151.21311185,189088,45506,213084,33835,1495149,-239616,226751,112.698,95.825,108.262,108.284,127.4,120.674,123.612,97.492,96.984,128.872,106.662,22.355,1316,-0.951,7730,31,41,44,241,7730,9891,217,62,136,44,73,385,2,65,44,909,173,364,430,2161,44,3091,122,798,160,400,1083,484,3047,7686,-886,1316,-7,83.6,14539,17400,-85,13,74,777,462,461,14206,792,59,8908,1261,5802,4311,3908,344,4932,1,4933,8668,2865,1386,126,869,2865,352,1212,240,22.4,29.5,38.7,40.4,28,132938,233257,23202,69052,456,57568,340,55306,103650,5873,23414,57599,20083,175658,2072,39802,50845,77930,57228,216258,31,31,34908,84053,2813,334993,2830,1030260,1073122,1768389,8431,3319,1664,501,51391,-471,695267,39.2792090616
2013-01-28,64.6200004578,13.6540000915,13.6759998321,141.951300049,3553.52,149.982857143,884,85.59437942,89.096698785,82.89645387,199069,45156,234581,28678,1491867,-252409,246103,115.01,97.442,109.684,109.666,128.758,124.392,127.592,98.566,98.402,130.15,108.178,22.754,1315,2.813,8068,85,62,86,229,8068,10203,210,133,49,86,161,537,96,46,85,915,146,136,623,2135,44,3091,122,798,160,400,1083,484,3047,8024,-912,1315,-1,85,14784,17400,52,-14,31,784,500,432,14481,770,100,9064,1260,5985,4263,3798,366,4984,1,4985,8885,2901,1394,134,999,2901,408,1238,179,23.1,29.4,35.7,38.4,27.9,130623,232301,23608,68945,568,58724,283,53894,102065,5746,22812,58755,20540,173547,1891,39818,50140,77007,58440,219148,31,31,34292,87508,5947,340940,5702,1036400,1075095,1770555,8501,3144,1717,232,51675,284,695460,39.2956336993
2013-02-04,62.4200004578,13.4219999313,13.6640001297,142.019839478,3593.98,99.0328571429,876.5,86.555828095,107.93088152,63.173549655,218239,38504,241092,22488,1553636,-275731,267989,116.998,96.196,111.77,111.782,133.174,129.28,132.524,100.876,100.62,134.49,111.654,23.358,1332,5.947,7569,34,38,34,370,7569,9330,86,67,19,34,218,659,54,65,32,555,128,244,693,1761,44,3091,122,798,160,400,1083,484,3047,7525,-1286,1332,17,84.2,14652,17400,38,58,-23,775,337,264,14431,774,104,8761,1301,5974,4472,4015,353,4909,1,4909,8820,2847,1393,91,1065,2847,372,1234,-59,23.6,28.7,33.8,36.6,27.8,129581,234039,23956,69029,423,57994,236,55295,101198,5682,22700,58026,20098,176013,1771,39068,51265,75884,57759,219545,32,32,34417,88669,2334,343274,5228,1039081,1074891,1770698,8415,2814,1568,198,51360,-315,695807,39.4652783645
2013-02-11,59.9399993896,14.7520000458,12.7359998703,140.014038086,3591.68,124.234285714,892.5,82.21878815,96.590621965,65.268802645,232260,40065,235553,23327,1594844,-280988,266804,118.234,96.944,113.333333333,113.31,135.24,132.663333333,135.7,102.07,101.893333333,136.863333333,115.946666667,21.236,1330,2.623,7513,26,87,8,306,7513,9579,143,61,83,8,184,603,47,59,8,822,170,262,611,2066,44,3091,122,798,160,400,1083,484,3047,7469,-981,1330,-2,83.8,14592,17405,-35,-3,159,791,495,375,14310,789,0,8896,1337,5717,4357,4019,338,5006,1,5007,8653,2936,1436,99,710,2936,467,1253,243,23.9,27.9,31.9,34.4,27.6,125904,233236,24523,68005,421,58106,290,55511,99615,4559,21730,58140,19500,175095,1646,38786,51159,75281,57817,218753,34,34,35104,88825,560,343834,4639,1039803,1067528,1763497,8404,3456,1614,231,50242,-1118,695969,39.4932495313
2013-02-18,58.6500005722,16.875,14.095000267,137.792922974,3475.58,136.275714286,830,97.090728775,91.14536667,99.35561562,231904,39750,241141,19607,1653440,-285663,272875,115.626,94.2725,111.32,111.316,133.82,131.17,134.514,100.042,99.678,134.398,111.858,24.78,1337,0.56,7689,82,110,8,165,7689,9616,294,84,90,8,141,498,45,14,7,695,143,224,505,1927,44,3091,122,798,160,400,1083,484,3047,7645,-1120,1337,7,82.9,14422,17405,11,102,71,801,571,387,14176,797,25,8936,1309,5780,4272,3910,337,5150,2,5152,8647,2867,1443,135,629,2867,459,1316,289,24.3,28.9,32,32.8,27.3,123627,230352,24487,65909,310,58267,337,55002,98235,4430,20962,58300,19495,172052,1535,39508,50831,74584,57930,218655,33,33,35589,89608,4143,347977,5882,1043946,1066279,1762248,8437,3200,1490,214,50659,417,695969,39.6258041521
2013-02-25,57.4580001831,16.0399997711,16.2920000076,136.623278809,3391.84,239.02,887,85.554403305,72.32250405,91.13568116,234150,43449,232271,24270,1650211,-269948,257918,112.16,92.246,107.888,107.898,129.166,126.448,129.502,97.962,97.42,129.438,109.214,24.748,1329,4.143,7958,56,91,27,305,7958,9738,156,65,92,27,96,548,77,22,26,716,125,98,575,1780,44,3283,144,867,152,428,1058,590,3239,7914,-1459,1329,-8,85.1,14803,17405,102,105,-55,808,522,370,14511,812,90,9211,1274,6021,4484,4026,368,5184,2,5185,8947,2926,1396,122,835,2926,525,1322,264,24.3,29.6,29.8,33.4,27,124184,228495,25105,64143,231,58626,377,54692,98228,5010,20946,58659,19374,169836,1646,39789,50770,72033,58249,215936,33,33,35645,88751,1130,349107,4135,1045076,1060384,1756353,8597,3350,1755,187,50584,-75,695969,39.682808482
2013-03-04,57.25,14.9860002518,13.3340000153,136.388259888,3343.66,149.167142857,889,89.13868713,74.21996307,98.27376557,210069,50253,210834,35623,1654089,-248280,236098,110.952,90.976,106.016,106.008,125.758,122.614,125.696,98.034,97.408,125.868,104.046,22.26,1333,1.13,7308,20,0,9,268,7308,9335,112,81,31,9,308,596,23,73,8,893,149,245,605,2027,44,3283,144,867,152,428,1058,590,3239,7264,-1212,1333,4,82.2,14300,17405,-229,27,132,811,351,421,14031,805,116,8606,1327,5802,4256,3874,267,5145,2,5147,8747,2945,1403,76,655,2945,544,1310,-141,24.7,30.3,28.2,31.9,27,120354,227879,25961,65566,264,56259,336,53903,96572,4968,18814,56289,19351,171590,1544,39747,51857,72028,55923,215960,30,30,36055,88065,3736,352843,5834,1048812,1057861,1753830,8364,2867,1619,302,50841,257,695969,39.8095121516
2013-03-11,55.0339996338,12.4579999924,11.6520002365,137.813537598,3364.02,105.561428571,871.5,89.61304474,85.63924219,106.00694655,189356,58128,212198,44700,1710526,-230314,235740,109.526,92.72,105.41,105.428,124.354,120.386,124.228,98.796,97.208,124.426,102.804,18.88,1341,3.833,7535,33,165,10,368,7535,9735,254,147,102,10,152,717,34,60,8,744,128,313,727,2200,44,3283,144,867,152,428,1058,590,3239,7491,-1039,1341,8,81,14334,17703,-106,29,333,825,596,341,13994,797,82,8954,1264,5637,4164,3805,278,5278,1,5279,8641,3004,1370,106,358,3004,530,1256,313,25.1,29.2,26.6,33.2,26.4,120437,224308,26188,65199,195,54473,362,53747,97310,5021,18106,54519,18688,169789,1439,38528,50649,71793,54110,216210,46,46,35641,88643,2624,355467,5394,1051436,1052279,1748248,8627,3100,1614,474,49315,-1526,695969,39.8426944937
2013-03-18,55.0339996338,13.4820001602,13.5959999084,137.81000061,3287.56,126.968571429,907.5,95.82626722,99.93505858,99.197151175,181699,62267,217004,50060,1720024,-225287,228195,108.162,93.004,104.98,104.944,121.952,119.188,122.458,97.594,96.492,121.576,99.622,19.804,1341,2.624,7317,20,58,27,190,7317,8878,66,42,25,27,92,360,44,107,25,635,119,284,387,1561,45,2894,133,803,135,380,850,548,2849,7272,-1288,1341,0,83.5,14787,17703,-217,50,37,810,316,445,14514,809,84,8558,1336,5730,4268,3886,298,5258,1,5259,8629,2899,1402,66,471,2899,615,1254,-71,24.8,28.1,26.1,33.5,26.3,119765,222832,27511,64688,455,52466,362,55537,96075,5759,17931,52512,18465,170320,1317,37958,49640,71379,52104,218307,46,46,37584,90116,-1314,354153,3200,1050122,1050823,1746792,8324,2811,1415,241,49029,-286,695969,39.8863303572
2013-03-25,57.02333196,12.5524997711,13.0899999142,138.276298523,3281.55,135.942857143,894.666666667,90.1244710167,96.58368046,77.9315249267,184364,57950,215422,43154,1647391,-221853,223721,109.31,96.24,105.8775,105.89,121.535,120.295,122.94,97.5725,96.7775,121.0325,100.385,18.2575,1324,-1.314,8158,68,124,12,200,8158,9723,223,86,137,12,101,493,4,47,11,568,115,123,505,1565,45,2894,133,803,135,380,850,548,2849,8113,-1284,1324,-17,85.7,15173,17703,-142,44,535,841,828,391,14878,805,113,8861,1463,5926,4204,3877,214,5331,1,5332,9002,3076,1538,76,595,3076,586,1285,-141,24.9,28.4,27,30.7,26.3,115252,221236,27934,65057,151,51948,371,55707,93184,5432,16635,51991,17441,169245,1208,38634,48330,71670,51577,220865,43,43,37228,92231,3256,357409,4520,1053378,1048912,1744881,8399,3165,1395,380,49468,439,695969,39.8888678737
2013-04-01,56.3600006104,14.5120000839,13.6760000229,134.706781006,3204.025,106.29,854.5,85.99747086,37.55368519,114.65117646,191299,60826,232478,33349,1693684,-243899,244607,107.868,94.934,106.582,106.562,122.068,118.298,120.908,97.442,96.836,121.83,98.406,20.7,1354,3.256,7931,19,154,68,166,7931,9783,83,59,24,68,187,526,0,52,66,856,97,172,595,1852,45,2894,133,803,135,380,850,548,2849,7886,-997,1354,30,86.3,15273,17703,-426,57,118,817,213,463,15008,807,178,8946,1485,5703,4324,3901,244,5218,1,5219,8672,2968,1566,80,484,2968,605,1311,274,24.7,28.9,27.1,30.1,26.1,112986,220664,27790,65314,139,51549,371,55797,91822,6119,15045,51592,17481,169071,1329,39442,47821,75138,51179,222558,43,43,35817,90641,2707,360116,4607,1056085,1048801,1744770,8523,3215,1432,599,49181,-287,695969,39.7638402611
2013-04-08,53.4400001526,15.9039999008,12.5379999161,134.738677979,3238.86,82.2628571429,867,89.62072754,57.412441255,123.33763123,202487,60395,236522,31112,1731930,-256474,248850,104.812,93.4,102.92,102.924,119.104,110.762,113.714,95.824,95.292,118.288,94.748,21.198,1357,2.707,7720,19,165,67,324,7720,9832,139,81,58,67,300,809,0,12,66,817,86,193,876,2112,45,2894,133,803,135,380,850,548,2849,7675,-737,1357,3,86.8,15472,17819,-219,53,386,847,406,186,15114,854,96,8761,1408,5911,4539,4167,275,5426,1,5427,8932,3022,1532,123,484,3022,575,1374,-171,24.2,29.5,29,29,26.4,112817,222363,28321,65653,75,50185,337,55585,92271,5858,14688,50213,17788,172150,1054,39730,50837,74598,49847,224441,28,28,37125,92322,-118,359998,5059,1055967,1054287,1750256,8477,2949,1284,201,50070,889,695969,39.7042245807
2013-04-15,51.7599998474,28.0740001678,16.0540000915,130.896380615,3116.22,78.7757142857,865.5,99.93990327,97.685647955,114.53570175,178699,61819,228996,32666,1768185,-231272,223398,99.354,87.97,97.998,97.938,112.59,106.428,109.594,92.86,91.642,112.184,89.92,28.88,1387,0.25,7431,40,129,80,192,7431,9699,337,131,154,80,165,526,83,14,80,839,105,298,606,2268,45,2894,133,803,135,380,850,548,2849,7386,-581,1387,30,86.3,15373,17819,-150,-21,414,853,577,335,15074,832,242,8902,1417,5886,4477,4039,196,5365,1,5366,8890,3004,1484,67,520,3004,426,1334,12,23.9,31.3,28.1,29.6,26.3,115181,221730,27875,64897,239,50536,334,55349,93549,5749,15883,50569,17507,171161,1111,40975,50675,75799,50202,225943,33,33,37788,93204,-1233,358765,5827,1054734,1056915,1752884,8383,3500,1447,249,51148,1078,695969,39.7482158196
2013-04-22,50,23.0020000458,13.7419998169,131.239239502,3086.96,87.8485714286,881.5,125.892490405,121.999282845,116.81091689,172368,64268,225010,41978,1764368,-206652,210703,101.8,91.202,99.462,99.514,113.908,107.844,111.674,92.9,92.07,113.024,90.81,23.59,1371,-1.233,7564,44,267,8,283,7564,9621,154,107,48,8,60,655,37,101,7,880,85,199,662,2057,47,2893,104,899,144,382,832,485,2846,7517,-789,1371,-16,83.5,14872,17819,-63,-66,508,833,808,429,14488,853,190,8995,1405,5918,4280,3870,221,5364,1,5365,8919,3001,1506,100,552,3001,559,1268,76,24.1,28.9,29,30.8,25.5,115278,217802,27909,65743,622,48918,324,54189,93618,5964,15695,48948,17592,168854,979,39887,48301,79277,48594,227981,30,30,37759,92053,947,359712,4803,1055681,1054975,1750944,8750,3080,1218,380,51183,35,695969,39.4697099017
2013-04-29,49.1999998093,22.1220001221,13.6320001602,132.811621094,3056.96,94.7857142857,882.5,78.462936405,113.836513525,41.836779595,175633,76506,241608,59200,1718878,-199187,211575,102.634,93.718,100.02,100.1875,114.055,108.3225,111.775,94.905,93.495,113.76,91.4925,24.638,1381,0.947,8166,79,16,12,242,8166,10529,265,164,101,12,279,616,0,91,11,1114,117,240,628,2363,47,2893,104,899,144,382,832,485,2846,8119,-483,1381,10,84.4,15038,17819,-145,106,344,838,905,599,14710,857,138,8786,1325,5942,4300,3911,251,5379,1,5380,8967,3025,1483,157,562,3025,466,1241,-181,24.7,28.7,32.7,31.4,25.4,115752,215984,28710,66536,384,48199,329,52549,94235,5534,15983,48233,17036,167750,993,39983,48282,81872,47870,233198,34,34,38493,94051,6696,366408,3063,1062377,1067330,1763299,8415,3274,998,219,49801,-1382,695969,39.3890464144
2013-05-06,50.5320007324,21.7300003051,12.7739999771,132.598202515,3160.425,75.8414285714,860,72.049726485,85.477199555,62.333831785,184194,75453,245648,51686,1771193,-200424,209941,104.516,96.166,101.692,101.792,116.806,110.662,114.002,96.072,94.54,116.002,93.536,23.65,1403,6.696,7606,79,143,8,235,7606,10213,223,89,133,8,315,772,21,90,8,1327,73,183,780,2607,47,2893,104,899,144,382,832,485,2846,7559,-239,1403,22,87,15500,17810,-103,33,371,838,649,348,15180,843,146,8673,1474,5767,4532,4133,253,5380,1,5380,8783,3016,1602,128,387,3016,521,1262,-110,24.7,28.3,34.3,32.3,25.3,117564,215074,29223,67963,233,46467,379,51494,95516,5850,16198,46492,16847,168582,1014,40310,48892,83452,46088,234172,25,25,39198,93283,371,366779,4791,1062748,1070941,1766910,8445,4181,1117,221,49149,-652,695969,39.3300149981
2013-05-13,58.5166664124,26.7260002136,12.7300001144,131.603939819,3127.36,81.7728571429,855,96.267959585,106.161514275,93.18657303,183960,59925,245307,40773,1770442,-216551,220626,103.508,94.972,100.096,100.198,116.962,111.384,114.354,92.984,91.898,115.108,93.608,23.894,1412,0.23,7623,82,0,15,277,7623,9559,98,84,14,15,298,656,35,61,14,852,79,202,671,1936,47,2893,104,899,144,382,832,485,2846,7576,-910,1412,9,88,15670,17810,-115,-43,352,846,488,294,15253,857,82,8929,1429,6036,4640,4219,339,5432,2,5433,9089,3053,1516,87,602,3053,395,1325,-160,24.6,25.9,37.3,33.1,25.6,119864,217662,29605,68196,361,47288,373,51786,97117,5913,16835,47316,16429,170346,1041,39079,50003,85663,46914,234622,28,28,37985,93314,-624,366155,3410,1062124,1073593,1769562,8341,3440,1146,388,49724,575,695969,39.2362681039
2013-05-20,63.7999992371,26.486000061,13.6539999008,132.347457886,3153.34,73.2714285714,857,100.171997065,124.865711225,85.699941615,184095,53876,243971,38831,1758686,-234435,232590,103.278,95.11,100.51,100.725,117.8325,111.88,115.31,93.545,92.1375,116.17,94.255,23.374,1408,-0.624,8130,65,151,8,666,8130,10403,101,88,0,8,191,1073,35,6,8,789,72,195,1081,2273,48,2730,106,847,213,389,819,308,2682,8082,-409,1408,-4,87.3,15545,17810,10,87,282,860,640,260,15249,875,100,9214,1263,6092,4788,4406,282,5542,2,5543,9164,3073,1445,182,548,3073,514,1321,50,24.2,26.1,42.6,31.4,26,118812,220677,29799,70206,430,48161,368,50949,96977,5442,16393,48187,16182,172490,1054,38584,50905,89140,47793,236895,26,26,36880,90717,-338,365817,2486,1061786,1077821,1773790,8790,3045,869,478,50173,449,695969,39.0217987944
2013-05-27,78.5249996185,22.9200000763,15.034999609,131.552997589,3152.9,67.5,822.5,112.33979033,99.55022621,134.93141939,198802,52123,267180,35386,1742051,-267810,268944,102.372,93.43,99.678,99.894,117.034,112.382,115.932,93.992,92.096,115.416,94.408,23.9025,1402,-0.338,7817,69,89,19,187,7817,10090,136,97,38,19,348,693,46,102,19,1017,79,256,712,2273,48,2730,106,847,213,389,819,308,2682,7769,-409,1402,-6,86.4,15395,17810,-52,113,256,863,662,344,15029,863,143,9009,1313,5968,4763,4368,253,5516,4,5520,9079,3111,1460,147,448,3111,472,1288,-70,24.3,26.2,43.8,31.6,25.4,120663,219163,29912,68776,224,46507,367,52686,98141,5746,16776,46532,16047,172631,1135,38718,50945,92671,46140,241306,25,25,37719,91370,3000,368817,4699,1064786,1087570,1783539,8956,2927,988,219,50508,335,695969,39.0475453092
2013-06-03,82.3599990845,22.5119998932,16.3640001297,131.834820557,3200.56,72.4771428571,861,133.3374367,130.956108095,137.09893035,212725,51175,256161,38630,1744717,-258567,257139,103.302,94.258,99.402,99.536,116.974,113.502,117.656,94.638,91.822,114.928,94.554,24.044,1410,3,7268,67,84,7,167,7268,9311,143,90,53,7,188,507,136,70,7,914,59,277,514,2043,48,2730,106,847,213,389,819,308,2682,7220,-639,1410,8,88.4,15738,17810,53,-27,136,833,505,343,15462,885,154,9341,1395,6214,4800,4454,192,5347,3,5350,9195,2981,1517,121,864,2981,540,1356,146,23.8,26.4,47.9,32.1,25.1,123274,218797,30089,68890,304,48033,361,51262,102152,5397,15724,48060,16411,170737,1119,39129,50281,96020,47672,242215,27,27,36982,88738,-6267,362550,1965,1058519,1086394,1782363,8822,3254,931,533,50024,-484,695969,38.7667070505
2013-06-10,81.9600006104,22.318000412,16.9319997787,130.220318604,3078.98,76.4157142857,883.5,103.086105345,104.269681955,90.74284363,215097,50193,253589,41462,1740663,-247418,255834,104.116,96.314,100.574,100.694,119.422,115.618,118.434,96.436,92.59,116.89,94.196,21.792,1406,-6.267,7850,145,13,133,225,7850,9977,52,41,11,133,177,559,76,78,133,1047,70,190,692,2127,48,2730,106,847,213,389,819,308,2682,7802,-555,1406,-4,87.5,15591,17810,171,-10,86,862,658,411,15237,884,134,9203,1403,6189,4679,4278,267,5478,2,5481,9359,3170,1504,101,709,3170,464,1348,-156,24,29.4,57.2,30.8,25.2,122111,221545,30684,69599,353,50682,263,51056,101000,4677,16434,50721,15992,170824,1150,40804,49816,98426,50420,246516,39,39,37500,90255,2629,365179,3584,1061148,1099306,1795275,8648,2941,830,191,49265,-759,695969,38.6212380767
2013-06-17,89.2199996948,24.7260005951,17.8879997253,129.794338989,3008.56,85.9085714286,849.5,98.95789719,97.289546965,96.059106815,215040,55007,264879,32606,1815904,-267866,269831,104.134,96.708,101.914,102.104,121.258,116.158,118.99,97.49,93.236,118.854,94.982,22.248,1413,2.523,8436,30,88,13,236,8436,10208,87,59,28,13,189,543,70,65,13,747,85,161,556,1772,48,2730,106,847,213,389,819,308,2682,8388,-910,1413,7,89.3,15902,17810,-169,76,290,849,445,247,15531,873,98,9100,1430,6087,4677,4349,230,5434,2,5436,9167,3080,1529,99,651,3080,450,1326,-67,23.9,27.9,61.6,31.1,25.1,121622,221728,30233,69196,378,50438,252,51209,101497,4561,15564,50473,16450,171256,1314,39891,50473,99743,50186,250119,35,35,37646,90058,313,365492,3175,1061461,1106068,1802037,8840,3036,704,201,48596,-669,695969,38.4226045393
2013-06-24,103.96000061,30.0659999848,17.9020000458,125.671859741,2936.26,96.1057142857,847.5,62.68222618,68.55951309,56.593833925,237292,51639,288746,26507,1868964,-294429,298735,101.812,95.922,98.798,98.988,119.446,113.732,116.32,94.16,90.056,116.324,92.912,23.262,1405,0.313,8298,199,233,82,160,8298,10952,92,68,4,82,262,854,108,13,82,1110,100,269,937,2654,50,2857,114,1013,216,305,840,319,2807,8248,-153,1405,-8,90.2,16065,17810,-132,124,257,858,349,99,15704,885,171,9133,1435,6072,4866,4505,190,5538,2,5540,9177,3105,1525,90,532,3105,476,1335,-44,23.6,27.7,63.9,31.3,25.6,123189,225381,29155,71225,764,50448,273,51876,103227,5017,14945,50484,16293,174897,1357,40260,51032,101662,50175,250623,36,36,39279,89822,18,365510,3155,1061479,1115384,1811353,8894,3533,972,207,49260,664,695969,38.7362190876
2013-07-01,109.500002543,27.8575000763,15.9750006199,125.927524567,3002.34,132.607142857,789,86.9062423733,53.21873347,111.76158395,193893,57084,260243,28049,1809371,-274586,274474,105.204,100.5125,100.752,100.378,121.34,116.006,119.006,92.478,90.276,118.022,94.814,24.3125,1390,0.018,7407,52,111,60,147,7407,9150,102,66,36,60,94,405,73,14,59,886,112,105,465,1743,50,2857,114,1013,216,305,840,319,2807,7357,-1064,1390,-15,92.2,16413,17810,-78,44,194,887,505,345,16090,863,148,9382,1478,6284,4843,4471,225,5709,2,5711,9428,3143,1610,131,574,3143,502,1379,-46,22.7,26.7,63.2,29.4,25.1,120771,223662,28275,71482,562,49248,272,51704,100406,4740,15625,49285,15445,174377,1424,39830,50629,103374,48977,251522,37,37,37973,89963,-10347,355163,2530,1051132,1100719,1796688,9294,3469,1060,489,49652,392,695969,38.8898791846
2013-07-08,98.8600006104,25.3260002136,14.2380001068,127.911621094,2986.28,84.8757142857,804,87.026390075,106.9844208,59.07204056,200671,52141,291656,28013,1769805,-291790,289595,108.058,104.81,103.552,103.442,123.396,121.194,124.83,93.072,91.588,121.036,98.572,25.18,1395,-10.347,7525,32,74,59,132,7525,9060,81,77,4,59,196,434,47,53,57,718,77,94,493,1535,50,2857,114,1013,216,305,840,319,2807,7475,-1272,1395,5,92.4,16454,17810,11,79,290,896,702,323,16118,881,159,9586,1501,6510,5036,4666,211,5647,2,5648,9596,3087,1613,111,861,3087,437,1357,-10,21.8,24.7,60.3,30.6,24.3,123809,221028,28713,71639,420,49441,269,49312,103375,5101,15333,49473,15719,171556,1443,39268,50185,105867,49172,253921,32,32,37075,89443,-9737,345426,2510,1041395,1093620,1789589,9299,3044,1072,354,46965,-2687,695969,38.8944432677
2013-07-15,82.5200012207,22.8100006104,13.6600000382,128.999658203,3001.38,70.0042857143,830,92.21620941,86.95875931,93.80765917,225406,48418,310552,28634,1818204,-316184,305392,108.774,106.978,104.54,104.548,124.446,123.092,126.362,93.33,92.556,122.79,99.636,23.73,1391,-9.874,7705,105,92,116,199,7705,9903,130,129,1,116,205,601,99,103,115,925,60,217,717,2198,50,2857,114,1013,216,305,840,319,2807,7655,-609,1391,-4,92.8,16539,17814,-333,112,87,828,60,194,16237,876,115,9047,1426,5983,5080,4760,204,5318,2,5320,8967,2984,1528,102,663,2984,466,1421,80,21.1,24.5,54.1,31.9,24.8,127679,224083,27927,73332,184,50245,274,49753,106385,4355,16938,50280,16578,173803,1500,38709,50534,106947,49970,252531,35,35,37340,87776,-6902,338524,3944,1034493,1093410,1789379,8729,3807,1180,340,46083,-882,695969,38.9441087977
2013-07-22,78.2199981689,22.0040000916,12.7640001297,128.488519287,3030.66,84.3757142857,810.5,81.27978897,86.899188995,76.849327085,230586,49186,330978,26595,1880612,-340161,329449,107.716,105.944,104.828,104.948,123.742,117.128,119.344,93.444,92.356,122.518,98.022,23.596,1395,-6.902,8032,86,23,38,115,8032,10011,168,147,21,38,61,284,46,27,37,1035,73,294,322,1979,52,2955,118,731,252,514,1030,258,2903,7980,-924,1395,4,92.3,16448,17814,-11,50,205,850,463,220,16031,853,123,9213,1473,6240,4996,4650,223,5456,2,5458,9287,3047,1564,91,782,3047,502,1390,-74,20.8,23.7,55.1,30.8,24.5,126452,222694,27754,72541,122,50321,276,49919,105526,4076,16849,50355,17257,172339,1364,38126,49757,109580,50045,253460,34,34,38022,86332,-2825,335699,3572,1031668,1091128,1787097,8982,3732,1004,185,44023,-2060,695969,38.9089250204
2013-07-29,82.7399993896,24.0659999848,13.0299999237,125.90803833,2993.34,95.8928571429,779,69.927139285,56.92809963,79.728013995,240342,48909,359959,25865,1865700,-372415,361066,108.11,105.498,104.82,104.882,123.264,115.108,117.488,92.686,91.824,122.632,97.71,22.752,1401,-2.825,8168,46,121,25,270,8168,10208,115,57,58,25,238,675,6,8,24,872,92,242,700,2040,52,2955,118,731,252,514,1030,258,2903,8116,-863,1401,6,91.3,16257,17814,-30,4,112,858,452,365,15965,832,119,9504,1515,6125,4825,4463,243,5539,3,5542,9215,3090,1601,86,583,3090,511,1388,289,20.9,24,58.2,31.6,24.7,125986,223464,26976,72545,443,51181,273,49648,104970,3845,17171,51222,16453,172242,1668,37887,49606,111173,50908,254276,41,41,37252,85979,431,336130,4216,1032099,1092744,1788713,9147,3708,960,349,42119,-1904,695969,38.8949649455
2013-08-05,75.4199996948,22.8019996643,12.7359998703,124.725259399,3063.74,98.8028571429,800.5,73.55981064,105.813858025,65.079935075,236610,55275,348164,29345,1837823,-371921,362941,107.844,105.12,104.51,104.723333333,123.573333333,112.94,115.566666667,92.43,92.12,123.233333333,98.71,22.592,1388,0.431,7914,45,161,56,297,7914,10149,54,53,1,56,77,579,63,109,55,1082,73,272,635,2235,52,2955,118,731,252,514,1030,258,2903,7862,-668,1388,-13,90.9,16200,17815,-47,128,47,865,384,257,15893,853,169,9552,1514,6250,4917,4585,162,5568,2,5571,9316,3066,1590,76,680,3066,473,1400,236,20.9,25,57.7,31.7,24.8,126455,223599,26319,72713,244,51907,287,50601,104454,4140,17860,51949,16716,171649,1482,38460,48091,113754,51620,254217,42,42,37414,85527,-1431,334699,3616,1030668,1093386,1789355,9246,3761,1145,208,39874,-2245,695969,38.9353286713
2013-08-12,83.6199981689,21.9159999847,13.4520000458,128.285798645,3174,76.8728571429,822.5,63.58159065,76.43136215,57.53346443,239194,50405,343774,32947,1879218,-362824,357526,110.1,106.916,105.756,106,123.69,114.108,116.358,93.096,92.862,124.164,100.662,23.32,1385,-1.32,7917,118,84,34,157,7917,9691,76,73,3,34,120,479,193,60,33,649,57,251,513,1774,52,2955,118,731,252,514,1030,258,2903,7865,-1129,1385,-3,89.4,15927,17815,5,9,275,857,341,52,15611,857,108,9072,1399,6010,4855,4529,218,5476,2,5478,9081,3071,1543,144,532,3071,468,1363,-9,20.9,24.4,57.9,32.6,24.3,128482,222430,25156,72029,760,49507,291,50448,106209,4301,17972,49553,16425,172876,1585,38033,49639,115877,49216,254951,46,46,37472,85301,-2812,331887,4059,1027856,1091531,1787500,9190,3246,1164,197,38515,-1359,695969,38.9968509761
2013-08-19,90.4200004578,23.3340000153,14.9379999161,129.588220215,3175.92,101.45,783,97.23500061,118.75937653,75.70536995,246319,52792,344720,35934,1934417,-353811,350475,110.16,105.472,107.174,107.394,123.522,113.468,115.984,93.4,93.29,124.346,100.798,23.59,1397,-2.812,7951,26,68,100,96,7951,9688,101,60,41,100,83,272,55,63,99,852,85,252,373,1737,55,3245,145,831,222,389,1256,347,3190,7896,-1453,1397,12,91,16209,17815,-137,-27,267,868,574,471,15845,844,153,9436,1484,6177,4891,4540,199,5558,2,5560,9269,3092,1583,99,617,3092,440,1398,167,20.9,23.9,54.7,34.3,23.8,129353,218401,24320,71225,895,49431,298,50195,108293,4720,16340,49474,16482,168927,1649,37359,46612,117842,49133,257781,43,43,36984,87041,-1428,330459,3602,1026428,1088711,1784680,9200,3308,1255,373,37425,-1090,695969,38.9495575167
2013-08-26,98.2500019074,24.4520000458,16.413999939,131.630380249,3117.85,93.67,775.5,138.5760155,158.4410057,116.730114,259763,51450,339265,36503,1835367,-356272,345377,114.174,108.296,110.472,110.676,125.492,117.232,119.688,94.348,93.8,126.9,104.002,27.184,1382,-1.428,8374,142,18,62,207,8374,10405,165,112,53,62,240,608,117,35,61,856,83,136,670,2031,55,3245,145,831,222,389,1256,347,3190,8319,-1159,1382,-15,91.2,16243,17815,-139,119,298,867,502,224,15774,820,130,9403,1502,6120,4888,4533,226,5560,2,5562,9218,3098,1600,98,558,3098,387,1409,185,21.1,24.1,51.6,34.5,23.8,129037,217814,23022,70255,799,50041,284,49970,107447,4624,16966,50082,16250,167732,1479,37694,46708,122683,49757,258981,41,41,35585,84969,2986,333445,4302,1029414,1090878,1786847,9031,3474,1244,334,36588,-837,695969,38.9111221439
2013-09-02,107.566668193,24.7600002289,16.027500391,130.622226715,3081.4,144.371428571,810,115.8318672,112.99419401,119.37360765,278462,46500,352663,35140,1855284,-365991,345130,115.26,108.6675,109.976,110.26,125.696,118.264,121.426,93.974,92.904,126.328,105.274,28.42,1388,2.986,8255,96,0,78,93,8255,10206,89,87,2,78,163,352,148,30,76,947,61,239,430,1951,55,3245,145,831,222,389,1256,347,3190,8200,-1239,1388,6,91.7,16330,17815,-148,31,73,861,392,436,15936,819,188,9065,1546,6127,5049,4669,191,5507,3,5510,9224,3097,1670,124,617,3097,408,1396,-159,21,25.6,57,34.9,23.7,129586,215987,22978,72790,864,47953,285,48757,108615,4603,16368,47996,16216,167991,1463,39577,45580,123400,47668,258837,43,43,36217,84273,-1836,331609,3970,1027578,1092643,1788612,9094,3569,872,168,34759,-1829,695969,38.8310550689
2013-09-09,98.6199996948,23.4439998627,14.4859998703,129.657839966,3070.3,69.0657142857,849,81.012477875,95.881469725,70.83356476,274208,49303,339135,33164,1856725,-362382,339348,112.376,108.256,109.452,110.03,124.482,114.192,116.84,93.226,92.292,125.054,104.268,25.224,1365,-1.836,8017,92,0,11,129,8017,9523,99,97,2,11,169,390,85,18,9,681,103,122,401,1506,55,3245,145,831,222,389,1256,347,3190,7962,-1684,1365,-23,92.5,16476,17815,-190,42,2,834,68,215,15896,848,159,9069,1534,5997,5049,4615,275,5392,3,5395,8916,2919,1628,94,601,2919,422,1430,153,20.9,25.4,54.9,35.8,24.2,132172,217645,22701,72356,761,48855,319,50306,110953,4637,16582,48890,16269,168755,1465,39058,45332,124507,48536,261840,35,35,33858,85001,-618,330991,4676,1026960,1096331,1792300,8605,2771,1328,492,34120,-639,695969,38.9631641738
2013-09-16,85.2,23.5380004883,13.7559999466,128.827359009,3090.7,136.575714286,889.5,101.722671525,82.630008695,105.8424797,256527,53376,328435,38377,1901643,-354876,334825,109.368,106.228,108.028,108.18,122.956,112.826,115.812,93.908,92.906,123.214,102.648,22.38,1361,-0.219,7578,75,75,9,206,7578,9465,90,88,2,9,127,483,67,100,9,1079,59,97,492,1887,55,3245,145,831,222,389,1256,347,3190,7523,-1303,1361,-4,92.5,16479,17815,-54,46,-140,842,310,457,16110,838,118,9288,1465,6006,5063,4597,348,5402,2,5404,9031,3024,1570,105,603,3024,446,1406,257,20.5,26.6,54.9,34.5,24.2,131093,216018,21579,69752,958,48305,309,51987,109571,4569,16953,48341,16178,167677,1899,39678,44980,125685,47995,262597,36,36,33628,85294,-4368,326623,3327,1022592,1090254,1786223,9028,3899,1251,187,33259,-861,695969,38.93088565
2013-09-23,76.2000015259,22.3740001678,14.384000206,127.541241455,3105.22,113.41,847,152.7415695,150.962112405,150.7694626,245018,57885,316094,35135,1926402,-343977,326831,108.592,103.056,105.154,106.346,121.55,112.606,115.748,94.32,93.722,121.492,99.818,22.14,1369,-4.368,7925,38,0,37,185,7925,10076,137,113,24,37,200,424,96,88,37,1129,92,189,460,2151,56,3428,140,864,227,382,1386,373,3372,7869,-1221,1369,8,90.3,16092,17815,-235,-41,257,852,204,223,15591,832,155,9030,1411,5917,4797,4376,267,5438,2,5440,8965,3049,1519,108,477,3049,403,1430,65,20.7,27.9,56.9,35,24.3,130859,216235,21178,70265,1207,47245,308,52057,108216,5116,17527,47279,15613,168956,1852,40505,45427,124517,46938,259993,34,34,33817,84331,2635,329258,3651,1025227,1091735,1787704,8846,4144,1150,183,32847,-412,695969,38.8216112133
2013-09-30,82.5199996948,24.5100002289,16.6300001145,126.957460022,3111.6,186.782857143,911,117.42251205,138.41178135,95.23266602,226757,59012,302446,27348,1881081,-340143,320758,108.792,103.124,104.074,105.616,122.622,110.398,113.844,94.956,94.81,121.576,97.888,22.036,1362,2.635,8363,32,104,36,176,8363,10150,85,82,3,36,210,523,73,17,36,817,64,175,559,1787,56,3428,140,864,227,382,1386,373,3372,8307,-1585,1362,-7,89,15856,17815,-154,121,-209,846,52,293,15445,875,149,8929,1393,5887,4892,4413,330,5413,2,5415,8915,3028,1497,104,471,3028,436,1437,14,21.2,26.8,56.1,34.5,25.1,129179,219730,20672,72154,1020,47695,327,52889,106483,4708,17989,47733,15509,171998,1721,39798,45934,122667,47367,256596,38,38,34200,83450,5472,334730,3413,1030699,1096767,1792736,8527,3568,1050,174,32788,-59,695969,38.7858269384
2013-10-07,79.8800003052,25.45,18.3100000381,127.996502686,3113.28,190.53,880,80.110004425,97.006423955,68.78959656,221166,59826,283878,29476,1856649,-333673,315438,110.396,102.632,105.728,106.782,124.852,112.168,114.842,94.354,93.986,123.234,99.084,22.028,1372,5.472,8043,50,90,9,264,8043,10037,139,130,9,9,162,566,45,18,9,882,125,227,576,1994,56,3428,140,864,227,382,1386,373,3372,7987,-1378,1372,10,86,15311,17815,-305,113,214,868,231,208,14890,868,45,9249,1353,5876,4624,4383,196,5571,2,5573,8959,3082,1458,105,303,3082,338,1419,290,22,29.7,54.8,33,25,126038,219879,19308,71707,815,47977,302,51195,103036,4521,18482,48007,15390,171872,1692,40865,48155,121834,47675,253962,30,30,34336,82779,6744,341474,2947,1037443,1098421,1794390,8846,3603,1395,164,32620,-168,695969,38.7882263572
2013-10-14,72.8999996185,24.1959999084,15.1919998169,128.243864441,3136.84,251.297142857,843.5,87.58715822,88.578828825,74.803039555,230788,65794,283670,29833,1871940,-331117,315594,110.182,101.478,106.6525,107.3875,124.8675,113.085,115.3625,94.8475,94.5525,124.3375,101.525,21.822,1367,6.807,8004,140,85,46,194,8004,10122,67,66,1,46,120,538,50,11,46,1129,100,187,584,2118,56,3428,140,864,227,382,1386,373,3372,7948,-1254,1367,-5,86.2,15352,17815,18,98,10,857,483,356,14853,869,128,9335,1325,5988,4793,4390,276,5522,2,5524,9054,3066,1415,90,464,3066,369,1387,281,22.7,29.7,54.8,33.2,24.6,124237,217309,18972,68709,833,47489,302,52053,100779,4844,18614,47525,15419,169784,1785,40559,48189,120909,47187,254369,36,36,34441,84406,3999,345473,4624,1041442,1098310,1794279,9077,3397,1256,159,32986,366,695969,38.7084269107
2013-10-21,64.1679992676,20.6720001221,13.2399999619,127.610360718,3145.36,102.635714286,878,60.74899864,75.92131424,40.967147825,226425,64413,276331,30019,1824929,-317385,302932,108.266,97.768,105.538,106.89,123.074,111.51,113.914,94.632,93.808,122.83,100.852,21.594,1361,6.807,7656,21,14,17,184,7656,9389,117,99,17,17,202,421,52,104,17,907,117,101,438,1733,56,3428,140,864,227,382,1386,373,3372,7600,-1639,1361,-6,85.9,15308,17815,-307,17,127,851,386,549,14855,897,157,9130,1386,5899,4819,4394,268,5506,2,5508,8906,3007,1459,73,391,3007,399,1375,224,23.4,29.8,52.3,34.2,24.5,125774,215504,18691,68097,916,47331,289,51539,101743,4295,19737,47367,15499,168136,1869,40720,47585,119324,47043,253771,36,36,34052,85642,5246,350719,3282,1046688,1102009,1797978,8797,3279,1341,174,33344,358,695969,38.8335034235
2013-10-28,61.8399993896,20.6059997558,13.4799999237,125.826220703,3155,116.184285714,863.5,65.255184175,73.258975985,50.40577507,233627,83466,282909,31188,1785295,-316727,299196,108.646,96.928,105.764,106.988,123.96,110.792,114.08,95.45,93.814,123.266,102.354,20.808,1357,4.6225,7459,42,30,38,140,7459,9595,138,89,49,38,286,499,80,61,38,1012,147,223,537,2136,56,3379,165,776,249,397,1356,380,3323,7403,-1187,1357,-4,87.3,15550,17815,-197,40,92,870,506,571,15052,911,150,9434,1382,6009,4937,4562,225,5586,2,5588,9068,3059,1440,58,421,3059,395,1466,366,23.8,27.5,46.9,32.6,23.9,122716,213791,18281,68327,747,47599,292,50744,99451,4493,18771,47635,14961,166156,1858,38508,46338,117644,47307,252190,36,36,34449,86215,4087,354806,4953,1050775,1096218,1792187,9054,3559,1532,164,35522,2178,695969,39.0247964284
2013-11-04,67.2619995117,19.8600002289,13.136000061,122.986778259,3094.72,84.7885714286,841.5,90.14311219,55.890958785,103.29506302,215453,96002,277966,34010,1774386,-306482,302216,105.076,94.318,103.682,104.198,121.66,108.312,111.818,92.868,91.956,120.684,101.476,21.078,1376,4.087,7224,65,0,55,280,7224,9301,226,162,64,55,73,417,53,62,55,1015,147,163,472,2077,56,3379,165,776,249,397,1356,380,3323,7168,-1246,1376,19,86.8,15465,17815,60,19,67,859,458,312,15068,902,149,8352,1378,6078,4942,4556,237,5534,2,5536,9136,3058,1484,106,543,3058,397,1487,-784,23.8,28.1,42.1,30,23.2,117817,210036,18625,75202,613,38753,315,48619,94596,3885,19335,38783,15165,171254,1738,39479,46820,115027,38437,252566,30,30,34307,87887,1189,355995,4243,1051964,1087433,1783402,9292,3228,1775,183,36513,991,695969,39.1548807664
2013-11-11,64.8750009537,19.6560001373,12.4859998703,123.182920837,3053.66,75.9985714286,859.5,90.48015213,37.909668925,128.12818145,204432,101888,275266,41416,1736874,-311244,299514,107.274,93.932,103.832,104.882,121.128,111.788,114.69,92.052,91.766,121.06,103.26,19.79,1383,1.577,7844,43,25,56,194,7844,9803,130,57,73,56,129,390,55,60,56,1031,152,144,446,1959,56,3379,165,776,249,397,1356,380,3323,7788,-1364,1383,7,88.7,15801,17815,63,9,81,874,676,522,15411,927,100,9434,1375,6398,4947,4577,270,5581,2,5584,9496,3098,1496,121,814,3098,470,1444,-62,23.8,26.3,39.4,29.7,23.1,117336,209198,18212,76589,579,39295,312,48456,94411,3717,19207,39326,15153,169872,1633,38253,44248,111330,38983,247452,31,31,34668,86800,2640,358635,5805,1054604,1081508,1777477,9032,4222,1526,165,38204,1691,695969,39.4150790914
2013-11-18,64.4600006104,20.7280002594,12.9620000839,122.789219666,3040.1,79.58,863,85.353302005,70.41731453,83.21289444,192633,103545,274090,50357,1735933,-309918,305566,108.916,93.996,106.1,106.134,123.028,113.134,116.032,93.38,92.658,122.472,104.106,19.238,1385,2.64,7863,19,0,63,254,7863,9442,97,87,10,63,116,388,77,12,62,576,122,256,451,1579,56,3379,165,776,249,397,1356,380,3323,7807,-1744,1385,2,88.6,15782,17815,38,-6,318,853,783,434,15447,904,184,9268,1359,6510,4907,4413,310,5496,2,5497,9552,3043,1451,91,1012,3043,469,1442,-284,23.6,25,35.9,26.8,23,112541,208853,17918,76059,665,39484,317,47170,90377,3889,18275,39517,15083,169336,1764,37268,45443,107667,39167,242910,33,33,35737,85897,375,359010,5355,1054979,1069774,1765743,8924,3839,1664,175,39940,1736,695969,39.4516989928
2013-11-25,66.5500011444,19.6950001717,13.0699999332,123.874324799,3036.36,91.5185714286,809.333333333,110.12004343,65.0339024867,138.071222937,205304,97923,275597,38887,1620641,-315689,313160,110.748,93.1975,108.292,108.348,127.218,114.696,117.044,93.676,92.984,126.01,105.714,19.3725,1387,0.375,7718,54,97,22,322,7718,9496,158,127,30,22,214,687,123,20,21,432,134,221,710,1778,57,3443,126,854,288,361,1394,363,3386,7661,-1608,1387,2,89.4,15917,17815,118,80,54,837,633,381,15551,927,93,9420,1427,6420,5022,4553,375,5395,2,5397,9421,3002,1502,75,1023,3002,407,1467,-1,23.6,24.1,35.1,26.6,23.3,110875,210604,17912,75588,387,40673,310,48638,88124,3317,19434,40704,15022,169900,1737,35982,45286,105475,40363,241952,31,31,34797,86977,2953,361963,5688,1057932,1068135,1764104,8909,3100,1518,401,40616,676,695969,39.6108290358
2013-12-02,73.2599990845,21.1240001678,14.4699998856,124.751080322,3034.84,85.5542857143,848.5,65.935916905,75.73766327,53.03448486,225114,95353,273257,44438,1636454,-310298,307539,111.708,96.418,108.212,108.226,128.468,114.818,117.386,93.68,92.814,127.656,107.532,19.07,1391,2.953,7809,70,49,56,220,7809,9786,211,209,2,56,305,645,18,63,56,776,126,145,701,1977,57,3443,126,854,288,361,1394,363,3386,7752,-1409,1391,4,92.4,16453,17815,-168,49,98,837,579,600,16106,913,171,8977,1444,6430,5111,4636,305,5396,2,5398,9387,2957,1564,120,1032,2957,441,1457,-410,22.8,23.6,34,28.9,23.8,113524,212432,18341,78806,325,39252,314,48365,90200,3673,19650,39283,15124,173148,1870,36321,45653,101144,38938,238191,31,31,34803,86797,-5585,356378,3584,1052347,1061048,1757017,8873,4243,1676,224,40598,-18,695969,39.727092401
2013-12-09,70.9250011444,20.8819999695,14.8239999771,126.402059937,3106.5,101.281428571,846,53.170124055,35.94762993,61.829452515,227153,95737,287518,40857,1645686,-324744,320848,109.194,97.478,106.706,107.292,125.218,115.334,117.79,93.888,92.834,126.368,106.212,18.128,1397,-5.585,6862,20,120,57,341,6862,8413,85,84,1,57,133,614,25,18,57,509,133,127,671,1551,57,3443,126,854,288,361,1394,363,3386,6805,-1835,1397,6,92.6,16501,17818,-90,58,157,826,426,301,16131,944,171,8982,1515,6537,5262,4824,267,5404,2,5406,9428,2891,1619,105,1131,2891,442,1479,-446,21.8,24.1,32.8,31,25,118065,219149,19057,80406,478,41538,263,49455,95076,3812,19177,41581,15448,177568,1882,36587,47229,97555,41275,233839,43,43,34827,85489,-11004,345374,4920,1041343,1055906,1751875,8348,3657,1561,205,41223,625,695969,40.0148222423
2013-12-16,67.6800003052,21.6340000152,14.7959999084,126.544940186,3131.06,103.547142857,853.5,111.08818055,103.81344606,120.01544191,221328,104183,282534,30335,1661416,-349723,349003,110.12,98.118,106.228,106.914,125.16,114.68,117.778,94.366,93.39,125.442,107.168,17,1411,-10.585,7732,41,28,55,220,7732,9739,226,112,115,55,255,544,63,21,55,765,121,233,599,2007,57,3443,126,854,288,361,1394,363,3386,7675,-1379,1411,14,91.5,16310,17818,35,22,-63,827,408,414,15931,928,150,9311,1513,6393,4956,4482,324,5299,2,5300,9376,2983,1595,82,1093,2983,448,1405,-65,21.5,24.5,31.4,31,25.1,115955,220486,19597,83082,387,41449,267,49539,94907,3911,17136,41493,15625,178993,1786,37026,45985,92303,41182,226614,44,44,35212,82918,-2941,342433,5989,1038402,1043309,1739278,9016,4539,1618,265,40623,-600,695969,40.3092949498
2013-12-23,66.6500015259,19.9450001717,12.5774998665,127.47857666,3152.8,64.4171428571,659,95.41694642,90.15758133,100.203678135,200642,109271,289218,36308,1629694,-349975,346700,111.905,99.5,108.5775,109.1775,126.7975,118.185,121.425,95.8125,94.5825,127.0725,109.015,15.405,1395,-2.941,7535,35,18,59,265,7535,9145,175,70,105,59,110,428,46,21,57,491,117,295,486,1610,58,3641,123,877,370,376,1339,498,3583,7477,-1973,1395,-16,92.7,16510,17818,182,19,75,876,771,494,16233,926,144,9715,1534,6752,5071,4640,287,5691,1,5693,9916,3163,1620,86,1060,3163,493,1440,-201,21,24.1,29.7,30.2,24.8,114105,219872,20335,82621,884,42152,258,49398,92497,3817,17791,42195,15660,177678,1630,36238,44774,88157,41893,222878,43,43,36706,82593,-4731,337702,4369,1033671,1030603,1726572,9176,3736,1546,199,40177,-446,695969,40.4643961408
2013-12-30,72.1749992371,20.5025000572,13.8175001144,125.79955101,3159.425,118.325714286,581,117.275466933,145.054445923,82.42922339,216252,87311,293096,29131,1598935,-364548,352765,109.17,96.7775,107.415,107.5175,125.1425,118.04,121.45,95.34,94.2625,126.01,108.27,18.78,1382,-4.731,7495,11,19,8,91,7495,8818,140,59,39,8,117,238,31,14,8,616,105,183,247,1323,58,3641,123,877,370,376,1339,498,3583,7437,-2260,1382,-13,92.4,16461,17818,-385,67,-213,808,-237,294,16247,913,163,9078,1546,6131,5233,4760,310,5189,1,5190,9002,2871,1643,98,941,2871,458,1452,76,20.5,24.2,29.9,32,24.9,119147,220716,21087,84031,513,40022,263,49799,97306,3968,17873,40062,15582,180654,1659,36803,46311,84956,39760,218125,40,40,37016,80105,-7007,330695,4953,1026664,1023985,1719954,8893,3700,1407,221,39625,-552,695969,40.4223275934
2014-01-06,70.7800010681,18.7560001373,12.8740001678,123.913398743,3119.66,91.87,825.5,94.097255705,130.742027285,57.24516106,222382,85771,299360,28974,1615844,-369868,355289,106.974,92.762,104.118,104.224,121.5,114.3,117.912,93.472,92.274,121.888,105.58,19.904,1378,-7.007,7961,34,87,10,167,7961,9383,114,49,65,10,82,369,61,15,9,528,125,215,379,1422,58,3641,123,877,370,376,1339,498,3583,7903,-2161,1378,-4,92.3,16449,17818,-338,-24,-170,756,-510,22,16134,919,97,9120,1580,6148,5079,4594,389,4887,1,4888,8782,2634,1668,88,1260,2634,467,1473,338,20.2,24.5,27,34.2,25.7,124973,226959,22135,82717,1056,42525,267,51314,102464,3335,19174,42567,16138,184392,1761,37421,49305,80581,42258,213464,42,42,37650,78496,-3958,326737,3855,1022706,1025775,1721744,8274,3470,1723,215,40725,1100,695969,40.6646512617
2014-01-13,60.4799995423,15.8660001755,12.5619997025,124.906358337,3159.7,66.2214285714,813,78.30218887,77.2481842,88.932331095,197415,97319,291373,44196,1619796,-345323,331011,106.768,93.378,103.03,103.03,120.416,113.994,116.992,94.102,92.584,120.298,103.678,18.656,1393,-2.675,6889,30,41,8,188,6889,8267,208,86,106,8,138,397,48,19,8,469,146,102,405,1378,58,3641,123,877,370,376,1339,498,3583,6831,-2205,1393,15,90,16035,17818,-243,72,-122,797,-135,158,15731,868,118,8325,1448,6093,4709,4231,359,5170,1,5171,8874,2781,1530,82,922,2781,505,1420,-549,19.8,24.2,24.1,34.8,27.1,123950,233142,22348,86901,990,41225,261,53425,102639,3012,18300,41263,16078,191880,1569,37123,50563,77292,40964,209719,38,38,37770,78304,-7658,319079,4428,1015048,1015515,1711484,8021,3666,1736,214,40870,145,695969,40.7589347155
2014-01-20,61.4250001907,16.2850003242,14.4049999714,125.924976349,3143.52,99.8357142857,758.333333333,105.72899119,104.349182123,90.83000692,185276,99618,284307,54585,1623027,-337308,327351,107.362,96.42,103.942,103.942,121.4,114.596,117.754,94.524,93.31,121.084,103.756,18.67,1408,-7.658,7544,29,128,55,180,7544,9203,191,107,58,55,136,473,59,49,55,510,231,141,528,1659,58,3641,123,877,370,376,1339,498,3583,7486,-1924,1408,15,86.5,15408,17818,-11,23,164,802,484,308,15216,905,138,8475,1407,6048,4468,4070,261,5099,2,5101,8938,2890,1504,97,947,2890,590,1401,-463,20.2,26.3,21.3,34.9,28.3,120738,235265,22259,88432,915,41032,267,54571,98894,3376,18468,41072,17018,194193,1392,38047,50275,74527,40766,208195,40,40,36961,79583,990,320069,5559,1016038,1011556,1707525,8059,3596,1746,471,41592,722,695969,40.849100458
2014-01-27,64.4749984741,18.2259998322,17.2540002823,126.387799072,3068.6,89.6385714286,822,70.16514206,40.34254837,86.6212883,192169,101854,294921,64418,1613293,-339453,340049,107.26,97.242,103.915,103.8825,121.9525,114.5275,117.9175,94.91,94.2375,121.825,103.27,20.528,1416,0.99,8048,18,0,73,199,8048,9914,317,158,110,73,176,393,77,19,73,685,118,204,466,1866,61,3722,156,875,376,372,1296,586,3661,7987,-1795,1416,8,88.2,15712,17818,-84,72,153,815,435,294,15417,900,166,9187,1342,6164,4848,4424,257,5283,1,5284,9035,2871,1469,127,881,2871,524,1399,152,20.9,25.9,18.5,30.9,28.5,116154,234446,22577,87015,580,41658,264,53889,95754,3068,17333,41699,16932,192747,1229,37531,51262,71513,41394,206538,41,41,38022,80559,6421,326490,4290,1022459,1007787,1703756,8584,3617,1654,204,41829,237,695969,40.9768829451
2014-02-03,66.2333323161,18.1400001526,18.6040002823,127.874940491,3043.36,84.8885714286,820,56.267988205,69.561094285,45.89989567,206902,108631,306886,46604,1591971,-353962,351146,106.966,97.744,102.472,102.468,121.408,112.94,115.986,93.456,92.798,121.022,101.806,20.488,1422,6.421,6887,77,94,56,213,6887,8849,313,161,103,56,180,564,16,47,56,660,159,193,620,1962,61,3722,156,875,376,372,1296,586,3661,6826,-1699,1422,6,86.1,15343,17818,-132,19,215,801,497,395,15049,895,125,8796,1341,6026,4586,4164,297,5103,1,5105,8977,2951,1424,83,921,2951,459,1406,-181,21.3,25.2,19.1,28.5,28.4,113794,234951,23075,87661,667,40362,265,54414,94173,2941,16680,40394,16739,194557,1394,36167,51816,67839,40097,205181,32,32,37870,81986,440,326930,3948,1022899,1002474,1698443,8452,3629,1308,302,40276,-1553,695969,40.9326833216
2014-02-10,60.0399993897,16.5019996643,14.3560001373,129.365719604,3074.28,71.9814285714,861.5,69.69099617,66.089401245,67.193012235,199966,115690,311829,35898,1561179,-364047,360217,108.782,100.204,105.038,105.074,123.536,117.378,120.212,94.108,93.32,122.84,101.704,18.882,1416,0.44,7929,20,0,15,118,7929,9700,269,151,15,15,196,334,98,46,15,701,211,142,350,1771,61,3722,156,875,376,372,1296,586,3661,7868,-1890,1416,-6,87.1,15511,17818,37,-80,291,816,711,463,15215,902,88,8866,1409,6145,4598,4213,298,5251,2,5252,9078,2933,1483,75,892,2933,404,1429,-212,21.7,26.7,17.5,28.4,27.9,113063,233098,23318,87705,1160,40146,294,53338,92856,3072,17135,40185,17062,192913,1518,37028,50711,65776,39852,208472,39,39,37701,85769,3053,329983,5376,1025952,1004308,1700277,8325,3357,1684,198,37603,-2673,695969,40.9929572612
2014-02-17,57.6000003815,16.1399998665,14.7100000382,133.397174835,3115.94,97.45,873,109.190333043,80.9108428933,134.283711753,220535,111312,329612,23591,1646415,-389764,382334,110.052,102.715,106.582,106.578,125.048,118.094,121.21,94.94,94.048,124.078,102.514,18.065,1423,3.267,7421,46,0,17,160,7421,9077,329,249,70,17,187,393,94,38,17,562,155,105,410,1656,61,3722,156,875,376,372,1296,586,3661,7360,-2005,1423,7,86.8,15460,17818,-45,-1,161,806,528,412,15178,903,126,8776,1348,5895,4542,4086,331,5152,2,5154,8811,2915,1433,85,741,2915,405,1400,-35,21.8,27.2,17.8,28.6,28,112724,233407,23499,86670,442,41386,283,54358,93322,2967,16435,41427,17203,191980,1410,37645,50510,63166,41103,206401,41,41,36757,86341,973,330956,5183,1026925,1001808,1697777,8030,4152,1348,273,35870,-1733,695969,41.0049850378
2014-02-24,57.5599998474,16.0159996033,14.0579999924,133.729663086,3086.92,83.9842857143,847.5,66.224451065,74.764829635,63.906442645,229858,108151,352401,20544,1650294,-423952,416441,109.54,102.446,105.838,106.038,123.97,118.222,121.254,94.096,93.24,123.014,103.286,18.524,1425,0.973,7037,19,43,10,113,7037,8638,315,82,125,10,91,266,58,20,10,493,196,263,276,1601,64,3813,174,985,369,382,1263,576,3749,6973,-2148,1425,2,88,15678,17818,185,35,123,835,605,262,15299,905,93,8693,1378,6129,4613,4180,339,5397,2,5399,9094,2965,1474,97,730,2965,430,1378,-401,21.8,29.2,19.2,30.4,27.7,113062,230600,24082,85470,459,38538,283,54978,93618,3173,16271,38573,17024,192027,1558,38583,51120,61848,38255,207234,35,35,37107,87866,68,331024,5472,1026993,1001310,1697279,8535,3436,1211,261,34792,-1078,695969,40.952337241
2014-03-03,60.2,16.5019996643,14.4620000839,135.975820923,3081.82,58.2014285714,863,189.1633835,122.00922775,228.3807602,241801,101880,360868,21816,1643886,-433221,416438,109.072,102.768,105.38,105.398,123.22,118.292,121.434,93.142,92.346,121.7,102.456,20.208,1430,0.068,7112,58,0,8,132,7112,9014,404,221,111,8,132,323,10,83,8,700,266,191,330,1902,64,3813,174,985,369,382,1263,576,3749,7048,-1847,1430,5,87.4,15565,17818,225,31,90,846,907,561,15212,894,116,9037,1402,6366,4607,4176,315,5460,2,5462,9379,3013,1502,100,905,3013,425,1440,-342,21.8,29,19.7,31.7,27.5,114476,228996,24794,83398,309,38935,275,57113,95831,3206,15438,38976,16611,190020,1401,37934,49200,62057,38660,208956,41,41,36911,88933,1429,332453,4325,1028422,1003492,1699461,8411,3372,1269,262,32132,-2660,695969,40.9974245873
2014-03-10,57.3259994507,16.8519996643,15.501999855,135.012380981,2949.28,56.0742857143,836.5,109.49809645,87.835727695,137.75305935,242616,95831,368360,21891,1687807,-445795,425818,108.122,99.246,104.072,104.068,121.114,117.514,120.312,92.644,91.798,119.778,101.76,20.884,1443,1.429,7311,36,92,8,153,7311,9155,271,117,109,8,106,387,84,44,8,672,212,209,395,1844,64,3813,174,985,369,382,1263,576,3749,7247,-1905,1443,13,86,15314,17818,62,69,149,841,797,518,14987,869,115,9357,1371,6211,4613,4178,321,5450,2,5453,9203,2992,1478,108,759,2992,431,1322,154,22.3,27.1,20.2,31.5,26.4,113943,223766,25251,80939,334,37809,245,57068,95125,4167,14651,37855,15908,185911,1305,37025,47571,60810,37564,209175,46,46,37414,89964,5880,338333,3733,1034302,1001623,1697592,8949,3355,1322,186,30791,-1341,695969,41.009793292
2014-03-17,61.641999054,17.2340003967,14.9600002289,133.995077515,2944.24,128.562857143,911.333333333,136.565579747,56.9170710233,184.125951133,227403,90927,357628,29533,1697240,-430771,406832,106.45,99.408,103.838,103.618,120.49,115.3,117.65,92.908,91.348,118.576,101.482,19.924,1461,6.18,7309,39,0,15,234,7309,9124,265,110,23,15,133,407,8,74,15,876,104,141,421,1815,64,3813,174,985,369,382,1263,576,3749,7245,-1934,1461,18,85.6,15251,17818,118,0,421,845,890,351,14951,891,80,9231,1311,6342,4715,4320,315,5472,3,5475,9362,3020,1407,96,867,3020,487,1361,-131,22.8,26.2,21.5,29.5,25.8,110846,222299,25112,80131,392,38909,251,56203,92363,3945,14538,38958,15277,183341,1240,36230,46615,60530,38659,208709,49,49,37326,90058,5850,344183,4292,1040152,1001111,1697080,8512,3428,1070,259,29802,-989,695969,40.878324008
2014-03-24,59.2280006409,17.4180000305,14.6140001297,133.90687561,2964.88,57.8614285714,820,126.37506105,67.278913495,167.0323334,212713,77511,334104,31784,1623266,-401999,384285,107.346,100.4,104.116,104.206,121.668,114.996,118.026,92.888,91.296,119.686,102.232,19.26,1473,5.85,7617,31,46,22,345,7617,9504,228,138,62,22,184,606,96,30,22,701,123,110,628,1887,64,3813,174,985,369,382,1263,576,3749,7553,-1862,1473,12,86,15324,17818,236,10,319,857,941,376,15092,885,95,9000,1363,6300,4733,4409,230,5537,3,5540,9339,3039,1452,90,760,3039,439,1395,-339,23.3,26,21,30.2,24.9,112401,217198,25690,78724,700,35017,248,57848,93949,4058,14394,35066,15653,182132,1376,36547,44860,62129,34769,211020,49,49,37290,90128,6619,350802,4428,1046771,1006569,1702538,9002,3046,1232,172,28477,-1325,695969,40.9088638056
2014-03-31,62.7199996948,16.4060003281,13.4800001144,134.127203369,3012.12,52.4385714286,828.5,90.23996735,91.29257202,80.11759378,213034,82962,331998,38595,1604566,-409690,391174,106.208,100.474,103.064,103.19,121.082,114.508,118.272,91.652,90.108,119.194,102.28,19.078,1487,6.619,6831,46,46,71,188,6831,8501,240,131,88,71,182,461,107,39,71,484,91,203,533,1670,67,3609,135,1013,325,385,1155,529,3542,6764,-1872,1487,14,87.7,15623,17818,333,69,269,850,928,257,15315,922,85,9043,1401,6495,4789,4463,241,5508,2,5510,9525,3030,1488,87,984,3030,458,1412,-482,23.1,24.6,22.7,29.9,24.5,112955,215624,25543,77656,603,34125,251,57761,95294,4121,13539,34171,15875,181453,1632,35620,45433,63409,33875,213747,46,46,36486,91541,-2379,348423,5929,1044392,1005298,1701267,8713,2660,1048,391,27254,-1223,695969,40.7715983183
2014-04-07,56.6800003052,15.4039999008,15.4400001526,136.102182007,3048.42,72.4342857143,838,84.44022749,51.87286377,100.306703565,212864,85195,338659,37738,1644507,-410293,391783,107.252,102.748,103.66,103.672,121.694,116.854,120.764,91.172,90.098,119.086,102.58,18.638,1498,-2.379,7312,75,43,39,248,7312,9119,318,303,15,39,97,463,129,45,39,635,69,116,502,1807,67,3609,135,1013,325,385,1155,529,3542,7245,-1735,1498,11,87.5,15694,17933,249,-32,553,852,1401,631,15337,896,75,9370,1439,6749,4798,4465,258,5469,2,5471,9840,3091,1522,83,1278,3091,510,1406,-470,23.2,26,25.3,29.5,23.9,113194,210436,25702,78098,702,33317,255,55140,95098,3998,14099,33361,16407,177076,1560,36641,43135,67562,33061,217037,44,44,37037,90801,3918,352341,4140,1048070,1010677,1706406,8996,2829,1005,162,27599,345,695729,40.4074073213
2014-04-14,58.9750003815,15.7100000381,14.8150000572,137.233650208,3068.55,66.2585714286,831,102.50636292,52.8097941067,138.8688151,216957,83928,354743,23687,1655472,-422540,399787,109.235,103.965,105.69,105.8525,123.89,119.3475,122.8475,92.0725,90.695,121.61,104.885,18.81,1517,4.03,8271,36,85,61,198,8271,10289,258,90,168,61,152,471,218,103,61,797,59,154,532,2018,67,3609,135,1013,325,385,1155,529,3542,8204,-1524,1517,19,88.8,15929,17933,345,-25,472,848,1037,245,15613,939,79,8939,1378,6603,4879,4558,243,5526,2,5529,9636,3033,1479,101,1074,3033,456,1378,-697,23.6,27.1,26.5,29.1,23.8,111916,210282,26335,80009,1276,32304,265,54143,94768,3507,13640,32345,15952,177937,1400,38198,42510,70289,32038,220542,41,41,37537,91344,10013,362354,5135,1057460,1025138,1720244,8616,3137,1002,154,26828,-771,695106,40.1083772971
2014-04-21,57.0749988556,15.9899997711,13.4180000305,137.624420166,3109.525,62.0971428571,776,130.61843875,107.56007767,137.31341175,240511,70878,365619,24142,1674276,-429137,409551,109.648,102.096,106.012,106.488,124.52,119.604,123.338,92.266,90.632,122.06,105.23,18.556,1510,10.013,7796,60,47,59,192,7796,9667,95,26,69,59,90,389,130,94,59,803,95,289,448,1871,67,3609,135,1013,325,385,1155,529,3542,7729,-1671,1510,-7,91,16323,17933,550,49,404,853,1059,57,15980,910,40,8891,1399,6683,4979,4766,173,5551,2,5553,9706,3023,1481,82,1130,3023,420,1495,-815,23.5,27.5,28.4,28.6,24.2,112513,210008,26357,79105,975,32238,254,55263,95407,3643,13463,32282,16518,177726,1568,38973,42383,72673,31984,225350,44,44,38393,93815,3524,365878,6034,1060446,1037160,1731728,8430,3122,1098,202,26040,-788,694568,39.8929650857
2014-04-28,58.4080001831,15.2780002594,13.45,137.446218872,3066.6,76.8314285714,897.666666667,99.0322367467,60.1041234333,135.476938867,254752,50839,359346,25555,1619737,-432099,410125,108.304,100.208,104.92,105.695,123.08,117.2025,120.745,91.4975,90.275,120.7025,105.15,18.788,1534,3.524,7483,44,86,30,347,7483,9328,173,145,29,30,146,622,15,51,30,849,56,101,651,1845,71,3075,122,877,314,391,901,399,3004,7412,-1159,1534,24,91,16312,17933,566,48,540,865,1248,95,15954,898,100,8623,1455,7010,4914,4645,170,5604,2,5606,10076,3066,1534,79,1404,3066,430,1488,-1453,23.4,26.6,31.2,28.9,24.4,114449,211572,26715,84401,973,29166,262,53527,97292,3569,13587,29208,17212,182365,1772,37737,43464,76020,28903,228266,42,42,36723,93060,1698,367576,5321,1061189,1045072,1738685,8693,3322,943,379,25428,-612,693613,39.6975745922
2014-05-05,56.8499994278,15.1120000839,13.3680000305,136.528781128,3073.05,74.9542857143,827,115.74570465,131.11702345,114.4824295,252288,47800,361183,30472,1651521,-425565,402327,107.768,100,104.266,104.514,122.108,114.918,118.46,91.604,90.238,119.788,104.484,17.74,1527,1.698,6885,96,69,61,227,6885,8857,123,79,27,61,129,522,124,19,61,760,72,310,583,1972,71,3075,122,877,314,391,901,399,3004,6814,-1032,1527,-7,90.2,16172,17925,544,97,428,846,1256,186,15904,894,107,8992,1433,7014,5039,4653,280,5523,2,5525,10060,3046,1521,88,1489,3046,399,1470,-1068,23.1,27.7,37.7,28.1,24.7,114002,213180,27240,86703,380,28707,285,53952,96866,3245,13891,28750,17140,184429,1469,39064,43394,79275,28422,232063,43,43,35790,93631,-1572,366004,5598,1058868,1052492,1745356,8719,3026,698,451,24033,-1395,692864,39.5728657594
2014-05-12,56.6750001907,14.0039999008,12.4279998779,135.998361206,3139.6,66.71,815.5,96.74302294,80.834144595,115.98085785,228830,61140,326808,27265,1638412,-404927,383093,109.606,101.636,105.245,105.6125,122.37,117.545,121.4625,92.545,90.94,120.075,105.1475,16.316,1528,-1.781,7127,70,146,54,348,7127,9292,100,86,14,54,260,824,73,18,54,917,55,100,877,2165,71,3075,122,877,314,391,901,399,3004,7056,-839,1528,1,88.8,15908,17925,861,11,401,890,1689,416,15667,922,107,9606,1433,7179,4911,4508,296,5797,2,5799,10337,3158,1537,104,1380,3158,460,1462,-731,23.1,27.5,42.1,27.6,24.3,112878,212408,27144,85651,1209,29194,276,53752,95635,3125,14118,29242,17302,183165,1680,39475,42553,82481,28919,233274,48,48,35927,91477,947,366951,4495,1058471,1055940,1747460,9191,3557,849,149,23441,-592,691520,39.5069034207
2014-05-19,58.7400001526,14.2319997787,12.1359998703,135.655117798,3141.24,58.0142857143,834.5,93.95681002,86.78442383,105.7831993,236385,61170,334563,23368,1627403,-407365,387739,110.102,103.442,106.61,106.746,122.72,119.426,122.724,94.184,92.198,120.222,105.354,16.084,1531,0.947,6469,49,73,56,662,6469,8709,176,74,102,56,157,941,78,59,56,699,59,220,997,2240,71,3075,122,877,314,391,901,399,3004,6398,-764,1531,3,88.7,15906,17925,770,72,631,886,1605,132,15949,925,80,9592,1395,7162,5002,4687,236,5705,2,5707,10323,3162,1483,88,1455,3162,466,1550,-731,22.7,26.4,46,28.5,23.9,116277,213378,26892,85532,1122,29723,277,52576,97619,3661,14998,29770,16990,183608,1527,38883,44378,84427,29445,235984,47,47,36869,92601,-7226,359725,4872,1050696,1058017,1748988,9174,3223,983,160,23216,-225,690971,39.4348649656
2014-05-26,56.6750001907,15.5899999142,11.5399999619,134.540500641,3155.6,64.7614285714,771.5,66.791294095,53.269687655,69.81931305,250768,49892,347673,23680,1607523,-429183,410208,109.906,103.28,106.534,106.584,122.026,120.172,123.352,94.422,92.476,119.336,106.28,15.82,1528,-7.226,7809,44,207,23,285,7809,9826,148,45,92,23,167,703,137,23,23,750,65,193,725,2017,74,3153,123,909,308,388,965,386,3079,7735,-1062,1528,-3,89.9,16113,17925,670,172,476,895,1683,365,15851,927,131,9526,1392,7380,4990,4535,323,5806,2,5808,10552,3172,1504,112,1572,3172,438,1588,-1026,22.8,26.6,47.2,28,23.3,116081,211575,26588,86516,1064,28695,302,50929,97477,3318,15286,28741,17489,182834,1611,38731,44325,86193,28393,236321,46,46,37544,91349,1657,361382,5788,1052353,1061212,1752183,9310,3332,1034,147,21691,-1525,690971,39.2379121147
2014-06-02,61.9800003052,14.5520000458,11.5879999161,133.571121216,3132.84,99.3328571429,861.5,68.68473053,79.33351517,58.58179283,255460,42096,368660,20591,1635600,-445492,423136,108.69,102.582,105.07,105.402,118.332,116.876,120.146,94.106,92.03,117.05,103.488,15.22,1536,1.657,7123,101,88,67,357,7123,9458,182,144,38,67,232,777,34,22,67,1096,39,141,844,2335,74,3153,123,909,308,388,965,386,3079,7049,-744,1536,8,90.8,16270,17925,655,43,450,862,1377,230,16057,938,232,9476,1458,7172,5227,4767,229,5603,2,5605,10202,3030,1530,73,1567,3030,506,1512,-726,22.5,26.6,51.1,28.8,23,118093,211785,26893,86490,1423,29068,287,49829,100765,3613,13714,29115,18250,182670,1601,39087,44928,91070,28781,240727,47,47,38339,90539,-3431,357951,4472,1048922,1070007,1760978,9104,3074,716,145,21370,-321,690971,39.1035461218
2014-06-09,57.0000009537,12.5860000611,11.6960000992,133.794515991,3088.58,71.3257142857,873.5,106.98229979,114.70487975,87.94597626,244582,47638,364685,21680,1664043,-441574,416585,111.178,105.32,106.428,106.676,119.634,118.31,120.826,94.33,92.64,119.18,105.418,16.544,1536,-3.431,7146,27,79,11,354,7146,8828,106,43,43,11,89,549,92,44,11,687,55,182,560,1682,74,3153,123,909,308,388,965,386,3079,7072,-1397,1536,0,87.9,15766,17931,448,42,547,869,1199,162,15547,944,62,8855,1421,6847,4865,4507,295,5594,3,5597,9958,3111,1475,54,1250,3111,402,1504,-1103,22.4,26.9,56.4,29.7,23.6,118953,213482,26044,88193,1294,28058,179,50204,100473,3925,14555,28105,18422,185377,1503,39388,45687,95747,27879,243787,47,47,37591,91133,-2730,355221,4934,1046192,1076058,1767029,8624,3054,760,303,21172,-198,690971,38.9703074831
2014-06-16,57.0500011444,12.8639997482,11.3579999924,135.412362671,3111.4,57.5385714286,814,175.36566165,193.344162,196.89363095,247515,52555,361774,20094,1676336,-446782,418011,114.104,106.584,109.834,109.826,123.064,121.908,125.36,95.856,94.686,123.28,107.432,18.216,1542,-2.596,7234,48,136,46,456,7234,9272,106,80,25,46,79,720,28,24,46,789,76,274,766,2038,74,3153,123,909,308,388,965,386,3079,7160,-1041,1542,6,87.1,15611,17931,581,147,364,891,1412,320,15397,972,99,9840,1488,7175,4732,4440,193,5749,2,5751,10355,3180,1576,88,1424,3180,455,1456,-515,22.6,26.2,59.5,29.8,23.6,119389,214267,25466,85917,737,29758,188,50610,101545,3547,14297,29801,17850,184466,1445,38728,47202,101989,29570,247224,43,43,38760,89053,-579,354642,4650,1045614,1082101,1773073,9258,2805,934,174,21419,247,690972,38.8569410532
2014-06-23,53.8299995422,12.8420001984,11.5180000305,136.272900391,3172.84,48.91,854.5,145.83021545,135.7920227,161.2546005,269389,45639,378701,22365,1721703,-487776,457156,113.818,106.056,110.122,110.12,123.624,123.602,127.362,96.006,95.086,123.406,107.844,17.418,1545,-0.579,7341,35,89,26,240,7341,8953,83,67,16,26,117,481,196,36,26,661,53,112,507,1612,273,3392,112,803,301,382,1146,375,3119,7068,-1507,1545,3,88.5,15872,17931,494,10,624,891,1297,168,15672,938,134,9054,1364,6949,4877,4508,235,5719,3,5722,10130,3181,1475,111,1227,3181,396,1489,-1076,22.7,25,65,31.1,24,120566,214977,24910,89728,792,29000,176,47481,102000,3914,14652,29046,18183,185931,1478,37799,47930,103571,28825,247155,46,46,38539,88015,1742,356384,4747,1047356,1087274,1778246,8813,3606,894,158,21835,416,690972,38.8665579934
2014-06-30,55.6125001907,13.6575000286,10.9649996757,134.34059906,3243.36,74.5114285714,816.333333333,104.28305561,84.20768357,116.56465658,287277,45076,367505,22222,1720856,-492580,458969,111.506,104.8125,108.66,108.668,121.386,124.56,127.718,94.192,93.428,120.888,108.106,16.0525,1558,1.742,7265,17,65,97,295,7265,8800,79,58,21,97,38,415,154,25,97,580,57,153,512,1535,273,3392,112,803,301,382,1146,375,3119,6992,-1584,1558,13,91.4,16385,17931,525,20,489,883,1326,293,16218,953,112,9436,1402,7059,4984,4664,208,5721,3,5723,10166,3107,1514,112,1335,3107,465,1527,-730,22.5,23.4,64.2,32.2,23.8,121541,213742,24678,89033,933,28933,172,47050,103081,3727,14733,28976,18204,184766,1485,37050,47750,107399,28761,249806,43,43,37022,87153,-3155,353229,5719,1044201,1086834,1777806,9168,3455,916,453,20476,-1359,690972,38.7677309242
2014-07-07,55.1179992676,13.0100000381,11.9259998321,131.579901123,3265.06,64.1057142857,831.5,115.47354885,113.068641655,125.13674165,288150,52363,355572,25424,1759554,-481382,445840,108.558,102.596,106.38,106.496,118.686,122.184,124.104,92.312,91.502,118.298,105.988,16.548,1562,-3.155,7285,46,134,10,276,7285,9088,88,76,12,10,143,599,103,19,10,769,84,141,609,1803,273,3392,112,803,301,382,1146,375,3119,7012,-1316,1562,4,91.6,16428,17931,648,98,186,883,1280,348,16252,927,201,9425,1505,6976,5056,4646,209,5771,3,5773,10073,3097,1595,90,1203,3097,421,1498,-648,22.1,21.1,69.1,32,23.7,121768,214321,23888,86465,1002,29810,199,49196,104115,4029,13624,29850,18286,184470,1573,35559,47807,111097,29612,254028,40,40,36509,88139,-2407,350822,4689,1041794,1091366,1782338,8935,3561,733,253,20923,447,690972,38.7410824619
2014-07-14,54.0400009155,14.7,12.2760000229,129.738497925,3259.68,93.5542857143,815,152.291976935,154.606708535,203.4267731,263063,61495,337027,32661,1742131,-462630,424887,106.796,101.678,104.996,105.074,118.208,120.342,122.39,91.898,91.462,118.128,106.63,17.64,1563,-2.37,7427,65,105,68,171,7427,9102,68,55,13,68,207,547,71,34,68,701,49,165,615,1675,273,3392,112,803,301,382,1146,375,3119,7154,-1444,1563,1,93.8,16822,17931,570,162,514,851,1029,-217,16626,943,117,9139,1556,6771,5172,4750,306,5513,3,5516,9775,3005,1638,82,1255,3005,418,1535,-636,21.2,21.7,75.2,32.9,23.9,124296,214492,23954,86959,553,28235,202,47548,106379,4000,13917,28277,17945,186215,1632,36153,51156,114403,28033,256731,42,42,36390,87387,-7525,343297,4985,1034269,1092592,1783564,9057,3934,824,218,20273,-650,690972,38.627661769
2014-07-21,53.9479995728,14.4779998779,12.2200000763,129.13843689,3286.82,52.0271428571,813.5,194.62828065,116.84370425,257.7728348,226768,74787,304462,45203,1721704,-426935,399603,107.7,103.258,105.394,105.642,117.994,116.406,118.672,91.714,91.482,118.146,105.976,16.684,1554,-7.525,7407,111,47,10,266,7407,9195,91,61,30,10,191,615,122,46,10,779,57,114,625,1788,273,3392,112,803,301,382,1146,375,3119,7134,-1331,1554,-9,93.8,16812,17931,258,-7,296,872,799,252,16598,959,199,9357,1577,6686,5206,4776,231,5676,2,5678,9788,3103,1668,92,1007,3103,406,1592,-431,20.7,23,74.5,32.7,24.2,125932,217871,23057,88496,780,29629,204,47968,108198,4144,13590,29674,17940,188197,1630,37303,50952,117719,29425,257839,45,45,36165,86055,-3969,339328,4739,1030300,1097829,1788801,8792,3879,1039,170,18823,-1450,690972,38.6383106266
2014-07-28,54.4979995728,14.8560001373,14.6300003052,128.284835815,3284.58,76.5442857143,776.5,160.64411165,153.89030455,164.01518245,202119,84924,307739,29623,1642836,-404265,371444,106.532,99.792,105.4925,106.0525,118.63,113.245,115.0275,92.5475,91.865,118.5825,103.415,17.688,1562,-3.969,7744,54,38,12,370,7744,9419,124,98,26,12,127,590,26,17,12,687,55,174,602,1675,295,3807,131,887,435,382,1190,487,3512,7449,-1837,1562,8,93.5,16765,17931,200,66,187,877,928,475,16551,954,172,9337,1554,6823,5012,4603,237,5658,3,5661,9942,3119,1686,131,1162,3119,366,1576,-605,20.3,21.1,75.8,32.8,24.4,126721,218236,22539,88953,967,28622,203,50231,109162,3835,13724,28666,18587,189570,1738,35271,49419,119873,28419,259594,44,44,36095,86041,-3697,335631,3714,1026603,1097336,1788308,9006,3783,946,168,17899,-924,690972,38.8142905292
2014-08-04,57.5779998779,14.6220001221,16.1580003738,127.684080505,3267.7,59.8742857143,751,192.48796845,158.07629015,218.38890075,201259,80564,308557,31816,1628926,-402389,364739,105.014,97.516,103.336,103.344,117.746,109.38,111.718,92.3,91.19,117.668,100.178,18.91,1573,-3.697,7563,39,44,14,224,7563,8862,137,113,24,14,114,421,6,11,14,579,56,86,435,1299,295,3807,131,887,435,382,1190,487,3512,7268,-2213,1573,11,92.4,16562,17931,466,45,287,875,1262,464,16393,902,100,9759,1613,6936,4830,4517,212,5657,2,5660,10035,3099,1677,65,1276,3099,348,1581,-276,20.2,20.7,71.6,32.2,23.6,124923,213849,21842,88899,835,28110,182,50229,108058,3336,13529,28152,18260,185697,1810,34205,45734,122147,27929,260211,42,42,35133,86278,-1464,334167,3980,1025139,1089228,1780200,9359,4029,1019,189,17982,83,690972,38.7811995045
2014-08-11,59.4739997864,13.65,13.365999794,126.437879944,3228.4,51.1014285714,741.5,141.1968002,108.064598095,171.6944046,194245,96894,286065,49684,1587187,-380696,347204,103.504,97.194,102.538,102.48,116.334,109.216,110.974,90.742,90.04,116.574,98.436,17.746,1588,-1.756,7846,65,45,31,177,7846,9763,151,78,74,31,153,440,79,8,31,845,115,257,470,1917,295,3807,131,887,435,382,1190,487,3512,7551,-1595,1588,15,91.6,16430,17931,528,43,393,890,1337,372,16214,931,93,9518,1566,6929,4723,4422,208,5767,3,5770,10060,3132,1656,89,1159,3132,372,1499,-542,20.4,20.9,71.7,31,23.6,122502,212689,21090,88393,470,29085,173,47835,105578,2977,13946,29132,17760,183556,1997,34670,46858,124360,28913,262663,47,47,34595,87163,1401,335568,3585,1026540,1090747,1781719,8922,4092,919,324,18400,418,690972,38.7960497171
2014-08-18,61.3059997559,13.5400001526,11.9079999924,125.259060669,3261.52,54.8842857143,708.666666667,149.585245733,125.95319111,166.8160909,191278,119199,269658,50844,1583609,-354019,324066,102.072,94.914,100.806,100.772,115.298,107.916,110.164,90.782,90.006,115.256,97.492,18.124,1589,1.401,7459,224,43,16,378,7459,9737,142,114,28,16,80,725,29,14,16,1077,58,232,741,2278,295,3807,131,887,435,382,1190,487,3512,7164,-1234,1589,1,93.4,16750,17931,302,97,414,864,982,169,16418,937,99,9152,1633,6589,4913,4607,207,5606,2,5608,9647,3059,1671,39,981,3059,418,1526,-495,20.2,21.7,79.3,30.6,23.7,121542,213274,20652,88447,833,28431,171,48408,104502,2698,14342,28475,18251,184800,1866,35561,47112,125048,28260,262027,44,44,35486,86493,-4474,331094,3248,1022066,1090065,1781037,8775,4738,788,141,20155,1755,690972,38.7650992253
2014-08-25,58.1680007935,13.0520000458,11.8279998779,126.040940857,3280.925,37.3757142857,754,137.74002075,83.16245651,177.6268463,186694,123615,258246,69657,1542337,-351723,323473,102.704,94.32,100.488,100.668,116.208,110.286,112.544,91.474,90.206,115.748,98.688,16.654,1564,-4.474,7633,36,138,30,181,7633,8881,77,59,18,30,63,418,34,21,30,408,66,215,448,1248,385,3721,136,884,375,379,1200,362,3336,7248,-2088,1564,-25,93.5,16768,17931,391,-17,287,889,1091,430,16542,913,107,9514,1624,6740,4947,4613,227,5775,2,5778,9866,3126,1674,50,962,3126,412,1562,-352,20.1,21.8,80.5,31.3,23.5,122794,212314,20214,88602,1236,29007,184,49649,105385,2980,14429,29049,17317,183265,1934,34719,43777,128109,28824,264362,42,42,36248,86219,-2070,329024,4115,1019996,1091487,1782459,9100,3621,985,139,20663,508,690972,38.7330038746
2014-09-01,62.8625001907,13.6925001145,12.3350000381,124.999925613,3271.88,57.2914285714,735.333333333,188.266830467,121.544652313,249.361089067,190454,125456,255015,65262,1550253,-340577,317727,101.71,94.04,99.63,99.706,115.916,110.686,112.364,90.964,89.694,115.966,97.876,18.5725,1575,-2.07,7675,116,92,46,335,7675,9651,153,116,36,46,211,755,44,16,46,794,54,130,801,1976,385,3721,136,884,375,379,1200,362,3336,7290,-1360,1575,11,93.3,16734,17931,128,135,246,880,661,152,16428,921,122,9572,1633,6288,5080,4745,214,5653,2,5655,9435,3147,1687,54,633,3147,416,1540,137,20,22.1,82.1,31.6,23.2,123399,209992,19629,88989,1433,27435,191,48033,105749,3318,14332,27479,17673,182513,1919,34636,44058,131149,27244,266480,44,44,36541,85980,-905,328119,3533,1019091,1092964,1783936,9480,3779,1017,125,20278,-385,690972,38.5223756613
2014-09-08,62.6199996948,16.0000001907,13.0300001144,122.657041931,3221.38,52.3371428571,813,139.3655853,145.12529755,137.309177375,197509,134523,252909,80552,1559353,-324637,302564,98.518,92.436,96.82,96.824,112.992,109.23,110.998,89.654,88.732,113.446,95.178,20.152,1584,-0.905,7621,43,46,8,164,7621,9259,87,62,25,8,63,316,106,10,8,797,114,210,324,1638,385,3721,136,884,375,379,1200,362,3336,7236,-1698,1584,9,93.9,16710,17804,12,-76,208,850,479,335,16332,927,114,8965,1680,6436,5101,4754,233,5488,2,5491,9497,3062,1728,48,945,3062,471,1600,-532,19.9,23.8,73.5,34,23.6,127493,212373,19506,90186,1928,27434,312,49067,109071,4341,14081,27476,18021,184898,1897,36605,43716,131313,27122,267053,42,42,37699,85430,-691,327428,5023,1018400,1102718,1793690,8611,3678,1350,137,20356,78,690972,38.417384265
2014-09-15,63.4599990845,16.5239997864,12.7279996872,121.125979614,3180.08,59.44,836.5,145.0766144,115.568813325,177.86743165,191767,122656,260764,74152,1553516,-318630,299982,98.152,93.54,95.676,95.602,110.99,108.596,110.224,87.904,86.926,111.266,93.902,19.162,1592,-0.972,8114,15,0,51,142,8114,9614,160,74,85,51,119,276,293,44,51,493,58,169,327,1500,385,3721,136,884,375,379,1200,362,3336,7729,-1836,1592,8,93,16561,17814,183,26,-23,846,650,464,16304,931,94,9174,1658,6178,4910,4563,253,5434,2,5436,9240,3061,1709,51,742,3061,434,1620,-66,20.2,24.5,69.5,34.5,23.5,127772,210738,19378,89365,1663,28544,293,49439,109448,4505,13820,28569,18805,182169,2013,38596,41701,131020,28251,266707,25,25,36463,85406,3673,331101,4135,1022073,1107620,1798592,8707,4125,1104,401,19999,-357,690972,38.3976580369
2014-09-22,59.4599998474,17.2259998322,14.4760002136,119.004780579,3118.5,67.5328571429,784,165.24532315,173.0305252,144.55783845,194171,128499,270924,67276,1528614,-309883,297281,96.954,92.39,95.102,95.138,109.536,107.328,109.764,87.586,86.52,110.286,92.504,20,1601,3.673,6870,157,0,34,287,6870,8504,193,60,94,34,31,476,103,21,34,589,53,185,510,1634,385,3721,136,884,375,379,1200,362,3336,6485,-1702,1601,9,93.4,16633,17814,346,87,196,886,1121,493,16214,889,157,9135,1647,6590,4875,4485,233,5735,2,5736,9717,3127,1680,33,854,3127,399,1638,-582,20,26.9,69.6,34.4,23.6,128595,210324,19533,88521,1234,28713,299,49779,109450,5164,13981,28753,18592,181571,2068,40332,42037,131283,28414,268000,40,40,36756,86243,-4273,326828,1850,1017800,1108544,1799516,8781,4008,1076,163,20190,191,690972,38.5221138241
2014-09-29,63.8999992371,18.4119998932,15.9419996261,118.781761169,3078.78,59.0885714286,823.333333333,103.207173657,65.6143163033,125.7190399,190338,146779,263281,69316,1480629,-314000,296052,94.352,91.442,93.282,93.614,107.798,106.026,109.054,86.144,85.058,108.62,90.094,22.268,1592,-4.273,7284,93,0,91,185,7284,8550,31,27,4,91,135,413,19,17,91,525,57,130,504,1266,420,3974,164,907,418,384,1234,447,3554,6864,-2288,1592,-9,89.8,16005,17814,151,-51,255,862,828,473,15689,881,101,9045,1521,6182,4907,4588,218,5551,1,5552,9238,3056,1554,33,630,3056,411,1585,-193,20.2,28,67.8,33.3,24,125701,208488,18419,87893,1252,28917,323,49050,106970,5020,13711,28957,18828,179531,1759,40525,41336,131019,28594,267647,40,40,36513,87592,-1363,325465,4289,1016435,1102727,1793697,8660,3889,1161,192,20505,315,690970,38.4426308402
2014-10-06,65.1800003052,17.7260002136,17.5540000915,119.055839539,3094.88,73.3085714286,852,94.652553535,84.969005585,96.17223548,194099,157395,270441,68578,1485856,-314211,295946,91.308,87.618,89.644,89.848,103.69,102.756,105.994,81.792,80.89,104.428,84.768,26.548,1591,-1.363,7712,11,81,10,246,7712,9197,47,32,14,10,70,408,57,19,10,644,115,205,417,1485,420,3974,164,907,418,384,1234,447,3554,7292,-2069,1591,-1,89.3,15904,17814,78,18,178,858,442,168,15554,901,121,8874,1545,6194,4748,4390,237,5469,2,5471,9270,3076,1573,28,723,3076,392,1587,-396,20.7,28,72.1,33.2,24.1,126140,209668,18587,88395,1117,27462,353,49743,105608,6823,13710,27502,18651,182166,1984,40693,42911,129700,27109,264424,40,40,35833,84560,4915,330380,1931,1021349,1106434,1797403,8645,3995,1129,310,18929,-1576,690969,38.420259257
2014-10-13,87.2250003815,18.6940002441,24.1740001678,117.887260437,3070.46,64.6528571429,836.5,78.40102768,65.02029419,82.147041325,196121,149923,266241,74033,1503764,-313904,293683,85.668,82.962,85.348,85.442,98.466,96.212,99.286,74.782,73.88,99.522,77.34,34.03,1609,5.015,7740,19,0,78,266,7740,9113,145,87,58,78,65,350,92,23,78,360,84,261,428,1373,420,3974,164,907,418,384,1234,447,3554,7320,-2181,1609,18,88.1,15687,17814,410,-12,283,885,1008,327,15321,885,169,9254,1442,6381,4582,4239,174,5728,2,5731,9508,3127,1528,85,651,3127,395,1537,-254,21.6,28.4,72.9,33.1,23.4,124622,205673,17719,85444,1493,26361,352,49548,103818,6547,14256,26399,18356,179274,2138,40499,42790,128452,26009,262670,38,38,34980,84811,8923,339303,3577,1030271,1107479,1798447,9043,3866,1099,394,19645,716,690968,38.326661449
2014-10-20,79.4619995117,16.8020000458,17.0320003509,116.909622192,3067.82,59.9542857143,768,76.09593709,67.4797808333,79.7706896467,196582,136720,263321,86650,1537452,-293400,278780,85.858,81.828,84.275,83.9525,97.815,94.9225,97.535,73.885,72.8025,99.76,76.755,30.046,1590,8.923,7477,79,26,82,184,7477,8747,89,41,48,82,66,356,102,16,82,489,65,87,438,1270,420,3974,164,907,418,384,1234,447,3554,7057,-2284,1590,-19,86.7,15447,17814,217,79,248,876,914,369,15208,896,129,9313,1396,6480,4604,4269,206,5682,2,5684,9548,3068,1421,25,796,3068,426,1567,-235,22.4,27.8,71.5,34.3,23.2,125671,204374,17683,83610,881,27146,346,51398,104127,6874,14670,27184,17940,177190,1933,39934,41301,126600,26801,261048,38,38,34878,85327,7111,346414,3390,1037382,1111871,1802839,8836,3736,1180,144,20598,953,690968,38.5075413739
2014-10-27,72.7119979858,17.8319999695,14.8260002136,117.872320557,3122.14,61.3342857143,799,114.60553358,99.45763781,110.751129165,193509,140774,255835,69061,1459981,-287254,280101,86.216,81.256,84.28,83.974,98.72,95.826,98.664,74.65,73.458,100.602,76.972,30.49,1595,7.111,7101,10,65,81,270,7101,8768,40,34,7,81,68,413,31,65,81,725,123,255,493,1667,411,4018,177,875,392,400,1341,422,3607,6690,-1940,1595,5,86.6,15427,17814,317,46,290,878,1016,364,15129,937,105,9078,1484,6359,4471,4035,331,5625,2,5627,9467,3108,1511,27,732,3108,400,1592,-389,22.8,24.9,65.2,33.3,23,120377,203138,17085,83769,617,26231,347,52111,98546,6823,15008,26272,17039,176865,2089,37651,40368,125399,25884,260914,41,41,35536,86878,2061,348475,4578,1039442,1103401,1794368,8867,3901,1515,161,21374,776,690967,38.5597389197
2014-11-03,68.9299987793,21.827999878,14.1159999847,117.035461426,3112.62,57.5757142857,811.5,85.04452896,82.815689085,79.26556206,196711,141996,249841,67355,1476289,-278207,267304,83.36,78.242,80.986,80.968,96.54,91.334,93.214,71.902,70.624,98.944,74.654,31.234,1582,2.061,6675,86,0,17,321,6675,8607,109,55,54,17,107,514,100,61,17,808,87,296,531,1932,411,4018,177,875,392,400,1341,422,3607,6264,-1675,1582,-13,88.4,15746,17814,168,9,159,860,630,295,15485,929,127,9695,1485,6386,4609,4151,331,5529,2,5531,9458,3072,1502,17,855,3072,441,1551,237,22.8,24.2,63.3,33.2,22.5,119653,201760,16361,80841,469,27131,335,51577,96709,6919,16026,27169,17169,174591,2132,37059,41704,124021,26796,259826,38,38,36443,87893,460,348935,5494,1039902,1100972,1791939,9162,3981,1267,207,20823,-551,690967,38.6953373464
2014-11-10,66.8375015259,21.8580001831,13.1420001984,116.84691925,3107.68,47.9557142857,836,77.241127015,82.77160263,71.125976565,196565,139712,248995,81089,1498736,-279453,268532,80.344,76.51,77.872,78.138,95.778,89.546,91.854,70.796,70.068,98.138,70.862,31.664,1568,0.46,6877,64,137,41,171,6877,8649,86,71,15,41,88,460,45,26,41,814,72,255,501,1772,411,4018,177,875,392,400,1341,422,3607,6466,-1835,1568,-14,90.1,16050,17814,-55,2,115,860,234,172,15752,946,111,9345,1537,6341,4822,4420,291,5526,2,5528,9429,3088,1566,29,813,3088,459,1625,-84,22.5,23.3,63.1,31.8,22.7,116850,203565,16756,81284,896,26840,309,53324,93034,6046,17771,26884,17705,176681,2098,36153,41177,121076,26531,255649,44,44,37566,86020,-2785,346150,2787,1037116,1094691,1785657,9005,3982,1173,154,22527,1704,690966,38.6945572391
2014-11-17,68.4599990845,22.8659999847,13.6579998016,117.478999329,3112.36,78.0385714286,874.333333333,95.7009099167,91.58941906,114.831370033,199249,132613,251438,68948,1509371,-289401,276832,79.114,75.384,74.952,76.008,92.294,85.418,88.014,68.072,67.574,94.602,71.19,33.852,1578,-1.735,7638,36,48,99,159,7638,9203,48,48,0,99,84,327,122,29,99,652,74,243,426,1565,411,4018,177,875,392,400,1341,422,3607,7227,-2042,1578,10,91.2,16246,17814,-194,23,374,854,363,161,15913,970,80,9630,1470,6512,4793,4430,284,5484,2,5487,9554,3042,1511,41,1025,3042,410,1672,76,22.4,23,61.3,30.3,22.6,114794,204599,17062,82688,476,27630,305,51822,91245,5209,18340,27673,17335,176926,2158,35941,41939,117315,27325,253810,43,43,38338,87250,2608,348758,2450,1039724,1094727,1785693,9194,3745,1340,143,23245,718,690966,38.7961484927
2014-11-24,65.0749988556,21.9299998283,12.567499876,116.337400436,3093.74,52.8057142857,767.333333333,124.533424373,120.608423867,125.60256706,196942,135773,248217,73166,1459175,-274783,255363,75.698,72.4275,74.556,76.402,91.89,85.472,88.546,68.384,67.696,94.046,70.49,36.5575,1574,2.608,7473,25,38,36,188,7473,8976,128,51,55,36,153,404,74,95,36,535,85,241,440,1503,374,3778,145,941,445,385,1143,345,3404,7099,-1901,1574,-4,91.5,16291,17814,114,-6,-62,874,235,190,15957,982,106,9641,1572,6499,4900,4562,232,5609,2,5610,9613,3114,1608,37,888,3114,438,1635,28,22.2,23.2,59.4,29.5,22.6,113146,206424,17469,82306,337,28173,315,52685,89500,6267,17379,28216,17072,178208,2100,35615,42879,113056,27858,249276,43,43,38613,86303,1946,350704,3784,1041670,1090051,1781017,9254,3714,1554,255,24579,1334,690966,38.8208973756
2014-12-01,65.6250019074,20.9100006103,12.7620000839,112.774980164,3044.4,61.9271428571,737,76.3239924033,89.0097185867,57.7551841733,200684,134711,246860,84851,1386635,-270058,253001,70.342,67.182,67.154,68.952,84.166,77.98,80.266,62.374,62.018,86.272,64.49,36.36,1572,1.946,7303,140,151,39,288,7303,9060,122,74,48,39,106,685,47,14,39,632,92,140,724,1757,374,3778,145,941,445,385,1143,345,3404,6929,-1647,1572,-2,93.4,16638,17814,-77,40,40,856,179,176,16356,962,140,9593,1595,6525,5028,4652,236,5535,2,5537,9557,3032,1628,33,988,3032,416,1620,36,21.7,23.2,59.9,30.1,22.6,116174,208567,17922,84041,394,27212,297,53687,91657,6315,18203,27252,17289,181315,2043,35692,43193,111552,26915,247211,40,40,37550,85022,-3689,347015,4579,1037980,1088914,1779879,9425,3754,1236,323,23885,-694,690965,38.6624536697
2014-12-08,65.8566652934,19.5400005341,17.7580001831,110.999317932,3025.98,55.0314285714,837,75.013744355,95.749336225,58.59410477,212075,114799,256667,72293,1439654,-269946,264996,64.56,61.114,62.932,63.686,79.312,72.2,74.2,58.21,57.9,81.046,56.692,42.834,1575,-3.689,7668,68,68,82,279,7668,9218,175,156,20,82,63,479,73,35,82,504,100,137,561,1550,374,3778,145,941,445,385,1143,345,3404,7294,-1854,1575,3,95.4,16993,17814,-101,41,-99,838,8,167,16627,988,187,9169,1586,6569,5231,4829,215,5429,1,5430,9530,2961,1637,50,1139,2961,405,1611,-361,21.5,23.9,58.3,32.6,23.8,121751,216764,18197,86002,277,29700,234,56214,98327,6474,16950,29751,17750,187013,2044,36240,44519,107682,29466,240983,51,51,35245,82439,1298,348313,6332,1039276,1096205,1787168,8549,4163,1303,486,24905,1020,690963,38.6368351215
2014-12-15,74.5179977417,20.3780002594,19.3459999084,108.815641785,2962.76,79.4985714286,756,123.5177803,104.7174301,158.08592225,220097,112810,257392,66124,1445093,-267832,261776,60.55,55.788,56.748,57.794,73.39,65.896,68.266,53.172,52.572,74.85,52.15,56.472,1546,1.454,7104,38,111,22,379,7104,9445,139,47,92,22,224,752,47,38,22,1124,128,130,773,2341,374,3778,145,941,445,385,1143,345,3404,6730,-1063,1546,-29,93.5,16653,17814,-208,26,87,857,234,330,16301,990,129,9652,1563,6801,5214,4838,247,5498,2,5500,9885,3083,1631,68,1302,3083,413,1652,-233,21.3,23.8,56.6,31.6,24.3,121544,222014,18589,87630,280,29393,235,58187,98506,6157,16881,29443,17659,192571,1875,36336,46474,103932,29158,238721,50,50,35262,83588,-847,347466,4604,1038429,1097390,1788353,9373,3732,1445,156,27825,2920,690963,38.498328771
2014-12-22,65.7950019837,19.5775003433,14.7300000191,106.818174362,2926.5,56.0414285714,596.5,85.432735455,124.97103118,46.436203,237127,104888,274740,57017,1475862,-298439,284079,60.3725,55.7375,56.9575,58.46,73.375,66.3925,69.1575,53.545,52.9,74.9275,52.755,54.5875,1536,-0.847,8292,111,167,18,481,8292,10718,376,146,120,18,101,859,143,30,18,687,104,238,878,2426,388,3759,150,968,538,373,979,363,3371,7904,-945,1536,-10,93.5,16660,17814,-164,82,157,880,445,371,16341,992,183,9920,1650,6825,5236,4911,142,5634,1,5635,9990,3165,1687,37,1189,3165,368,1620,-70,21.6,22.9,59.3,31.8,24.5,123847,226097,18475,91865,948,29797,235,57494,101396,6674,15776,29843,17615,196254,2140,35873,45947,100262,29562,232812,46,46,35007,81084,7267,354733,6365,1045696,1103824,1794787,9518,3935,1264,269,28798,973,690963,38.4378489006
2014-12-29,69.2749996185,19.9849996567,16.9925005436,105.101499557,2910.925,108.438571429,590,86.2011127425,74.614551535,87.7301874175,221640,108754,260774,53835,1428829,-289407,281649,57.3825,53.4225,54.09,54.6475,70.7225,62.9925,65.465,49.525,48.3,71.8425,48.8075,52.3225,1499,7.267,7061,22,300,24,257,7061,9144,175,129,46,24,240,819,129,68,24,724,100,93,843,2083,388,3759,150,968,538,373,979,363,3371,6673,-1288,1499,-37,94.4,16822,17814,-110,20,179,856,192,103,16377,972,182,10195,1630,6694,5307,4964,162,5474,1,5475,9759,3064,1661,31,1219,3064,387,1619,436,21.5,23.7,58.5,31,24.7,125721,229048,19175,90755,1037,31491,235,56891,104050,6389,15282,31538,18094,197510,1950,36990,48827,98565,31255,232031,47,47,34541,81373,-1754,352979,4659,1043942,1106648,1797611,9614,3170,1266,174,30793,1995,690963,38.3279101734
2015-01-05,81.4799987793,20.0060005188,18.9819999695,103.747898865,2858.46,76.8928571429,756.5,65.76926041,108.79385375,29.32911301,227742,112171,259613,60225,1457729,-280577,272484,51.286,48.754,48.114,48.43,64.656,56.13,58.55,42.23,41.356,64.876,43.998,53.68,1482,-1.754,6856,38,91,328,157,6856,9520,265,164,59,328,147,432,150,26,328,1136,126,227,760,2664,388,3759,150,968,538,373,979,363,3371,6468,-707,1482,-17,93.9,16729,17814,-377,38,-228,789,-558,9,16420,949,168,8701,1604,6247,5180,4858,154,5129,1,5129,9037,2790,1640,36,1118,2790,359,1619,-336,21.3,24.1,52.6,35,25.4,136926,237163,20057,96043,727,30492,230,58700,115563,6201,15162,30536,18845,206627,2086,37779,51157,95589,30262,227222,44,44,33055,78390,-4173,348806,4113,1039767,1111801,1802762,8809,4283,1443,425,32098,1305,690961,38.1167655867
2015-01-12,85.6200012207,19.6579998016,20.9959999084,102.111878967,2746.62,85.74,817.5,153.83245085,258.5629425,80.766498565,254232,114063,273404,74009,1505101,-279878,268800,48.11,47.076,43.984,44.332,60.398,52.138,54.964,40.238,39.532,60.676,42.204,54.858,1421,-3.062,7492,81,68,50,293,7492,9396,232,178,54,50,20,462,118,46,50,840,119,83,512,1904,388,3759,150,968,538,373,979,363,3371,7104,-1467,1421,-61,91,16225,17830,-498,16,1,815,-219,261,15893,978,74,9125,1583,6196,5108,4790,243,5287,1,5288,9071,2875,1600,16,908,2875,375,1522,54,21.8,24,53.9,36.4,26.1,139851,240334,22013,99330,784,30057,228,58173,119453,5718,14681,30096,20229,210238,2086,37886,51952,89801,29829,225994,39,39,32318,80982,5389,354195,4302,1045154,1121784,1812743,8875,3446,1250,190,33874,1776,690959,38.0725416922
2015-01-19,88.4750003815,21.9100003242,17.9499998093,101.691450119,2744.2,74.4657142857,793.5,142.2058983,187.62550735,108.408165,277012,128820,311973,87941,1627535,-283787,275480,48.634,46.5175,44.936,45.56,61.716,53.766,56.75,41.72,40.69,62.492,44.314,56.775,1366,5.389,7218,84,91,53,301,7218,9367,268,144,123,53,155,630,154,39,53,652,154,238,683,2149,388,3759,150,968,538,373,979,363,3371,6830,-1222,1366,-55,85.5,15250,17830,201,45,184,837,878,448,14909,979,82,9215,1458,6437,4768,4410,277,5369,1,5371,9451,3014,1511,53,1066,3014,322,1533,-236,22.9,23.6,47.2,35.1,26.7,136579,240922,22693,98829,1489,30431,239,57641,116885,5160,14534,30471,20387,210451,1964,36773,52492,87767,30192,225708,40,40,32177,81945,10071,364266,3500,1055224,1123888,1814846,8851,3283,1706,207,36783,2909,690958,38.0312668392
2015-01-26,86.125,19.8819999695,18.5819999695,100.384320068,2702.64,61.99,797.5,110.84218214,116.75714875,100.862926505,277461,135478,310907,94203,1591022,-286251,281269,49.67,45.72,44.566,45.826,61.072,53.368,56.34,41.41,39.872,62.07,44.118,55.874,1317,10.071,7422,25,10,93,316,7422,9841,439,345,78,93,153,503,82,68,93,926,162,213,597,2419,502,4092,161,1010,408,374,1140,497,3590,6920,-1171,1317,-49,88,15690,17830,41,64,-9,842,684,588,15256,978,95,9177,1513,6268,4712,4350,267,5421,1,5422,9304,3036,1538,25,846,3036,320,1583,-127,23.9,23.5,43.2,33.4,26.8,132687,238335,23585,97849,1451,28694,243,59089,112987,5820,13881,28730,20631,209605,2088,36596,51216,86114,28451,226963,36,36,32419,83610,8874,373140,4315,1064097,1125856,1816813,9022,3696,1621,124,38868,2085,690957,37.776700112
2015-02-02,91.9599990845,20.3279998779,17.8460002899,102.416041565,2757.44,72.92,771.5,153.84573365,176.33221435,152.58998105,276156,133117,321088,104763,1668047,-286635,274271,56.238,50.648,52.358,53.61,66.478,63.086,66.476,50.472,48.56,69.752,53.162,60.844,1223,8.874,7387,54,170,9,273,7387,9463,413,232,99,9,165,662,124,45,9,555,169,143,672,2076,502,4092,161,1010,408,374,1140,497,3590,6885,-1514,1223,-94,89.9,16025,17830,165,72,75,830,699,387,15544,948,95,9087,1496,6422,4666,4371,199,5333,1,5334,9402,2980,1523,27,1088,2980,413,1549,-315,24.6,25.3,40.9,32.2,27.4,134475,240670,24042,99174,1789,29786,260,59252,113986,6272,14217,29828,20986,210842,2056,37940,50627,84733,29527,228667,42,42,32763,86042,6333,379473,4123,1070430,1138099,1829056,8442,3477,1590,133,41384,2516,690957,37.742329653
2015-02-09,93.5299987793,19.5759994507,16.5539995194,102.959159851,2731.62,61.11,772.5,136.9341736,86.460643765,178.77009585,267234,126651,313968,106041,1721471,-273592,272196,57.6,51.142,55.712,56.858,71.494,66.898,70.228,53.342,51.792,73.408,56.434,57.948,1140,6.333,7286,58,41,14,165,7286,9198,269,200,48,14,183,448,117,59,14,646,162,257,462,1912,502,4092,161,1010,408,374,1140,497,3590,6784,-1678,1140,-83,90,16013,17790,255,39,-24,826,643,373,15564,961,66,8708,1570,6324,4706,4427,213,5306,1,5306,9296,2973,1613,43,1017,2973,427,1506,-588,25.1,26.3,37.5,30.7,28.1,131223,242647,24960,98633,1992,29385,359,61329,111612,5763,13847,29428,21135,213219,1900,38773,51266,83956,29026,227291,43,43,34025,85898,4327,383800,4190,1074756,1139763,1830719,8282,3907,1582,130,42598,1214,690956,37.7600751097
2015-02-16,95.0000019074,19.2575006485,15.2100000381,103.285150528,2718.24,53.8014285714,759.5,130.29751965,140.11820985,140.91148375,265742,106768,301728,98032,1717593,-274019,271527,60.978,51.7925,59.0133333333,60.15,75.3966666667,70.25,73.8466666667,56.4066666667,54.6766666667,77.4066666667,59.73,55.5125,1056,4.868,7105,33,79,34,367,7105,9047,216,136,40,34,123,602,178,22,34,635,127,151,635,1942,502,4092,161,1010,408,374,1140,497,3590,6603,-1648,1056,-84,88.7,15781,17790,146,66,-129,852,484,402,15442,964,48,9180,1588,6211,4629,4308,274,5520,1,5521,9273,3062,1605,17,690,3062,379,1487,-93,25.3,27.4,35.2,30.3,28.1,127409,243132,25078,98453,2217,28738,381,62988,109116,5240,13053,28781,21084,214351,1667,39434,50692,81352,28357,224867,43,43,34163,86273,7716,391516,3510,1082471,1138901,1829856,8809,3959,1717,136,46261,3663,690955,37.7143197116
2015-02-23,93.0399993896,17.6259998321,13.8680000305,102.404959106,2730.9,90.15,762,127.51290895,113.76908491,135.0797806,261466,90054,309624,100466,1689966,-296632,299390,60.364,49.53,57,57.948,73.228,69.91,73.288,55.228,53.024,75.326,59.354,56.436,1019,7.716,7279,33,155,16,266,7279,9563,353,194,96,16,100,554,77,68,16,934,102,249,569,2284,478,4427,151,1030,506,378,1205,679,3949,6801,-1665,1019,-37,87.4,15553,17790,183,44,114,845,887,546,15243,947,123,9659,1451,6584,4747,4419,205,5453,1,5454,9633,3050,1529,78,1130,3050,412,1477,26,25.9,28,34.7,30.2,27.9,124698,240014,25669,96073,1708,29304,345,62872,106874,5052,12772,29351,21594,210663,1677,39749,50010,79925,28959,225081,47,47,35235,87392,8427,399943,4033,1090898,1141121,1832076,8915,3648,1428,130,48680,2419,690955,37.6670938789
2015-03-02,89.7199996948,17.0259998322,14.0739997864,101.701159668,2727.1,68.3385714286,800.5,117.70689774,99.344478595,133.205509185,271430,88647,320255,117646,1695437,-280334,269837,60.264,50.402,57.828,58.718,74.548,73.334,76.644,55.726,53.328,76.216,60.518,50.588,986,8.427,7368,53,125,33,345,7368,9395,367,190,126,33,85,608,138,59,33,405,188,288,640,2027,478,4427,151,1030,506,378,1205,679,3949,6890,-1922,986,-33,86.6,15402,17790,197,16,109,846,763,441,15113,931,74,9522,1327,6468,4645,4331,240,5446,1,5447,9541,3074,1453,126,1021,3074,471,1494,-19,26.7,26.5,31.1,29.1,27.7,122976,240060,26592,95474,1922,31028,365,63452,106033,4476,12466,31072,21528,208988,1656,39130,48140,76661,30663,221977,44,44,36890,86728,10303,410246,4961,1101201,1143418,1834373,8630,3526,1775,145,49216,536,690955,37.6032731767
2015-03-09,85.0199996948,18.9059997559,16.0080003738,99.0862197876,2709.62,50.6728571429,784,78.809627535,63.153390885,82.12157442,278160,85799,302317,138007,1687908,-270400,262289,56.842,47.67,55.184,56.084,71.472,70.814,74.276,52.808,51.26,71.878,57.992,50.646,922,10.303,6793,36,103,9,285,6793,8344,524,350,116,9,103,527,46,11,9,242,130,74,536,1551,478,4427,151,1030,506,378,1205,679,3949,6315,-2398,922,-64,87.8,15612,17791,116,52,148,840,793,476,15300,944,164,9165,1418,6501,4800,4409,228,5469,1,5470,9465,2964,1440,22,1031,2964,452,1511,-300,27.2,24.9,31.5,30.7,27.5,125503,239873,27977,94550,1970,30886,327,63833,107236,5459,12808,30930,21173,208943,1475,37534,48590,75730,30559,220997,44,44,36794,85081,5179,415425,5024,1106378,1146528,1837481,8515,3287,1332,162,51538,2322,690953,37.4608491234
2015-03-16,86.2200012207,18.6159996033,14.4659999847,98.0026000977,2712.52,55.09,759.5,96.02735138,68.275203705,116.88169475,283735,94364,303048,142770,1670894,-263480,260659,54.522,44.336,52.218,53.032,68.15,67.674,71.41,50.142,48.49,67.318,56.324,55.018,866,4.512,7496,5,58,8,392,7496,9730,226,143,30,8,201,655,211,47,8,833,122,177,664,2234,478,4427,151,1030,506,378,1205,679,3949,7018,-1715,866,-56,88.1,15681,17791,344,8,132,863,858,374,15436,947,133,9754,1470,6477,4807,4514,160,5596,2,5597,9556,3079,1504,34,880,3079,431,1539,198,27.8,25.6,35.3,31.7,26.7,125883,235400,28692,93011,2114,29653,316,63074,108128,5142,12613,29693,20820,205707,1502,38240,47509,76230,29337,220942,40,40,37495,83878,9622,425047,3519,1116000,1153514,1844467,9260,3814,1090,130,54403,2865,690953,37.2492308389
2015-03-23,85.0399978637,16.4659999848,14.6679998398,100.170478821,2801.48,65.59,762,149.8165207,153.083259605,160.1216965,280921,95310,318639,178365,1760721,-251134,243488,56.622,48.894,53.864,54.694,69.672,69.27,72.71,51.306,49.45,69.016,57.41,49.342,825,9.622,7392,59,0,7,280,7392,9216,348,201,120,7,98,437,118,34,7,577,133,205,443,1824,503,4260,165,1073,477,377,1119,546,3757,6889,-1933,825,-41,89,15837,17791,349,-47,166,866,992,525,15530,953,108,9024,1452,6511,4732,4333,291,5614,1,5616,9589,3078,1516,64,895,3078,498,1524,-565,28.2,25,38.1,32.4,26.7,125849,233386,29574,92185,2551,28717,305,62979,109433,4538,11878,28758,21317,204629,1424,37936,46915,77325,28411,223070,41,41,38892,84202,8170,433217,4677,1124169,1163991,1854943,8619,3400,1089,126,56314,1911,690952,37.1850020477
2015-03-30,84.3400009155,16.2575001716,14.8949999809,99.3398605347,2760.9,82.1442857143,776,133.493997575,108.57853222,153.144149777,281832,88636,313080,178123,1748067,-201705,206887,55.8625,48.8775,53.8125,54.6125,69.7825,69.435,72.665,51.6275,48.97,69.3775,57.475,51.61,813,8.17,7348,46,101,35,344,7348,9178,270,216,40,35,183,674,69,17,35,562,131,89,709,1830,503,4260,165,1073,477,377,1119,546,3757,6845,-1927,813,-12,89.4,15896,17791,416,70,367,869,1045,192,15728,952,78,9729,1458,6578,4858,4517,263,5626,2,5628,9695,3117,1517,59,950,3117,498,1576,34,28.3,23.9,47.7,33.2,25.6,127174,229128,29842,91387,2494,27203,281,61069,110143,4616,12415,27242,20547,201886,1531,36706,46937,78404,26921,224345,39,39,38673,84119,4766,437983,4021,1128935,1167195,1858147,9435,3490,899,241,58943,2629,690952,36.8898273639
2015-04-06,78.6800018311,14.9919998169,13.8339998245,99.9654586792,2762.475,62.5428571429,795.5,126.13082505,78.428489685,165.1843033,306280,87350,322425,159058,1740134,-226346,226695,57.442,51.794,54.494,55.184,69.658,69.364,71.978,51.46,49.654,68.896,57.786,46.474,802,4.766,8217,128,0,44,227,8217,10306,300,81,141,44,127,482,174,24,44,772,116,201,526,2089,503,4260,165,1073,477,377,1119,546,3757,7714,-1668,802,-11,90.1,16121,17889,190,10,315,867,724,208,15929,936,68,9143,1484,6506,4998,4706,224,5639,1,5639,9572,3066,1540,56,867,3066,481,1608,-429,28.7,24.2,50.7,32.2,25.6,126924,229945,31109,92716,1962,27370,240,60595,110886,4636,11402,27456,20483,202489,1383,36893,47216,80240,27130,227194,86,86,37556,84534,11679,449662,3539,1140614,1182063,1873015,8610,3149,1137,465,60175,1232,690952,36.7476360944
2015-04-13,74.0800018311,14.7160001755,13.3880001068,100.860519409,2765.94,91.5457142857,772,110.354000105,89.381752015,120.04835511,314258,80329,338635,126264,1743733,-243828,252043,60.822,54.808,57.518,58.104,72.27,73.026,75.5,53.696,51.56,71.644,59.994,44.094,760,10.949,7148,14,104,23,307,7148,9238,219,178,41,23,97,522,198,28,23,876,88,164,545,2090,503,4260,165,1073,477,377,1119,546,3757,6645,-1667,760,-42,92.3,16513,17889,258,76,528,885,1117,256,16212,924,141,9249,1541,6789,4995,4725,129,5796,2,5798,9901,3112,1620,79,992,3112,454,1551,-652,28.5,23.9,55.5,32.6,25.6,128941,227873,31269,90676,1541,26075,252,60710,113486,4920,10536,26137,20645,201736,1427,37250,48810,82486,25823,229823,62,62,38358,84953,1294,450956,3711,1141906,1189307,1880257,8914,3677,868,126,61462,1287,690950,36.5697524562
2015-04-20,72.8199996948,15.6959999085,12.8059999466,101.150158691,2761.18,50.5814285714,738,111.140024837,117.423447933,109.162877417,328469,64891,341529,109973,1774773,-279495,282160,63.678,56.538,59.33,59.792,73.666,75.504,77.806,54.804,52.906,73.77,61.596,39.338,734,1.294,7765,15,67,53,421,7765,9941,255,207,48,53,182,684,77,66,53,674,66,314,737,2176,503,4260,165,1073,477,377,1119,546,3757,7262,-1581,734,-26,91.2,16308,17889,476,111,207,879,954,160,15982,930,81,9763,1489,6702,4775,4502,191,5711,2,5713,9818,3116,1592,103,989,3116,481,1588,-55,28.6,22.9,60.5,33,25,129336,225738,31401,89301,1029,26702,242,59011,114126,4860,10350,26735,21342,199003,1554,36326,49662,85247,26461,233258,33,33,38731,85610,5315,456271,5839,1147221,1198453,1889403,9185,3212,893,365,62200,738,690950,36.4244233859
2015-04-27,74.4000015259,16.5220003128,13.2340000153,102.807159424,2883.86,36.1971428571,794.5,61.123247145,32.76086521,78.15169525,322422,50493,342276,74662,1723025,-324844,323092,65.71,58.282,61.99,62.3175,75.59,78.855,81.4425,56.215,54.1675,75.5975,63.8725,36.668,703,5.315,7446,76,75,104,311,7446,9976,135,116,19,104,197,660,197,17,104,1070,111,254,763,2530,467,3983,188,945,470,378,988,547,3516,6979,-986,703,-31,91.3,16340,17889,173,2,275,875,839,388,16100,921,103,9374,1576,6683,4837,4513,221,5722,1,5724,9787,3104,1660,84,959,3104,569,1595,-413,28.5,23.2,63.3,32.6,25.5,129270,227451,31328,90264,1254,26771,242,58486,113206,5754,10309,26813,20797,200639,1534,36833,50635,88466,26529,236067,42,42,37483,85533,1910,458181,3919,1149129,1205988,1896936,8920,3582,885,623,61686,-514,690948,36.3055126004
2015-05-04,86.0599990845,17.2100002289,14.0600000381,104.038038635,2955.05,62.8957142857,748.5,58.25840187,47.651872635,67.90626526,331503,54615,336378,78247,1717417,-320617,314844,66.534,59.718,63.824,64.1,78.394,81.09,83.92,59.5,56.93,78.056,64.518,36.508,679,1.91,6541,93,133,58,190,6541,8076,112,91,21,58,150,567,80,18,58,420,86,212,626,1535,467,3983,188,945,470,378,988,547,3516,6074,-1981,679,-24,93,16629,17873,4,87,457,870,767,218,16347,887,152,9152,1502,6590,4970,4617,201,5686,2,5688,9632,3042,1568,65,902,3042,490,1666,-480,28.1,23,66.7,33.7,25.5,130773,227852,31728,91490,1485,25920,234,56923,114452,6300,10021,25957,20762,201895,1490,36520,51997,93358,25686,241872,37,37,38781,85506,-4102,454079,5243,1145027,1212201,1903149,8785,2871,1045,139,61674,-12,690948,36.411759529
2015-05-11,84.6999984741,15.8379997253,13.3180000305,104.773820496,2922.36,74.06,773,78.70123291,54.85876465,102.84157945,330064,41337,332044,63881,1750082,-328510,325706,66.396,60.014,63.31,63.514,79.09,82.08,84.57,59.82,56.842,77.444,63.59,33.102,668,-3.882,6881,64,172,25,303,6881,9271,294,213,81,25,212,751,170,66,25,886,72,192,776,2390,467,3983,188,945,470,378,988,547,3516,6414,-1126,668,-11,91.2,16302,17873,141,102,263,891,995,489,15968,912,64,9690,1480,6698,4860,4593,203,5769,2,5771,9839,3141,1615,135,927,3141,425,1667,-149,28.1,23.8,66.5,31.6,25.1,128270,226710,31423,93323,1168,25693,230,56039,111750,5883,10637,25727,20299,200982,1518,37120,50452,94174,25463,239763,34,34,39112,82890,-2191,451888,3769,1142835,1206646,1897593,9201,4232,994,192,60684,-990,690947,36.4700749228
2015-05-18,87.4579986572,15.15,12.5399999618,103.417919922,2824.18,67.2671428571,731,94.7296168033,96.6048749233,99.4296646033,318438,39858,315548,52973,1731678,-322106,320212,65.446,59.222,62.966,63.058,79.068,82.678,85.348,59.534,56.772,77.232,63.308,32.41,660,-2.191,7199,43,131,29,154,7199,9427,227,207,20,29,185,513,229,27,29,921,75,234,542,2228,467,3983,188,945,470,378,988,547,3516,6732,-1288,660,-8,92.4,16522,17873,147,62,348,906,921,363,16213,958,75,9651,1549,6700,4844,4564,205,5918,2,5920,9880,3181,1620,71,779,3181,448,1627,-229,27.8,23.7,68.3,30.9,24.8,127724,223936,30814,94567,856,24794,222,53642,110853,5883,10988,24829,20434,199106,1479,37110,50041,96041,24573,239838,35,35,40236,81777,-2674,449214,4001,1140474,1204157,1895417,9261,4144,920,143,60443,-241,691260,36.4468380117
2015-05-25,83.6899986267,14.4500000477,13.6200003624,100.46900177,2757.45,57.3671428571,728,46.436790465,56.857465745,34.245298385,284144,42903,313146,69093,1621198,-350540,343431,63.888,58.38,61.982,62.1,77.766,81.394,83.882,58.424,56.104,76.074,61.524,34.47,659,-2.674,6696,45,132,33,337,6696,8869,248,222,26,33,228,742,156,28,33,709,92,192,775,2173,441,3794,160,913,449,380,1025,426,3353,6255,-1180,659,-1,93.6,16726,17873,361,40,129,905,1054,525,16450,969,144,10164,1571,6729,4891,4547,200,5853,2,5855,9959,3230,1636,65,874,3230,398,1652,205,27.5,25.1,69,31.2,23.9,128839,220627,30657,92264,1075,25054,218,54386,111602,6497,10740,25088,20097,195539,1618,38453,47815,98149,24836,243735,34,34,40324,83616,-2802,446412,3757,1138259,1206389,1898236,9734,3670,975,197,60010,-433,691847,36.321447851
2015-06-01,88.7940002442,15.2039999008,14.1579999923,100.882478333,2730.74,60.0528571429,748.666666667,78.0272611133,93.38494238,72.1190973933,271990,49633,310052,64925,1614397,-346218,347991,63.902,59.646,61.1325,61.3825,76.635,81.2375,83.565,57.115,56.3125,74.9725,60.6375,36.078,646,-2.802,7373,103,105,95,190,7373,9105,64,46,18,95,199,597,178,17,95,550,63,185,692,1732,441,3794,160,913,449,380,1025,426,3353,6932,-1621,646,-13,93.2,16662,17873,209,64,450,874,1029,305,16407,972,104,9408,1592,6633,5023,4685,234,5704,2,5706,9694,3061,1710,118,927,3061,425,1635,-286,27.3,24.2,80.2,32.8,23.7,132612,220293,30759,91362,1037,25748,245,52690,114238,6096,12279,25780,20068,194513,1635,38444,49423,99787,25502,245096,32,32,41036,83252,-1948,444464,5675,1136810,1213817,1906163,8978,3817,692,128,59027,-983,692346,36.3204045714
2015-06-08,88.0199996948,14.5260000229,13.9220001221,101.513220215,2721.64,64.7671428571,784.5,68.55337715,60.712511065,70.485361085,257582,49327,303942,59316,1651499,-339955,339518,64.45,60.088,61.678,61.876,77.198,83.306,86.498,57.246,56.918,75.762,61.132,32.422,642,-1.948,6623,28,21,39,398,6623,8527,181,151,30,39,179,627,172,15,39,642,101,141,666,1904,441,3794,160,913,449,380,1025,426,3353,6182,-1449,642,-4,94.6,16912,17874,-59,-7,220,884,794,640,16576,992,133,10007,1566,6588,5083,4712,238,5696,2,5698,9756,3168,1658,92,891,3168,418,1622,251,26.7,24.7,80.9,33.9,23.1,133477,217354,30167,91526,1019,25882,277,50896,115567,6190,11720,25918,20246,191437,1737,39388,47996,103551,25604,250739,36,36,40795,85001,-6017,438447,4288,1130792,1213870,1906215,9600,3295,1042,213,58003,-1024,692345,36.2882641706
2015-06-15,84.2799987793,13.813999939,14.3700000763,100.350340271,2635.02,71.9957142857,774,79.25068662,74.180553415,80.418079375,263010,61830,294157,58637,1641774,-325134,325855,63.492,59.894,60.894,61.092,75.364,82.538,85.574,56.54,55.828,74.488,60.538,31.95,635,-6.812,7067,131,220,11,205,7067,9372,147,96,51,11,115,671,142,43,11,1035,101,198,682,2305,441,3794,160,913,449,380,1025,426,3353,6626,-1048,635,-7,93.1,16648,17874,0,69,488,912,844,286,16282,980,109,9651,1531,6673,5011,4652,250,5852,2,5854,9933,3260,1672,141,819,3260,369,1652,-282,26.5,26.1,80.4,34,23.2,133591,217814,29307,91631,775,26307,242,49896,115788,5932,11871,26338,20718,191476,1657,40505,49174,106703,26065,252634,31,31,40285,84713,-2676,435771,3200,1128715,1216610,1909554,9176,3886,1037,260,58115,112,692944,36.4254708347
2015-06-22,83.7839996338,13.5820001602,13.2280000687,100.653939819,2629.64,61.7928571429,742.5,92.50386045,88.90971756,83.77919578,262537,67874,293469,56127,1652013,-330886,327133,63.548,60.058,60.258,60.498,74.132,80.522,83.6,55.514,54.19,73.304,59.478,29.524,631,-2.676,6765,29,0,22,449,6765,8865,128,116,13,22,396,874,109,16,22,675,83,209,896,2100,571,4312,144,1013,600,390,1228,366,3741,6194,-1641,631,-4,94,16794,17874,-116,103,302,902,622,332,16532,994,126,9934,1615,6536,4970,4636,207,5811,2,5813,9754,3218,1672,58,723,3218,380,1632,180,26.2,24.4,83.3,35.3,23.4,135428,218494,29030,92701,904,25846,251,50081,116837,5719,12871,25880,19840,192614,1856,39731,48928,104467,25595,249181,34,34,39816,83603,-4934,430837,2920,1124131,1210028,1903322,9655,4477,914,266,56245,-1870,693294,36.2420097646
2015-06-29,90.1000022889,14.7799999714,17.490000248,101.722949982,2617.28,73.1028571429,820.5,108.493694318,103.94342613,114.707139967,270953,79149,295400,61127,1650025,-334959,327433,62,57.9225,59.762,59.966,73.384,78.392,81.41,53.718,52.854,72.602,58.778,33.4925,628,-4.934,7513,44,222,31,209,7513,10067,173,126,47,31,255,729,284,37,31,1093,75,169,760,2554,571,4312,144,1013,600,390,1228,366,3741,6942,-1187,628,-3,95,16976,17874,-46,74,360,908,819,432,16531,968,108,10046,1564,6700,5015,4684,222,5877,3,5879,9927,3227,1639,75,821,3227,385,1641,119,26.3,26.2,80.8,34.5,22.7,135820,216737,28086,92791,903,25708,242,49876,117408,5794,12618,25743,19532,190993,1872,41383,47423,109322,25466,255256,35,35,40086,85782,2386,433223,4100,1126915,1220363,1914055,9731,3537,884,125,56368,123,693692,36.0604977659
2015-07-06,89.1160003662,15.0299999237,17.9119998932,98.5847808838,2533.84,103.157142857,744,94.73991777,84.50227356,93.944274895,282937,84244,283673,67521,1670091,-331671,328179,57.556,52.406,56.59,56.814,68.94,74.344,77.408,49.948,48.944,68.388,55.246,41.202,640,2.386,7316,74,137,83,383,7316,9622,164,141,23,83,175,769,137,45,83,906,86,161,852,2306,571,4312,144,1013,600,390,1228,366,3741,6745,-1435,640,12,94.7,16929,17874,25,242,270,904,686,150,16596,987,52,9868,1603,6795,5092,4733,307,5855,2,5857,9994,3199,1693,89,938,3199,426,1618,-126,26.3,27.1,88.4,35.7,22.9,137461,217952,27879,94847,447,26079,244,50343,118446,5898,13117,26111,19841,191841,1845,42621,46203,111878,25836,258380,32,32,40554,86587,491,433714,5160,1127937,1230939,1925162,9532,3488,806,130,56667,299,694223,36.0184162044
2015-07-13,78.9619995117,14.2800001144,12.9119997025,98.6222015381,2572.14,104.225714286,759.5,107.331272145,76.95648099,121.63326265,293681,87871,278847,105121,1691891,-290876,296160,57.604,51.69,56.67,56.8125,67.375,74.7975,78.2625,50.01,48.9375,67.56,54.4575,36.448,645,0.384,7354,102,118,10,309,7354,9453,146,103,43,10,143,671,167,27,10,914,76,114,682,2099,571,4312,144,1013,600,390,1228,366,3741,6783,-1642,645,5,95.3,17110,17962,-114,100,383,881,700,330,16825,984,109,9658,1584,6698,5093,4754,229,5727,2,5729,9806,3108,1657,73,969,3108,372,1652,-148,25.8,27.4,94.8,38.3,22.8,141280,218010,27459,93748,426,25362,240,50266,121067,5917,14296,25399,19740,192612,1876,43509,48171,111648,25122,259558,37,37,40194,88692,-4346,429368,4558,1123990,1233897,1928519,9404,4403,868,147,57105,438,694622,35.9798117405
2015-07-20,72.5800003052,19.5079998016,12.5940000534,95.1120422363,2497.64,49.7457142857,687.666666667,144.215988133,143.1482366,162.766693133,309828,81782,256779,109574,1733695,-256902,264387,55.942,49.258,54.556,54.738,64.238,72.15,75.978,48.236,47.11,65.424,52.932,37.294,638,-4.346,7941,46,319,45,287,7941,10200,193,156,37,45,118,770,221,17,45,788,88,154,815,2259,571,4312,144,1013,600,390,1228,366,3741,7370,-1482,638,-7,95.5,17160,17962,11,12,351,897,743,369,16870,973,130,10109,1662,6643,5073,4718,225,5784,2,5787,9822,3179,1722,60,856,3179,471,1657,287,25.8,27.9,90.7,37.3,22.5,141515,216285,26764,92757,575,25633,246,51322,121915,6281,13320,25670,19559,190615,2009,44108,45961,113988,25387,261671,37,37,39265,88962,2468,431836,5167,1126971,1236879,1932014,9749,4085,1088,368,57918,813,695135,35.9774322655
2015-07-27,72.1619995117,17.9079998016,13.1579999924,92.4998794556,2459.62,48.7257142857,724,102.60113527,110.23646166,90.865531945,298941,85512,243417,137034,1668737,-257138,253683,53.134,47.96,52.236,52.446,60.898,70.112,73.806,45.436,44.682,62.718,50.61,39.166,659,2.468,7545,69,152,26,158,7545,9711,130,118,11,26,207,587,138,25,26,951,63,271,613,2166,571,4312,144,1013,600,390,1228,366,3741,6974,-1575,659,21,95.1,17084,17962,52,164,245,903,861,400,16762,965,121,9681,1645,6781,5096,4741,234,5825,3,5828,9979,3198,1704,58,953,3198,389,1646,-298,25.5,27.1,93.3,38.7,22.7,144103,215922,26160,92889,853,25651,233,50112,123910,6730,13463,25687,19648,190234,2075,44017,46380,114125,25418,261232,36,36,40057,88861,-4203,427633,2645,1122767,1237005,1932139,9339,4553,859,157,57706,-212,695134,35.9776743339
2015-08-03,78.4739990234,17.2799999237,13.0460002899,90.6776397705,2414.38,48.2557142857,666.5,122.62069704,70.10767746,150.05537416,273147,97245,250702,151769,1694436,-243608,243419,49.446,44.918,50.26,50.465,59.4175,66.935,71.4425,42.6425,41.285,59.255,49.4325,40.78,664,-4.203,7180,35,142,34,324,7180,9107,149,88,61,34,287,789,155,26,34,658,74,70,822,1927,576,4460,149,1053,547,398,1293,444,3884,6604,-1957,664,5,96.1,17261,17962,-124,108,315,910,523,225,17075,961,131,9984,1520,6788,5025,4611,282,5925,2,5927,9982,3194,1634,114,861,3194,430,1661,2,25.1,25.9,89.3,38.9,22.7,144812,216733,25430,94636,939,24867,253,49573,124146,6045,14621,24899,19239,191834,2097,43389,46685,118634,24614,264559,32,32,39454,88322,-4407,423226,2825,1118360,1236992,1932126,9687,3782,1019,188,57164,-542,695134,35.8659809931
2015-08-10,78.4,16.2340000153,13.1739997864,91.0762191772,2402,57.19,695,86.060337065,71.523578645,87.29702377,264315,117131,260866,148646,1736523,-242288,247093,49.5,43.214,49.815,49.84,59.265,65.0775,69.5375,42.1975,40.905,58.67,49.3925,41.94,670,-4.407,7573,70,137,40,232,7573,9917,118,116,2,40,204,643,27,63,40,1115,98,303,683,2344,576,4460,149,1053,547,398,1293,444,3884,6997,-1540,670,6,96.1,17261,17962,107,91,367,898,862,296,17029,965,102,9993,1557,6919,5148,4861,186,5853,2,5855,10106,3188,1593,37,1063,3188,427,1651,-113,24.9,26.1,92.6,39.5,22.4,147806,215482,25114,92814,1216,24182,210,49956,127576,6302,13927,24222,18529,191261,2198,43288,47275,120655,23971,268195,40,40,39776,90181,-1404,421822,2656,1116956,1243009,1938143,9686,4234,840,286,57113,-51,695134,35.8483209951
2015-08-17,82.6799987793,16.5100000381,17.8460000992,88.9338790894,2351.84,65.5542857143,697.666666667,67.8849983233,49.0116691567,79.68588511,260117,134228,262862,163114,1676233,-232425,225843,47.358,41.376,47.596,47.644,57.266,62.108,65.986,39.558,38.402,56.632,47.016,41.67,672,-1.682,8038,102,211,22,395,8038,10652,201,109,92,22,138,846,144,18,22,1093,90,217,869,2614,576,4460,149,1053,547,398,1293,444,3884,7462,-1270,672,2,95.1,17083,17962,232,56,394,908,1077,396,16775,965,118,10248,1607,6828,5072,4714,240,5849,2,5851,10063,3235,1639,32,977,3235,409,1620,185,25.1,25.3,96.4,40,22.2,148400,212774,24111,90459,1094,25034,215,48999,128497,6409,13494,25072,18561,187703,2218,42321,47151,123106,24819,268971,38,38,39155,89561,2620,424442,3488,1119575,1243962,1939095,9705,4698,988,317,57439,326,695133,35.7939589298
2015-08-24,92.0199996948,19.8060001373,31.8460002899,86.8692214966,2322.56,128.124285714,629.5,55.50045967,60.728047375,54.47567177,269257,129391,252044,158638,1688731,-213829,210564,45.33,40.786,44.082,44.102,53.98,56.538,60.208,33.564,32.816,53.264,42.702,49.314,674,2.62,7199,63,73,26,283,7199,9247,123,105,17,26,186,605,135,26,26,877,63,221,630,2048,477,4172,133,1001,505,414,1223,419,3695,6722,-1647,674,2,94.5,16980,17962,-71,-1,477,903,710,304,16658,952,110,9782,1544,6724,4906,4581,216,5749,3,5752,9974,3250,1588,43,972,3250,378,1630,-192,24.8,25,96.8,40.4,22.4,149836,214434,23797,91123,2026,26435,206,49086,130242,6308,13285,26475,18628,187959,2142,41694,45724,126335,26229,272405,40,40,39719,90228,-5452,418990,4320,1114123,1246907,1942040,9189,3927,922,104,57695,256,695133,35.6906932887
2015-08-31,89.5399993896,18.9659999847,27.8659999848,89.3015609741,2380.85,110.405714286,715,97.177906035,36.364904405,135.730957,263842,122460,256270,157094,1677151,-216849,215563,50.9,46.732,47.812,48.244,59.53,61.362,65.426,37.324,36.82,58.842,46.004,53.072,675,-5.452,7855,36,193,39,326,7855,9973,77,43,34,39,240,796,179,22,39,691,76,248,835,2118,477,4172,133,1001,505,414,1223,419,3695,7378,-1577,675,1,92.8,16673,17962,-11,6,517,921,1036,524,16389,948,111,9799,1512,6837,4923,4565,247,5933,3,5935,10125,3288,1564,52,902,3288,430,1635,-326,25.3,26.5,94.6,40.5,22.5,149951,214163,22908,91869,2182,26296,210,48272,129299,6490,14163,26339,19002,187823,2066,42546,45501,127428,26086,271314,43,43,40161,89080,4667,423657,3987,1118790,1252526,1947659,9438,4247,1130,201,57307,-388,695133,35.6306444147
2015-09-07,84.4249992371,17.5949993134,24.6750001907,88.9108524323,2435.76,96.0942857143,755,118.4134903,126.89886855,116.5227089,258776,118116,252087,136085,1688806,-219070,220342,48.352,45.16,46.4575,46.8075,58.85,60.78,64.9125,37.215,36.585,58.2825,44.81,49.83,662,4.667,7459,32,96,23,272,7459,9371,130,123,7,23,166,566,176,12,23,775,127,115,589,1912,477,4172,133,1001,505,414,1223,419,3695,6982,-1783,662,-13,90.9,16368,18017,312,97,277,896,953,267,16110,958,169,9587,1593,6586,4794,4313,312,5764,2,5766,9833,3247,1661,68,820,3247,402,1572,-246,25.8,25.8,88.5,40.7,23,150903,214547,22773,92458,2036,27517,248,48270,129703,6820,14380,27556,18642,186990,2304,42715,44227,129447,27270,272119,39,39,38612,87897,2405,426062,4275,1121192,1255803,1950933,9017,4045,1127,324,56410,-897,695130,35.4770748676
2015-09-14,81.2199996948,17.2919994355,22.3120002746,88.6721206665,2429.1,85.6342857143,779,103.30037306,112.315628055,99.87191011,262335,93877,258339,125482,1704251,-226406,231430,47.86,45.464,45.238,45.36,58.732,60.694,64.124,36.252,35.822,58.196,46.42,48.474,652,2.57,7189,19,205,43,285,7189,8847,66,46,20,43,170,679,45,17,43,576,82,167,722,1658,477,4172,133,1001,505,414,1223,419,3695,6712,-2037,652,-10,93.1,16780,18017,-33,97,265,878,664,335,16513,961,170,9247,1566,6590,5076,4638,269,5669,2,5671,9707,3117,1656,89,920,3117,431,1560,-460,25.8,24.7,89.6,42.7,23.7,153963,217387,23232,94336,1995,26735,263,49623,132100,7230,14633,26772,18291,190615,2146,41077,44661,132196,26472,277320,37,37,38988,90030,-2104,423958,4991,1119088,1264248,1959378,8983,3171,985,130,54504,-1906,695130,35.5320219102
2015-09-21,74.3199996948,17.7740001679,22.3599998474,87.9562789917,2342.26,70.8214285714,776,135.295108805,108.5958214,155.234546675,260533,98687,258591,110913,1702949,-238958,239386,48.504,45.52,44.9225,45.195,58.6,61.58,64.865,36.4075,36.0025,58.115,46.595,48.936,644,-2.104,7176,60,51,81,133,7176,9123,164,97,68,81,179,423,51,26,81,874,77,233,504,1947,477,4172,133,1001,505,414,1223,419,3695,6699,-1748,644,-8,90.9,16382,18017,35,130,110,892,549,274,16203,938,111,9545,1438,6788,5083,4718,255,5719,2,5721,9963,3175,1505,67,1067,3175,379,1584,-418,25.9,26.1,82.3,40.2,23.9,151875,218756,22542,92415,1429,26667,226,52131,129710,7330,14835,26714,18900,192041,2200,41411,46066,132055,26441,276220,47,47,39471,89689,-1925,422033,3810,1117163,1261218,1956348,9215,3855,1258,129,54042,-462,695130,35.4686820734
2015-09-28,80.4400009155,17.4059997559,24.4899997711,87.5479003906,2332.14,64.6871428571,831,140.1382599,138.7972717,156.3755493,273571,99752,274290,104898,1606217,-249771,259429,47.952,45.006,44.914,45.33,58.794,62.324,65.506,36.404,35.406,58.192,46.618,46.354,641,-1.925,7554,74,197,81,326,7554,9645,56,36,19,81,312,909,27,21,81,777,55,186,990,2091,526,4561,143,1030,589,418,1342,513,4035,7028,-1944,641,-3,89.8,16182,18017,181,57,194,881,552,119,15962,943,137,9674,1460,6417,5010,4707,167,5677,1,5678,9599,3182,1533,73,739,3182,423,1564,75,26.3,24.8,89.9,40.1,24.5,151608,222010,21788,90296,1146,28214,234,52516,130296,7090,14221,28260,18782,193750,2289,40096,49792,130220,27980,272359,46,46,39811,88310,3955,425988,4338,1121116,1264708,1959836,9021,4269,815,142,52974,-1068,695128,35.4229176179
2015-10-05,79.1,17.036000061,18.3680000305,90.1061401367,2375.66,73.97,797,100.760261515,154.6763153,51.904722215,268665,99208,266678,112764,1617902,-249749,251728,51.64,48.332,47.952,48.248,62.022,64.592,67.542,38.864,37.534,61.444,49.724,43.302,614,3.955,7068,19,104,78,140,7068,8802,111,93,18,78,203,466,45,24,78,693,69,256,543,1734,526,4561,143,1030,589,418,1342,513,4035,6542,-2301,614,-27,87.5,15770,18017,156,128,93,882,563,186,15559,950,92,9306,1468,6672,5071,4636,343,5703,1,5705,9800,3128,1541,73,968,3128,381,1577,-494,26.7,26,99.5,37.9,24.8,149150,223920,21698,90826,984,27610,232,53888,127621,6978,14550,27648,18812,196272,2304,40258,50574,129680,27378,269778,38,38,40409,86334,3040,429028,2133,1124156,1267240,1962368,8958,3343,795,134,53072,98,695128,35.3623695649
2015-10-12,75.1000003815,17.2439998627,16.5940000534,89.9588806152,2430.5,58.2585714286,773.5,85.439338685,85.557960515,74.45452881,274065,91477,281037,108070,1675676,-253213,258261,49.484,46.808,47.246,47.378,59.788,62.256,65.22,38.284,37.14,59.24,49.07,42.908,605,3.073,7315,26,86,70,370,7315,9410,130,128,2,70,167,649,123,54,70,791,140,192,719,2095,526,4561,143,1030,589,418,1342,513,4035,6789,-1940,605,-9,86,15537,18058,72,80,477,887,1118,490,15267,949,101,9619,1485,6587,4613,4251,261,5745,3,5747,9752,3165,1563,78,840,3165,456,1575,-133,27.7,26.4,105,37.2,24.4,147630,221302,21049,89601,1324,27881,270,53079,126354,6357,14919,27919,18956,193383,2464,39718,49379,127823,27611,267472,38,38,41155,86823,7562,436590,4552,1131718,1270600,1965728,9137,4108,856,123,54197,1125,695128,35.3360197358
2015-10-19,70.5199996948,16.1620002747,15.2680000305,88.2307418823,2372.32,60.1928571429,770,74.650066375,95.04379654,58.440029145,280918,77382,274338,90021,1645951,-274867,264992,48.248,45.324,44.574,44.796,57.42,59.046,61.886,36.672,35.862,57.17,46.838,41.192,595,7.562,7471,78,161,132,219,7471,9165,58,45,12,132,119,577,27,19,132,704,73,123,709,1694,526,4561,143,1030,589,418,1342,513,4035,6945,-2341,595,-10,86.4,15597,18058,-202,128,576,897,1058,556,15345,951,129,9579,1454,6656,4728,4396,202,5785,3,5788,9854,3198,1540,86,868,3198,433,1548,-275,28.6,25.6,108.3,37.7,24.2,145008,219784,20473,90650,946,28165,277,51350,123636,6548,14824,28205,18872,191579,2310,39249,48633,128308,27888,266075,40,40,41311,85711,8028,444618,3533,1139745,1272064,1967191,9157,3780,1122,116,54119,-78,695127,35.3972706816
2015-10-26,71.2,15.5740001678,14.9459999085,87.1045806885,2342.36,73.8585714286,697,70.474349975,65.328512195,66.824029925,283730,98791,274718,106517,1613562,-263366,251151,48.352,45.154,43.598,43.828,57.298,58.25,61.178,36.374,35.534,57.24,47.194,43.526,594,8.028,7032,34,105,51,429,7032,8851,108,90,18,51,103,671,181,27,51,551,115,142,722,1819,504,4197,162,964,680,302,1146,439,3693,6528,-1874,594,-1,87.6,15826,18058,196,31,119,915,1201,855,15616,944,109,9703,1498,6802,4877,4544,224,5883,3,5886,10078,3276,1556,58,916,3276,376,1585,-375,29,25.1,103.7,35.8,23.9,142057,218647,19736,90632,1038,27978,263,51976,120338,7417,14302,28011,18273,190636,2257,38763,46990,127240,27715,263621,33,33,41908,85155,3376,447994,3953,1143121,1268660,1963787,9343,3902,984,131,53334,-785,695127,35.4316055383
2015-11-02,75.0199996948,17.134000206,14.7159999847,86.4273590088,2308,65.5714285714,732,71.228403095,79.179664635,66.539297105,286378,125182,274855,131564,1676033,-241583,236575,48.662,45.97,44.15,44.408,58.668,58.76,61.316,36.82,35.994,58.714,49.236,40.766,578,3.376,6943,59,0,8,156,6943,8155,84,60,24,8,85,300,15,23,8,600,68,129,307,1212,504,4197,162,964,680,302,1146,439,3693,6439,-2481,578,-16,88.7,16014,18058,148,-2,197,884,821,478,15637,969,76,9537,1520,6536,4882,4591,215,5664,2,5667,9735,3199,1580,59,869,3199,355,1560,-198,29.1,24.1,105.9,35.9,23.4,140757,215347,19403,88535,1074,27432,267,52029,117852,7766,15139,27467,18774,187880,2352,37999,46242,125055,27165,261902,35,35,42457,85899,2847,450841,4453,1145968,1266757,1961884,9184,3815,765,104,53122,-212,695127,35.3889302109
2015-11-09,69.4000015259,17.9119998932,17.2640001297,83.4403594971,2250.3,49.3085714286,753,73.437028885,88.79806138,52.00466156,294564,112635,286221,114169,1676897,-244372,246191,45.622,42.7,41.98,42.255,57.2575,56.9625,59.4525,35.045,34.1775,57.18,47.5775,42.558,572,2.847,7377,29,0,100,90,7377,9093,136,80,56,100,135,254,109,13,100,734,101,257,353,1716,504,4197,162,964,680,302,1146,439,3693,6873,-1977,572,-6,89.5,16169,18059,-307,-25,411,868,589,511,15939,982,121,9693,1575,6590,4873,4620,132,5574,2,5575,9727,3138,1658,83,1014,3138,431,1659,-34,29.1,22.8,107.8,35.5,23,141109,213245,19675,89737,1031,27186,221,49423,117474,8335,15300,27228,18854,186017,2474,36805,45826,121983,26965,260533,42,42,43466,86200,3981,454822,3813,1149948,1269121,1964247,9388,3734,851,242,55359,2237,695126,35.3846067701
2015-11-16,70.5399993896,18.6740001678,17.2620000839,81.7868209839,2157.26,56.1157142857,763,283.12241365,440.1315002,198.43732455,301132,113653,282789,137935,1671590,-246072,238322,44.222,40.818,40.116,40.264,55.306,55.234,57.982,33.674,33.02,55.174,46.41,45.256,574,4.224,6968,23,72,79,127,6968,8437,158,94,63,79,88,310,56,13,79,661,90,115,389,1469,504,4197,162,964,680,302,1146,439,3693,6464,-2224,574,2,90.3,16311,18059,-54,118,398,870,648,187,16076,975,140,9558,1528,6816,5032,4745,148,5622,2,5625,9942,3126,1590,62,1191,3126,369,1628,-384,28.8,22.6,113,34.6,23.2,140318,214254,19570,90377,716,28196,213,48122,116490,8049,15779,28233,19249,186021,2469,36561,46806,120375,27983,259328,37,37,43797,86520,252,455074,4855,1150200,1269361,1964487,9054,3633,968,135,56854,1495,695126,35.3423857973
2015-11-23,70.3250007629,16.9924998283,15.4649999142,81.7522754669,2140.66,44.7171428571,666,244.015462267,343.421407067,202.141947433,300124,141387,275013,154181,1662829,-236821,228555,45.488,42.3425,40.596,40.802,56.292,55.794,58.552,34.212,33.392,56.108,47.684,47.4375,564,0.252,7333,81,0,80,192,7333,9025,130,84,46,80,106,379,151,22,80,666,158,128,459,1692,445,4598,145,1044,729,315,1304,616,4153,6888,-2461,564,-10,92,16609,18059,-210,37,68,885,321,426,16380,1008,106,9544,1568,6646,5023,4791,126,5686,1,5687,9851,3205,1648,80,959,3205,342,1668,-307,28.5,23.3,121.3,36.1,23.7,141364,216732,19309,91283,773,28807,229,49496,118223,7731,15410,28842,19627,187889,2463,37216,46337,116762,28578,255852,35,35,42077,86732,961,456035,5372,1151160,1271706,1966831,8921,3996,808,401,58598,1744,695125,35.3040631479
2015-11-30,71.8200012207,16.9220003128,15.9260000229,81.2403198242,2154.62,50.0085714286,732,163.4163666,217.003067,124.0022774,307606,129661,260623,164102,1632471,-213473,212025,43.676,40.898,39.364,39.536,54.422,54.768,57.34,33.258,32.352,54.39,48.262,49.094,555,0.961,7747,75,103,7,194,7747,9416,218,127,44,7,55,427,48,19,7,600,86,248,433,1669,445,4598,145,1044,729,315,1304,616,4153,7302,-2484,555,-9,94.5,17070,18059,-408,39,221,876,153,302,16803,956,140,9752,1676,6609,5168,4874,154,5628,1,5629,9739,3130,1761,85,980,3130,399,1641,13,28.1,23.8,104.1,37.7,23.7,144415,216867,20015,91594,665,27843,211,50813,120354,8679,15382,27878,19997,188989,2668,38052,45917,113468,27632,252794,35,35,43492,85865,1177,457212,3513,1152337,1273841,1968966,9281,3967,1254,130,59026,428,695125,35.3680346841
2015-12-07,72.5919998169,16.9939998626,19.3560001373,79.099760437,2152.28,68.39,740.5,173.9922638,253.08067325,123.69685365,302185,131789,262677,171914,1661176,-212872,208478,39.752,36.94,36.892,36.954,50.46,52.826,55.436,30.15,29.418,50.608,46.128,51.278,545,1.177,8021,63,0,23,408,8021,10095,58,55,3,23,154,626,107,67,23,926,106,229,648,2074,445,4598,145,1044,729,315,1304,616,4153,7576,-2079,545,-10,93.1,16865,18125,-524,70,195,839,-60,199,16652,993,148,9869,1621,6435,5228,4896,185,5390,1,5391,9428,2993,1711,90,1044,2993,347,1674,441,27.5,23.3,85.8,40.5,23.7,149413,217653,20392,92432,614,26836,253,51042,124465,8189,16759,26871,19829,190782,2368,37261,46694,110995,26583,250765,35,35,44105,86807,-3659,453553,6045,1148676,1270276,1965399,9420,4080,1525,173,59449,423,695123,35.2815451293
2015-12-14,72.6999984741,16.7339998245,20.2360004425,77.3353012085,2153.72,75.1357142857,695.5,138.3662567,204.67617035,102.87914655,306139,123431,262323,181849,1713573,-204823,197874,37.5,35.772,33.708,33.812,44.922,52.864,55.606,27.214,26.446,46.236,43.54,49.982,524,-3.568,8312,79,84,58,314,8312,10429,84,66,19,58,125,602,198,19,58,789,113,241,660,2117,445,4598,145,1044,729,315,1304,616,4153,7867,-2036,524,-21,91.9,16663,18125,-176,53,164,890,450,409,16611,1000,83,9963,1631,6753,5107,4800,224,5704,2,5706,9970,3216,1705,74,1048,3216,347,1701,-7,27.6,23.5,77.5,43,23.8,151976,219384,20200,92448,557,28130,268,51778,127918,7736,16322,28165,20322,191219,2522,38274,46436,108141,27862,248241,35,35,42757,87034,4801,458354,3225,1153477,1275094,1970217,9220,4091,1358,466,60056,607,695123,35.3741721618
2015-12-21,66.2000007629,15.1124999523,16.6525001526,77.8645248413,2193.2,85.0071428571,469.666666667,125.983426417,175.130564377,84.6653595033,300013,128179,262379,166625,1678527,-208139,210511,36.9275,36.62,32.1575,32.335,42.88,50.92,54.04,25.15,24.535,44.3525,43.41,47.555,541,4.801,7326,25,40,19,67,7326,8910,168,68,99,19,182,315,65,24,19,544,149,324,334,1584,500,4343,142,1017,711,296,1205,472,3843,6826,-2259,541,17,91.3,16540,18125,-382,68,15,880,62,360,16468,973,121,9346,1689,6419,4938,4602,215,5618,2,5620,9600,3181,1751,62,799,3181,386,1697,-254,27.2,24.5,69.5,41.9,23.8,151315,220495,20526,94701,720,26084,244,52344,127183,8385,15747,26119,20387,194376,2460,39451,46611,106326,25840,247756,35,35,43480,87958,-5877,452477,3335,1147600,1269935,1965058,9185,3461,1308,311,62101,2045,695123,35.3769899939
2015-12-28,67.375,15.379999876,17.1224999428,78.3919239044,2212.16666667,93.37,514,129.42997741,171.3392868,110.224271147,304560,138526,259181,172258,1646306,-196681,192912,37.0375,37.08,32.4125,32.5175,43.415,51.3625,54.4125,25.445,24.6325,44.43,43.725,46.2125,538,-5.877,7892,33,0,95,157,7892,9462,167,97,70,95,202,391,34,25,95,672,118,92,487,1570,500,4343,142,1017,711,296,1205,472,3843,7392,-2273,538,-3,92.6,16785,18125,-331,23,279,907,496,524,16682,992,92,9921,1633,6813,4927,4657,179,5874,2,5875,10031,3219,1697,65,937,3219,358,1641,-110,27.4,25.9,72,42.5,23.8,153110,221420,21354,94309,506,27130,224,53675,128930,8505,15675,27161,20166,194259,2451,40802,45769,102683,26906,242184,31,31,42480,85068,2629,455106,4574,1150226,1269773,1964893,9395,4723,1058,297,62993,892,695120,35.2285737019
2016-01-04,71.4240005493,16.5219999313,22.5260002136,77.1237823486,2135.88,71.2057142857,697,193.08683015,146.0560455,234.7487793,305700,142028,258356,157559,1648904,-192616,196351,35.034,34.626,30.406,30.58,40.906,50.974,54.12,24.836,24.328,41.85,43.078,52.816,536,2.629,7510,76,81,100,140,7510,9103,164,106,58,100,205,502,76,67,100,390,112,249,602,1593,500,4343,142,1017,711,296,1205,472,3843,7010,-2250,536,-2,92.5,16760,18125,-670,54,-208,787,-702,122,16617,996,111,8766,1634,6107,4976,4697,169,5076,1,5077,8901,2794,1679,45,1030,2794,371,1680,-135,27.2,25.9,74.7,45,25.8,159418,231996,23542,98110,702,28780,224,55812,135683,8299,15436,28809,21099,203187,2504,40191,48564,97728,28556,239097,29,29,42105,84554,-4150,450956,3921,1146076,1278051,1973171,8159,3745,1269,378,63910,917,695120,35.0504261553
2016-01-11,74.2874984741,16.7220001221,24.5919998169,74.4466003418,2065.02,95.2285714286,724.5,109.56019975,98.583988205,115.64558029,321067,136015,252010,175076,1703201,-188565,184177,30.538,30.59,26.652,26.88,36.35,47.382,50.708,21.934,21.336,37.856,37.556,61.714,516,-5.085,8188,31,91,7,244,8188,9861,154,94,60,7,73,439,63,25,7,653,152,205,446,1673,500,4343,142,1017,711,296,1205,472,3843,7688,-2170,516,-20,91.2,16530,18125,-691,111,-9,807,-691,-101,16423,1003,130,8820,1575,6155,4760,4480,150,5191,2,5193,9018,2863,1643,68,962,2863,350,1698,-198,27.3,26.7,65.5,49.1,27.3,165554,240434,24241,102700,292,27757,228,56894,141154,8537,15863,27794,21345,212640,2506,40724,52754,94451,27530,237197,37,37,42936,84999,234,451190,6439,1146309,1288078,1983197,8500,3800,1781,140,64007,97,695119,34.9353629595
2016-01-18,79.3050003052,16.3524999619,25.6675000191,73.8781738281,2085.04,77.2185714286,720.666666667,153.206708267,141.847478217,166.1915385,337386,134827,270730,200975,1756232,-178240,163504,29.324,29.1825,23.888,24.138,32.438,44.35,47.668,20.724,20.156,33.996,33.908,64.905,515,0.234,7779,31,0,57,289,7779,10042,185,96,89,57,134,455,266,22,57,731,135,434,512,2263,500,4343,142,1017,711,296,1205,472,3843,7279,-1580,515,-1,90.6,16425,18125,-415,-10,-44,856,-54,416,16190,983,105,9453,1481,6637,4552,4253,194,5489,1,5490,9735,3099,1547,67,1147,3099,391,1684,-282,27.6,28,63.1,49.9,27.9,164529,244997,25114,105180,682,27468,232,59754,140595,8409,15525,27508,21940,217489,2611,42241,51873,90960,27236,236242,40,40,42765,85876,3979,455169,4614,1150287,1294608,1989726,9079,3829,1390,553,64198,191,695118,34.9546345749
2016-01-25,73.4980026245,16.4479995728,22.4760002136,75.8885986328,2143.56,64.0485714286,700,77.63235092,81.096881865,73.66254616,346206,138053,266150,184193,1686382,-191047,179372,32.806,32.186,26.5,26.866,35.264,46.342,49.792,23.844,23.416,37.148,33.04,65.016,510,3.979,7609,140,47,51,191,7609,10008,186,126,59,51,147,525,392,69,51,832,133,281,576,2399,399,4364,142,1089,702,359,1213,460,3965,7210,-1566,510,-5,87.4,15833,18125,-182,45,-28,865,331,496,15639,961,120,9377,1526,6488,4452,4141,192,5511,2,5513,9657,3169,1585,59,975,3169,372,1621,-280,28.6,25.6,50.3,47.4,28.7,160472,248461,24946,105612,961,27659,236,61695,137886,7169,15417,27696,21436,220765,2441,41828,52497,87788,27424,234430,37,37,42906,87342,8383,463552,5312,1158670,1293511,1988629,8941,4043,1952,274,63427,-771,695118,34.7869669419
2016-02-01,79.2,17.5639999389,21.7659996033,75.7625579834,2186.62,85.1428571429,663,115.200617467,113.323234567,108.438852943,364828,103874,289181,178749,1761883,-209050,205710,34.104,31.278,28.668,29.088,37.386,43.994,47.452,24.362,23.898,40.502,34.182,67.274,498,8.383,8256,20,47,126,252,8256,10330,191,104,69,126,179,498,31,72,126,849,129,250,624,2074,399,4364,142,1089,702,359,1213,460,3965,7857,-1891,498,-12,86.6,15701,18125,-642,88,217,815,-268,69,15615,959,170,8642,1407,6016,4435,4000,266,5249,2,5251,8920,2904,1510,103,765,2904,403,1639,-278,29.5,27.4,42.9,45.5,29.2,159695,254399,25526,110187,839,27427,218,61631,136956,6952,15787,27463,22362,226935,2292,42241,54278,86449,27209,234324,36,36,43841,87912,7792,471344,5943,1166461,1303094,1998211,8341,3923,1857,160,64174,747,695117,34.7795544357
2016-02-08,91.4459991455,23.1860000611,26.4740001678,74.5640609741,2153.54,77.3128571429,716,91.872055045,108.37331392,69.750089645,389251,96951,301232,196048,1855603,-205786,196873,31.492,28.146,26.38,26.8766666667,35.04,38.79,41.2,22.2533333333,21.74,37.49,31.45,73.986,467,7.792,7124,31,174,27,298,7124,9043,201,99,102,27,152,656,110,19,27,542,178,205,683,1919,399,4364,142,1089,702,359,1213,460,3965,6725,-2046,467,-31,86.1,15643,18172,-183,118,6,858,408,468,15510,969,123,9553,1514,6527,4357,4014,220,5521,1,5522,9637,3110,1570,55,1005,3110,424,1610,-84,29.9,26.5,42.5,44.8,28.8,160976,255657,26785,109053,1056,27418,306,64857,136945,7813,16218,27446,22956,228211,2473,41697,53244,83899,27112,234946,28,28,44951,88292,-668,470676,5493,1165792,1303518,1998634,9122,3454,1547,111,64697,523,695116,34.717714667
2016-02-15,86.9575004578,25.1550002098,22.1475000381,75.3991737366,2185.54,83.8257142857,698,145.22029115,189.39185335,123.36277007,365511,100179,302384,191897,1854379,-200886,187877,33.472,30.0275,29.702,30.496,39.896,41.618,44.764,24.464,23.848,42.234,34.504,67.735,439,-0.754,7919,22,70,50,168,7919,10231,232,182,50,50,255,515,98,16,50,932,153,332,565,2312,399,4364,142,1089,702,359,1213,460,3965,7520,-1653,439,-28,88.3,16042,18172,-126,52,172,878,328,230,15848,975,157,9675,1488,6838,4663,4288,217,5657,3,5659,9975,3136,1547,59,1179,3136,459,1610,-300,30.2,26,38.4,45.8,29.1,162375,258693,27672,109914,765,27841,315,64534,138653,7867,15855,27878,23218,230814,2275,41456,55601,82647,27526,233981,37,37,47101,87971,2147,472823,5970,1167939,1307078,2002194,9203,3713,1665,125,64733,36,695116,34.8056438905
2016-02-22,84.2400009155,23.2540000916,19.9999996185,75.6258392334,2228.44,71.3271428571,762.5,119.615726485,142.01167295,102.27542112,375927,91054,286238,189069,1840051,-168995,158987,34.552,32.27,29.496,30.39,39.35,41.79,44.968,23.476,22.702,41.596,33.898,63.532,413,2.147,7802,35,38,70,240,7802,9800,242,148,94,70,182,496,115,58,70,885,142,48,566,1998,399,4364,142,1089,702,359,1213,460,3965,7403,-1967,413,-26,87.3,15857,18172,-37,67,135,882,561,395,15685,994,137,10009,1532,6600,4438,4076,225,5662,2,5663,9758,3159,1590,58,936,3159,381,1575,251,30.4,28.1,38.4,46.3,28.3,160715,256457,28248,108816,827,28151,314,63423,136723,7955,16037,28182,23105,228275,2110,41966,55209,81722,27838,233828,31,31,46009,88414,3502,476325,4293,1171440,1302018,1997133,9576,4126,1560,226,65066,333,695115,34.6301292063
2016-02-29,82.1980010986,22.4759998322,17.7800003052,76.7487197876,2293.7,70.38,704,97.62387468,76.49126243,110.850246425,395765,75476,286911,176357,1776696,-213229,205856,37.1,34.66,31.56,32.542,41.918,44.436,47.822,24.762,24.362,44.128,36.066,54.936,400,3.502,8292,32,0,103,144,8292,10209,306,189,117,103,175,351,241,20,103,596,130,190,454,1917,387,4772,162,1498,632,364,1331,398,4385,7905,-2468,400,-13,88.3,16037,18172,-50,71,204,882,710,486,15852,987,142,9335,1565,6427,4801,4381,279,5654,2,5656,9618,3191,1621,56,771,3191,419,1590,-283,31,27,37.9,47.7,27.6,163597,254989,29150,108186,800,27586,306,63137,140132,7493,15972,27618,22624,227371,2222,42430,55248,82416,27280,234841,32,32,46786,87799,10374,486699,5189,1181814,1312140,2007255,9121,3333,1579,134,66256,1190,695115,34.6367612721
2016-03-07,80.236000061,22.4999996185,17.7819999695,79.298260498,2322.38,60.0857142857,705.5,80.78384401,99.902042415,58.843694685,412182,69722,286158,150718,1800298,-212878,212518,40.4,37.806,35.52,36.686,46.38,49.382,52.924,27.22,27.066,48.016,37.644,52.162,392,10.374,8048,33,41,50,332,8048,9989,133,85,49,50,109,515,183,11,50,687,113,260,565,1941,387,4772,162,1498,632,364,1331,398,4385,7661,-2444,392,-8,89.1,16192,18172,151,-6,74,878,848,630,15911,978,148,9580,1510,6461,4744,4467,129,5588,1,5589,9671,3209,1577,67,873,3209,420,1654,-91,31,27.3,39.4,45.6,26.9,162478,250463,30126,105802,1029,26325,304,64042,138988,7128,16362,26365,23307,224097,2158,42546,53224,82190,26021,236863,40,40,45755,89226,4144,490843,5709,1185955,1311750,2006862,9411,3461,1232,463,66946,690,695112,34.6087684734
2016-03-14,75.0840026855,19.6020000457,15.4420000076,79.9789199829,2314.82,50.5142857143,680.5,118.4863205,121.2966919,106.73551561,395215,62255,287434,112485,1816474,-241089,244252,40.268,38.324,35.848,37.016,46.866,50.262,53.476,27.39,27.208,48.504,38.334,46.866,386,3.88,7693,37,119,25,357,7693,9647,258,83,175,25,179,692,191,18,25,486,131,173,716,1954,387,4772,162,1498,632,364,1331,398,4385,7306,-2431,386,-6,89,16169,18172,119,83,93,888,663,368,15996,999,149,10015,1550,6577,4781,4454,178,5736,2,5738,9748,3171,1598,49,839,3171,415,1682,267,31,29.3,42.8,44.1,26.6,161343,249716,30887,103672,1282,27619,312,64195,138812,7123,15408,27652,22853,222064,2534,44390,52915,82520,27307,238154,33,33,45274,89156,1317,492160,5008,1187274,1313377,2008491,9458,3120,1182,293,67491,545,695114,34.4914438033
2016-03-21,71.4275016785,17.7775001526,14.4099998474,80.2115001678,2316.9,62.05,720.666666667,134.99346414,180.6345698,108.527816763,400832,52750,294417,89866,1782857,-267737,269856,41.06,40.1525,36.9375,38.1875,48.0275,52.1425,55.035,28.3275,27.9575,49.9175,40.7825,44.6875,387,1.317,8384,21,24,126,136,8384,10254,93,69,25,126,109,290,162,34,126,785,90,325,415,1870,387,4772,162,1498,632,364,1331,398,4385,7997,-2515,387,1,88.4,16069,18172,-70,43,306,867,804,526,15820,995,125,9683,1402,6591,4742,4459,158,5626,2,5628,9677,3086,1510,107,963,3086,396,1692,6,31.6,28.5,45.5,45.3,26.1,162260,245074,31812,101966,1317,26978,317,62443,140155,7327,14777,27011,22519,218064,2584,43926,52337,82793,26661,239818,33,33,45977,89679,9357,501517,3863,1196631,1320209,2015323,9503,3506,1203,257,66233,-1258,695114,34.468033199
2016-03-28,70.7380020142,18.4240005493,13.9340000153,78.8977798462,2272.075,75.5228571429,704,162.8306122,234.04542545,114.327396375,405997,42291,300261,64431,1705631,-296929,307977,39.388,38.224,35.84,37.016,45.624,51.352,54.064,27.714,27.168,48.058,41.66,46.532,372,9.357,7748,84,79,87,182,7748,9470,98,55,43,87,84,429,83,21,87,633,99,293,516,1722,387,4772,162,1498,632,364,1331,398,4385,7361,-2663,372,-15,90.4,16422,18172,-9,25,329,890,731,385,16234,992,201,9430,1523,6529,4927,4598,129,5733,3,5736,9694,3166,1587,64,793,3166,387,1688,-264,31.5,29.3,50.6,43.6,25.8,161185,242560,31900,100263,1661,26096,299,62917,139857,7130,14198,26139,23022,216421,2576,44011,51579,84778,25797,241425,43,43,46013,89326,2299,503816,6324,1198928,1321574,2016686,9244,3487,1094,311,65961,-272,695112,34.4604462776
2016-04-04,69.069998169,18.3979999542,15.0299999237,77.6566009521,2235.34,35.1471428571,726,67.86907768,89.54095838,46.43155098,404803,47806,296614,75598,1734511,-305050,305511,39.354,37.264,35.31,36.386,43.656,48.808,51.74,26.74,26.324,46.284,40.314,48.226,362,2.299,7254,38,191,101,165,7254,9468,62,55,7,101,176,570,91,11,101,1112,80,198,671,2214,339,4023,174,1148,643,296,1034,389,3684,6915,-1470,362,-10,91.4,16615,18172,-126,231,385,898,607,117,16433,976,139,9617,1583,6588,4838,4524,174,5711,2,5713,9740,3152,1636,53,875,3152,422,1691,-123,30.9,30.2,55.9,44.3,26.1,162984,243998,32628,100462,1526,26841,301,62873,142728,6993,13263,26873,22214,217125,2639,44609,52263,86334,26540,244224,32,32,44221,89883,-5218,498598,4633,1193710,1322018,2017130,9224,4149,895,580,66318,357,695112,34.3464818811
2016-04-11,68.0079986572,18.3739997864,14.4580001831,80.4914199829,2273.32,65.2742857143,734.5,83.117858885,77.57965469,95.504791245,408682,53457,296892,102119,1773774,-287827,290130,43.728,41.23,39.12,40.356,47.786,52.224,55.26,29.49,28.91,49.424,42.654,48.85,354,-4.937,7940,100,109,103,163,7940,10009,175,105,70,103,95,466,284,15,103,909,76,55,570,2069,339,4023,174,1148,643,296,1034,389,3684,7601,-1615,354,-8,89.2,16207,18172,196,46,332,907,819,245,15941,938,179,9568,1528,6600,4784,4453,151,5837,2,5839,9828,3228,1596,69,761,3228,372,1673,-260,31.4,28.7,65,44.5,25.5,163489,239761,32839,100355,1223,24383,303,61052,144868,6117,12504,24415,22317,215347,2713,44676,52716,88644,24080,246374,32,32,43078,89603,6634,505232,5831,1200344,1328711,2023823,9633,3810,733,294,64551,-1767,695112,34.3534074819
2016-04-18,67.3859985352,17.3039997101,13.4079999924,82.8302993774,2359.52,58.0942857143,689.666666667,86.7161204,92.28070833,86.1598612467,438528,35708,299129,83499,1803510,-279234,289161,44.476,42.08,39.728,40.45,49.03,50.426,53.748,29.662,29.03,49.866,42.276,43.956,351,6.634,8187,26,171,154,310,8187,10026,90,47,43,154,130,637,31,15,154,617,76,233,791,1839,339,4023,174,1148,643,296,1034,389,3684,7848,-1845,351,-3,89.4,16258,18186,78,61,265,893,536,132,16104,939,181,9738,1544,6478,4712,4428,103,5760,3,5764,9656,3177,1621,76,715,3177,422,1686,82,31.4,28.3,71,41.1,25.5,159935,239651,32587,97488,1407,24795,210,61315,140907,6119,12909,24825,22046,214826,2733,44024,54616,91163,24585,246754,30,30,43542,88723,2080,507312,4935,1202424,1328303,2023415,9444,3702,940,293,64303,-248,695112,34.2621577966
2016-04-25,65.8679992676,17.9299999237,14.5460000992,84.2772994995,2378.4,47.6357142857,714.5,78.921009065,80.096529025,76.37107849,449677,31601,313575,67588,1714186,-325778,334175,46.734,44.792,42.352,43.052,52.806,54.67,57.8,32.722,31.956,53.234,44.082,43.35,343,2.08,7550,47,264,162,233,7550,10044,207,201,6,162,191,736,103,14,162,844,89,353,898,2494,390,3998,170,1001,699,376,949,413,3608,7160,-1114,343,-8,88.1,16140,18315,-58,197,114,918,662,410,15847,927,124,9507,1615,6463,4622,4359,139,5873,2,5875,9784,3321,1683,68,588,3321,419,1783,-277,31.7,28,79.4,39.9,25.7,158240,241259,32711,98823,1433,24370,224,61084,139202,6763,12275,24412,21629,216848,2631,44203,55508,92316,24146,248037,42,42,43571,89794,1999,509311,5292,1204422,1333690,2028801,9315,3559,830,392,66049,1746,695111,34.2256216032
2016-05-02,67.0060012817,18.913999939,15.3920000076,83.5501586914,2330.7,47.4042857143,722.5,75.24835205,111.65325547,44.6869812,451667,32303,312038,62915,1714689,-325075,334265,45.16,44.238,42.4325,43.1175,51.9,53.215,56.515,32.935,32.39,52.355,42.3,44.596,332,1.999,7660,26,173,170,331,7660,9858,126,56,43,170,246,776,92,18,170,716,118,200,946,2198,390,3998,170,1001,699,376,949,413,3608,7270,-1410,332,-11,89.7,16423,18315,-230,156,297,910,684,461,15986,923,128,9811,1499,6619,4589,4338,123,5801,3,5804,9927,3307,1572,73,815,3307,462,1775,-116,32.1,25.4,76,38.8,25.5,156979,241795,32704,99940,1295,24838,241,58924,138434,6545,12000,24876,22201,216919,2771,42156,56760,94232,24597,250030,38,38,42407,89904,2784,512095,4315,1207203,1335850,2030958,9502,3455,1087,452,66292,243,695108,34.25637169
2016-05-09,63.9940002441,18.2340003967,14.4679998398,83.8097396851,2248.26,59.68,694,80.510601045,65.496969225,100.227741245,423658,39515,300597,63808,1748628,-315207,318544,46.532,45.448,43.058,43.764,52.926,53.756,57.32,33.642,33.198,52.768,42.92,42.302,328,2.784,7655,71,37,36,419,7655,9697,118,77,41,36,215,743,150,10,36,773,76,146,779,2042,390,3998,170,1001,699,376,949,413,3608,7265,-1566,328,-4,89.1,16320,18317,-86,221,365,890,720,219,16179,962,150,10051,1476,6572,4610,4251,209,5752,2,5753,9759,3187,1561,84,819,3187,455,1729,292,31.7,26.9,72.9,38,25.4,155332,240564,33194,100450,1019,24950,285,59193,136846,7075,11410,24985,21252,215579,2679,42924,54917,97119,24665,252979,35,35,43184,90610,-3608,508487,4333,1203594,1334025,2029132,9658,3817,947,114,67812,1520,695107,34.2694097695
2016-05-16,68.5960006714,17.9420001984,15.5459999085,85.1612380981,2232.44,59.7985714286,761.5,102.153476725,107.921472565,94.736675245,400461,43187,300240,83719,1724987,-291621,291960,48.942,48.026,45.438,46.21,56,57.496,60.466,35.04,34.414,56.236,45.308,42.044,318,-3.41,7677,23,41,74,315,7677,9787,52,52,0,74,238,618,275,18,74,802,78,212,691,2110,390,3998,170,1001,699,376,949,413,3608,7287,-1498,318,-10,90.5,16570,18317,10,74,390,918,827,353,16371,948,203,9997,1538,6765,4770,4363,204,5902,2,5904,10027,3262,1633,95,861,3262,437,1777,-30,31.7,26.5,72.2,37.1,24.9,152162,238068,33163,99700,1095,24263,279,58406,134021,6086,12055,24305,21103,213764,2688,43151,54562,99833,23983,256834,42,42,41914,91781,1310,509797,5070,1204904,1333253,2028360,9755,3526,1025,454,68273,461,695107,34.2841500677
2016-05-23,67.5280014038,16.0239997864,14.1379999161,84.9119995117,2223.22,56.6871428571,783.5,84.264106755,72.840322495,105.31985095,422657,26181,310975,63979,1698980,-351429,368769,49.122,49.014,45.148,45.882,56.812,57.876,60.794,35.054,34.25,57.46,44.828,37.186,318,1.31,7315,112,297,68,312,7315,9944,193,77,117,68,144,865,130,13,68,1076,83,214,933,2629,390,3998,170,1001,699,376,949,413,3608,6925,-979,318,0,89.7,16435,18317,-205,134,354,916,559,276,16279,946,160,9866,1505,6610,4661,4334,168,5824,4,5828,9905,3296,1572,67,782,3296,460,1759,-39,31.2,26.7,66.7,36.9,25,150878,240111,32565,102311,1508,24299,285,57868,132527,6456,11895,24339,20813,215772,2756,43138,54085,103691,24014,259932,40,40,41773,91559,-4226,505571,4271,1200677,1332379,2027485,9516,3826,1152,318,67624,-649,695106,34.3287142326
2016-05-30,68.4524993897,16.3125,13.8724999428,86.273525238,2246.1,73.4257142857,807.666666667,128.716158567,139.696723933,120.67606862,415656,34540,302860,60932,1657419,-341742,348142,49.77,48.975,45.866,46.25,57.632,57.978,60.73,35.334,34.54,58.222,44.978,37.3825,316,-4.226,7839,63,198,48,348,7839,9898,69,64,5,48,264,873,203,14,48,724,79,64,921,2059,489,4218,152,1010,649,366,1178,374,3729,7350,-1670,316,-2,89.8,16440,18317,46,178,271,922,942,447,16206,960,120,9916,1543,6703,4757,4481,156,5913,3,5917,9992,3289,1609,66,786,3289,471,1708,-76,31,26.3,70.3,36.8,24.7,149623,238619,32385,103000,1200,23421,318,56533,131224,6610,11789,23456,20769,215163,2686,42336,54429,106523,23103,261644,35,35,41029,90696,-1366,504205,2608,1199311,1329747,2024853,9716,3802,944,275,66920,-704,695106,34.2553628726
2016-06-06,69.7633310954,18.9220005035,14.6900001526,89.0317993164,2254.64,81.15,707.5,70.695243835,61.62409401,81.364475255,417036,33111,294105,53377,1709540,-339362,347002,51.398,50.182,47.586,47.97,59.552,57.714,60.45,37.134,36.498,59.484,46.016,36.564,325,-1.366,7705,85,130,46,262,7705,10031,167,121,46,46,292,769,135,15,46,807,134,268,815,2326,489,4218,152,1010,649,366,1178,374,3729,7216,-1403,325,9,90.9,16651,18317,-99,150,195,904,586,340,16417,1006,155,10122,1562,6622,4838,4548,135,5804,2,5807,9816,3194,1645,82,815,3194,428,1718,306,30.8,27.7,73.5,38.3,24.9,151377,239629,32618,103975,868,24997,302,56614,133361,6457,11560,25037,20225,214593,2358,44163,53136,110468,24695,263466,40,40,39667,88682,-2361,501844,4890,1196948,1334079,2029183,9568,3813,891,525,65557,-1363,695104,34.2628429469
2016-06-13,80.6919998169,21.3780002594,20.0779998779,88.4562210083,2262.16,78.4585714286,688,103.82089614,160.7217369,50.936588285,428684,39433,311170,77701,1748314,-320162,325182,49.102,47.914,45.772,46.148,57.35,55.11,57.674,35.834,35.222,57.7,44.506,42.842,328,-3.226,7622,12,171,219,208,7622,10048,123,88,36,219,137,528,162,13,219,1044,80,270,747,2426,489,4218,152,1010,649,366,1178,374,3729,7133,-1303,328,3,90.2,16508,18307,-222,164,542,922,806,323,16317,1013,133,9707,1454,6743,4984,4662,188,5888,3,5891,10003,3260,1562,109,851,3260,389,1739,-296,30.7,25.9,75.5,39.8,24.6,152163,237004,32155,104196,946,23517,255,54984,133425,6211,12527,23569,21182,213435,2670,42198,53309,111965,23262,264395,52,52,40782,88899,-933,500911,4163,1196015,1333636,2028740,9762,4257,985,134,66461,904,695104,34.1708779864
2016-06-20,77.1559997559,21.2420001984,20.2060001373,88.2714187622,2310.72,246.655714286,735.333333333,91.5836893633,85.6669006267,94.6681518533,420310,48392,288166,96677,1774350,-317532,312585,50.094,49.02,46.4,46.774,58.21,57.068,59.432,37.65,37.146,58.64,46.036,41.206,337,-0.933,8439,68,139,107,347,8439,10721,146,139,6,107,215,769,80,12,107,833,133,214,876,2282,489,4218,152,1010,649,366,1178,374,3729,7950,-1447,337,9,91.3,16718,18307,-218,203,137,928,537,415,16505,962,111,10289,1562,6744,4956,4686,159,5924,3,5928,10033,3289,1633,71,816,3289,371,1700,256,30.6,24.8,80.7,40.3,24.5,152314,237631,32220,105662,1336,24973,255,53983,132344,6524,13445,25016,21110,212615,2612,41388,51634,118365,24719,269897,43,43,40275,88024,-917,499994,5468,1195098,1339096,2034200,9815,3313,972,291,65181,-1280,695104,34.1904254571
2016-06-27,75.8059997558,19.7780002594,17.9280000687,88.555380249,2354.86,158.141428571,764.5,104.252174365,101.049242035,96.547523475,415946,53181,299824,86749,1726381,-317581,318595,49.276,48.276,45.408,45.82,57.478,54.728,57.344,38.544,37.81,57.388,44.692,39.118,330,-0.917,7555,32,241,167,176,7555,10466,25,19,6,167,289,737,197,27,167,1521,73,165,904,2911,598,4492,138,1042,661,353,1305,395,3894,6957,-983,330,-7,93,17032,18307,93,117,377,951,847,260,16695,1003,133,9959,1586,6922,5021,4731,157,6089,22,6111,10274,3352,1656,71,811,3352,427,1673,-315,30.1,23.8,87.5,39.4,24.6,150513,238998,31224,104959,1751,25131,240,53596,131146,6822,12545,25167,21167,213831,2633,40247,53525,122462,24891,272090,36,36,40171,87129,-4053,495941,4535,1191045,1337933,2033037,9709,4583,754,254,64230,-951,695104,34.1343162574
2016-07-04,75.8125,20.1525001526,14.625,86.7227745056,2366.3,130.81,691,114.65362928,119.583145165,116.16813279,382688,55631,288961,109531,1720740,-307784,304239,48.004,46.145,44.8675,45.3475,57.535,51.865,54.335,38.72,37.9325,57.28,44.13,41.54,341,-4.053,8363,55,329,78,163,8363,10568,61,35,26,78,139,686,25,28,78,1022,71,251,765,2205,598,4492,138,1042,661,353,1305,395,3894,7765,-1689,341,11,92.5,16927,18307,-32,306,358,957,961,330,16687,984,153,10018,1677,7076,4952,4634,166,6121,4,6125,10450,3374,1736,60,951,3374,399,1708,-432,29.8,22.9,94.4,38.1,24.5,148939,238876,30744,104366,1144,24750,253,53765,129804,7381,11754,24789,21557,214087,2739,40241,54813,126574,24497,276453,39,39,40043,87786,-2223,493718,5747,1188820,1341271,2036373,9755,3693,741,315,64148,-82,695102,34.0140215476
2016-07-11,72.2379989624,17.7080001831,13.1239999771,86.8730194092,2416.44,87.7028571429,632,103.21716307,124.5307045,103.68328855,382112,69842,288220,118721,1751823,-305037,299672,47.192,45.588,42.572,43.24,55.108,49.306,51.578,38.14,37.076,55.164,41.976,40.044,351,-2.223,7841,41,194,115,306,7841,10114,57,48,9,115,163,704,95,13,115,896,84,321,820,2273,598,4492,138,1042,661,353,1305,395,3894,7243,-1621,351,10,92.3,16905,18320,-4,62,531,919,806,217,16544,1004,121,10218,1650,6958,5034,4741,173,5906,3,5909,10180,3222,1727,77,1050,3222,389,1679,38,29.6,23.9,105.6,40.7,24.7,152997,240089,30622,102773,1876,26612,235,54426,132359,8169,12468,26659,21131,213431,2415,40638,54356,128760,26377,276991,47,47,41337,85318,-2546,491172,3193,1186272,1348469,2043569,9671,4035,721,172,63916,-232,695100,33.9690422388
2016-07-18,71.1720001221,17.2519996643,12.1880001068,85.4037017822,2430.94,58.9642857143,655,148.2290904,148.586858133,145.694160487,376441,73070,294005,113536,1728765,-293352,294795,46.536,44.754,42.438,43.132,53.904,49.242,51.592,37.266,36.126,54.118,41.656,37.87,357,-2.546,8134,72,231,77,317,8134,10580,190,100,90,77,200,819,326,25,77,732,83,218,897,2446,598,4492,138,1042,661,353,1305,395,3894,7536,-1448,357,6,93.2,17071,18320,107,126,139,934,701,330,16863,1029,143,10050,1654,6826,5004,4716,145,5969,3,5973,10126,3301,1722,68,853,3301,413,1734,-76,29.3,24.4,100.7,40.6,24.8,152783,241000,30453,102514,1822,26237,236,54532,133148,8352,11283,26285,21157,214715,2275,41902,55846,132361,26001,279151,48,48,42076,84059,-2342,488830,5647,1183929,1351173,2046272,9785,3901,1133,172,64105,189,695099,33.9206876476
2016-07-25,66.9940002441,16.8460000992,12.6680000305,83.6902786255,2403.76,88.7285714286,677.5,94.77783201,126.12322235,81.11349106,375959,78351,298041,141237,1685116,-296002,289581,43.644,42.142,40.172,41.084,51.054,46.804,49.444,34.944,33.834,51.502,38.614,41.57,371,-2.342,8437,53,266,92,320,8437,10796,93,81,12,92,139,778,192,20,92,906,123,176,869,2359,677,4578,156,995,668,362,1266,454,3901,7760,-1542,371,14,92.4,16924,18320,-39,233,290,936,692,207,16586,998,97,10068,1619,6808,4918,4648,173,5973,3,5977,10110,3302,1688,69,832,3302,360,1732,-42,29.4,24.6,101,40.8,24.8,152003,241452,30075,102060,1625,25610,247,56910,132482,8090,11431,25649,20390,215803,2219,41530,55209,134879,25363,281507,39,39,40006,84206,1671,490501,5519,1185600,1354090,2049189,9797,4024,840,470,65215,1110,695099,33.8841279126
2016-08-01,66.5999984741,16.1140003204,12.4959999085,83.3873199463,2409.54,62.6171428571,597,106.067499793,142.331570967,81.07986196,377250,88714,300690,180134,1718306,-284341,273299,43.12,40.826,39.728,40.546,48.754,46.44,48.842,33.592,32.588,49.102,36.872,43.832,374,1.671,8738,23,140,54,189,8738,10918,96,87,9,54,230,583,98,34,54,927,74,312,637,2180,677,4578,156,995,668,362,1266,454,3901,8061,-1721,374,3,93.3,17097,18320,298,170,186,951,1086,432,16852,1004,129,9992,1682,6919,4940,4647,165,6079,3,6083,10276,3356,1759,77,837,3356,355,1697,-284,29.4,23.8,92.9,42,24.4,153155,238190,28773,101796,1535,24486,254,56128,132347,9314,11494,24526,20603,213664,2325,41078,54205,137992,24232,286018,40,40,38292,86673,1413,491914,3784,1187013,1356301,2051400,9752,4212,1053,550,64092,-1123,695099,33.839426591
2016-08-08,64.5600013733,15.0340000153,11.6880001068,83.8656784058,2405.68,78.7642857143,658,113.32387925,126.50936125,116.61197665,385819,125431,305440,218623,1792640,-279702,267192,45.486,43.096,41.5775,42.4125,50.825,48.1125,50.555,34.8925,33.8025,50.82,37.69,39.458,381,1.413,8404,80,172,91,363,8404,10607,184,171,0,91,224,839,78,39,91,712,83,216,930,2203,677,4578,156,995,668,362,1266,454,3901,7727,-1698,381,7,92.2,16883,18320,214,118,280,950,1313,701,16597,1018,74,10098,1740,6917,4739,4516,149,6086,3,6089,10260,3343,1842,102,828,3343,454,1730,-162,29.5,23.9,92.8,39.5,24.1,151196,235383,27597,100851,1457,24241,242,55709,130397,9448,11351,24286,20460,211097,2298,41611,53081,142169,23999,289591,45,45,38498,88234,1055,492969,5248,1188065,1359005,2054101,9769,4175,824,279,65255,1163,695096,33.8123813082
2016-08-15,63.8900001526,15.3899999619,11.8820001602,85.9620407104,2415.26,70.7014285714,634,86.764190675,119.98360445,53.521865845,397225,106102,322594,220139,1829979,-258207,258250,49.84,47.17,45.986,46.792,56.048,53.368,56.21,38.996,38.16,55.976,41.168,36.296,396,1.055,8193,37,131,145,162,8193,10364,92,56,36,145,135,465,182,20,145,956,164,168,610,2171,677,4578,156,995,668,362,1266,454,3901,7516,-1730,396,15,93.5,17127,18320,221,154,237,943,1122,511,16865,1029,101,10280,1776,7064,4939,4702,136,6023,4,6027,10393,3329,1849,73,1037,3329,404,1722,-113,29.3,23.5,100.9,41.1,23.8,153135,232659,27243,96585,1301,25706,256,56711,131457,9647,12031,25746,20425,206914,2343,41649,52317,145458,25450,291808,40,40,39050,87511,-2508,490461,5197,1185557,1360648,2055744,9762,4419,909,131,64531,-724,695096,33.7025235134
2016-08-22,68.3200012207,16.2459997177,13.0760000229,85.3703399658,2373.54,78.4728571429,624.5,85.14476776,101.70290758,66.123962405,418900,63985,323059,163232,1852402,-292429,307500,49.552,47.378,45.68,46.528,56.446,54.74,57.636,39.568,38.686,56.354,42.358,36.842,406,-2.508,8642,88,84,100,292,8642,11169,224,190,34,100,237,701,44,18,100,1041,90,290,801,2527,677,4578,156,995,668,362,1266,454,3901,7965,-1374,406,10,92.5,16937,18320,-66,67,478,931,642,163,16679,1028,124,10035,1705,6710,4849,4618,108,5918,3,5922,10027,3317,1786,81,788,3317,436,1715,8,29.4,23.9,105.3,41.4,23.9,153257,232695,26652,98528,955,25857,242,56462,131718,9783,11757,25897,20817,206797,2356,41751,50853,148086,25615,291434,40,40,40493,85129,2501,492962,4694,1188057,1367347,2062442,9659,4679,783,158,64906,375,695095,33.6291491911
2016-08-29,68.7020004273,15.7559999466,12.9879997253,83.1953384399,2354.85,49.4671428571,607.666666667,76.37772878,91.92965191,59.1649119033,436000,49522,341087,96985,1747499,-343548,353744,47.39,45.126,44.292,45.102,54.538,54.736,57.634,39.2,38.218,54.9,40.862,38.822,406,2.501,8917,42,170,48,379,8917,11036,128,87,41,48,194,784,218,17,48,593,83,264,832,2119,698,4976,225,1582,644,229,1049,549,4278,8219,-2159,406,0,92.8,17007,18320,-214,162,471,929,877,459,16615,1023,118,10021,1659,6886,4973,4694,162,5916,4,5920,10184,3298,1751,92,967,3298,369,1686,-163,29.7,23.2,116.6,41.1,24,154753,232004,26102,99215,894,25912,236,55354,133666,9706,11381,25957,20926,206047,2342,41034,50584,149770,25676,291556,45,45,40026,84171,2276,495238,5228,1190332,1371845,2066939,9511,3700,786,471,63867,-1039,695094,33.8561748323
2016-09-05,65.6499996185,15.2650001049,13.4925000668,84.1222229004,2357.5,49.0628571429,612,104.126670845,83.77339365,108.3573227,436606,48399,315723,95320,1787891,-336564,341288,48.174,45.9575,44.326,45.094,55.22,55.78,58.468,39.998,39.01,55.396,42.448,39.1025,407,2.276,7069,33,0,11,290,7069,9103,108,44,63,11,274,596,64,25,11,870,89,296,607,2034,501,4066,102,1103,503,234,968,655,3565,6568,-1531,407,1,93.7,17280,18436,100,70,330,934,1039,539,16930,998,105,10173,1663,6850,5031,4766,160,5940,3,5944,10177,3327,1799,137,906,3327,389,1730,-4,28.7,23.8,104,42.7,23.7,158135,227793,25368,98979,885,25448,290,53442,136740,9994,11400,25495,20654,202298,2259,41841,48992,151120,25158,292446,47,47,39586,83869,-14513,480725,2711,1175818,1357983,2053076,9595,4640,1245,514,63433,-434,695093,33.7581105758
2016-09-12,69.4160003662,15.229999733,16.5639997482,83.2187606812,2356.94,47.8914285714,641.5,86.64520071,82.342651365,89.937366485,416605,65624,309767,130274,1861718,-288667,285795,46.726,44.342,42.91,43.73,53.9125,55,58.0775,38.695,37.6675,54.075,41.5575,40.698,414,-14.513,8062,33,55,23,399,8062,10262,140,110,30,23,140,627,178,12,23,889,83,260,650,2200,418,4203,129,1248,424,294,1137,553,3785,7644,-1585,414,7,92.9,17126,18436,-43,112,162,921,686,455,16730,1004,111,9900,1678,6796,4933,4673,149,5884,3,5888,10050,3254,1760,81,908,3254,501,1760,-150,28.7,25,99.7,44.6,23.9,162754,228360,24913,100607,835,25194,291,54989,140982,9915,11857,25243,20207,203117,2377,42749,46686,150681,24903,290410,49,49,40583,82652,-559,480166,3619,1175259,1363947,2059040,9406,4396,1145,325,62188,-1245,695093,33.8578412175
2016-09-19,64.6240013122,14.7439998627,13.8120000839,84.5264984131,2406.28,64.4014285714,678.5,141.67776105,178.18335725,142.02947995,413902,54729,305023,101079,1829620,-308955,313302,46.44,44.576,42.894,43.502,54.194,55.592,57.832,39.806,38.686,54.816,43.274,41.192,416,-0.559,8309,37,124,21,231,8309,10343,76,64,12,21,157,548,148,16,21,1010,83,148,569,2034,588,5736,187,1784,1075,193,1303,606,5148,7721,-3114,416,2,92,16964,18436,164,122,-72,920,581,367,16587,981,86,10083,1631,6613,4978,4749,143,5838,4,5842,9889,3276,1715,84,770,3276,463,1761,194,28.4,24.9,103,46.4,23.6,164992,225156,23933,97128,633,24128,290,57648,143057,9959,11976,24180,20016,200976,2285,42648,45567,150901,23838,291103,52,52,40655,84238,-6200,473966,3494,1169058,1357880,2052972,9650,3577,680,408,62714,526,695092,33.864043387
2016-09-26,59.0199996948,14.2459997177,13.4600002289,84.9426422119,2449.6,53.6142857143,674,102.075618765,139.8854637,88.72615051,382273,70171,299104,151637,1811705,-285831,278873,48.062,46.744,43.482,44.164,55.442,55.954,58.776,39.908,38.75,55.682,43.112,43.076,418,-6.2,7835,70,99,48,332,7835,9978,144,131,12,48,230,730,87,57,48,873,84,177,778,2143,507,5464,229,1854,578,394,1355,547,4957,7328,-2814,418,2,90.1,16607,18436,84,39,277,907,802,402,16334,989,131,9555,1615,6709,4709,4479,100,5764,3,5767,9973,3264,1706,91,942,3264,388,1682,-418,28.4,26.4,98.2,46,24.2,163077,227183,23348,96711,660,25364,292,57876,139933,10826,12317,25415,20578,201767,2309,43051,46521,150581,25072,289780,51,51,41258,83838,-1882,472084,4189,1167176,1357504,2052596,8880,4012,1024,85,62083,-631,695092,34.5681584894
2016-10-03,62.4420005798,15.3879999161,13.301999855,85.5251205444,2442.38,67.75,696,86.3327427,108.08188821,83.133128175,381791,91613,323235,141783,1830991,-296867,291646,51.612,49.516,48.674,49.384,59.998,58.756,61.048,42.514,41.352,60.148,45.854,36.974,425,-1.882,7710,41,167,113,479,7710,9968,103,44,59,113,203,890,200,17,113,663,169,120,1003,2258,440,5290,70,1849,744,182,1278,727,4850,7270,-2592,425,7,88.3,16283,18436,-135,145,479,919,924,435,16032,980,105,9988,1632,6793,4713,4386,222,5864,4,5867,10066,3273,1714,82,926,3273,451,1685,-78,28.6,26.7,105.2,44.8,24.4,160718,227405,22816,96129,732,25253,288,58391,138309,10082,12327,25301,20177,202104,2341,43998,46851,147975,24965,284449,48,48,39210,81654,-2976,469108,4507,1164199,1315693,2010784,9390,3900,1000,682,62652,569,695091,34.1346489104
2016-10-10,64.4650020599,15.5220001221,15.4920001984,86.2408615112,2430.84,65.3385714286,646.5,89.277992245,120.7378769,71.87103653,422500,63801,353162,98659,1871665,-356221,362976,52.268,50.622,49.578,50.356,61.538,59.988,62.614,44.11,42.952,61.468,46.846,37.294,428,-2.976,7861,60,166,66,345,7861,9866,95,46,49,66,124,695,52,13,66,959,90,46,762,2005,481,4611,88,1480,805,92,860,805,4130,7380,-2125,428,3,85.5,15754,18436,116,127,560,916,1058,255,15552,962,67,9935,1522,6870,4496,4159,270,5906,3,5909,10094,3225,1600,78,960,3225,457,1636,-159,29.4,26.4,111.2,40.9,24.3,156972,225498,21739,97165,868,24774,285,55300,133747,10180,13045,24822,19393,200676,2385,43301,47344,146815,24488,283161,48,48,37792,82616,4850,473958,3402,1169048,1341228,2036318,9264,3999,936,614,61334,-1318,695090,34.1987880911
2016-10-17,61.1899993896,14.7559999466,14.5979997635,86.3926208496,2384.3,61.7642857143,660,102.986577357,106.811014813,102.782142637,445838,49144,359349,71407,1880412,-409331,413650,51.806,50.622,49.3,50.1,61.768,60.772,64.158,44.514,43.268,61.256,48.304,33.792,432,4.9,6907,14,175,105,402,6907,9127,32,30,2,105,175,766,228,18,105,763,144,182,871,2220,439,3946,97,1173,685,87,821,644,3507,6468,-1287,432,4,85,15671,18436,-50,1,572,915,1009,485,15370,998,99,9498,1487,6654,4599,4271,229,5832,3,5835,9894,3240,1580,93,819,3240,444,1668,-396,29.6,26.8,92.7,39.2,25.1,155732,227967,21265,99699,1055,25900,247,53897,132610,9261,13861,25949,19042,202018,2244,43699,47367,145267,25653,283297,49,49,39292,84554,-5247,468711,2526,1163800,1337407,2032496,8798,3647,1339,325,59699,-1635,695089,34.3534422684
2016-10-24,60.4333318074,15.1200000763,14.4540000916,85.9658798218,2439.12,75.7957142857,644.5,76.753349305,67.198394775,84.73757553,443365,52330,347808,56355,1811281,-408739,407995,50.482,49.616,48.63,49.39,61.48,60.858,64.306,44.504,43.236,60.94,49.082,35.146,443,-5.247,7016,61,85,27,420,7016,9068,74,55,19,27,241,807,90,23,27,776,121,157,834,2052,415,4600,93,1239,981,138,923,811,4185,6601,-2133,443,11,85.6,15787,18436,-124,166,392,918,989,555,15552,991,8,9837,1497,6731,4536,4245,282,5833,3,5837,9992,3261,1578,81,894,3261,458,1688,-155,30,26.7,87,37.4,24.7,152378,226011,20245,99209,655,25451,243,54930,129521,8539,14318,25494,19919,200516,2316,43898,45723,145563,25209,282330,43,43,38423,84299,-553,468158,2964,1163247,1328257,2023346,9118,3903,1189,601,58362,-1337,695089,34.2052517852
2016-10-31,69.9320007324,19.3339996338,19.9059997558,84.0405990601,2520.2,83.03,657.5,68.94464493,64.748327255,73.0578537,437571,60861,324752,56563,1821737,-414501,403586,47.046,45.52,44.66,45.456,58.724,58.408,60.854,42.438,41.126,57.68,47.13,41.416,441,-0.553,8995,3,102,27,238,8995,10957,60,42,18,27,88,431,93,41,27,1005,140,207,458,1962,404,4598,77,1284,751,168,1120,794,4194,8591,-2232,441,-2,85.2,15700,18436,134,4,297,922,929,493,15448,1022,104,9824,1418,6908,4662,4219,338,5892,3,5896,10172,3264,1562,144,1012,3264,441,1766,-348,31.2,25.5,84.3,37,24.6,150550,223804,19396,99336,962,24569,262,53371,127779,8334,14436,24615,19739,199190,2447,42422,45520,143777,24306,280924,46,46,39801,85456,14420,482578,3565,1177666,1337021,2032109,9183,3661,1146,283,58451,89,695088,34.3219958187
2016-11-07,75.7900009155,18.982000351,16.1479997635,83.5455795288,2659.32,195.892857143,680.5,92.28722382,101.390350325,81.440021515,432043,85964,296654,62528,1854612,-375009,354399,45.828,44.642,43.1,43.796,56.16,55.15,57.984,41.496,40.504,55.548,45.778,43.352,450,14.42,7442,13,40,7,352,7442,9232,107,83,24,7,88,493,222,3,7,604,222,136,500,1790,410,4890,84,1281,845,75,1126,1069,4480,7032,-2690,450,9,87.1,16048,18436,209,37,150,923,920,524,15817,1002,81,10456,1520,6983,4784,4421,282,5909,2,5912,10250,3266,1585,65,1071,3266,429,1737,206,31.2,24.7,77.2,37,24.3,148602,220963,19036,95123,1072,25835,208,53808,125383,8924,14295,25885,19229,195079,2412,41924,45076,141807,25627,279268,50,50,39170,85848,2432,485010,3486,1180097,1330107,2025194,9213,3259,1294,580,58479,28,695087,34.2055728913
2016-11-14,82.5300018311,17.4440002441,13.5540000916,82.8274597168,2675.5,153.8,664.5,86.80016327,64.633384705,114.798732755,408218,142055,304734,145319,1973656,-299568,277539,46.272,45.162,42.728,43.418,55.37,54.612,57.108,41.374,40.236,55.114,45.742,48.724,452,2.432,8423,37,203,36,349,8423,10907,169,106,63,36,196,784,100,6,36,911,193,290,821,2484,481,5239,88,1621,605,319,1165,960,4758,7942,-2274,452,2,89.2,16449,18436,-333,111,287,904,233,170,16126,1017,77,10152,1592,6610,4984,4654,253,5762,4,5766,9799,3189,1665,73,844,3189,468,1727,353,31.2,25.7,80.9,37.2,24.1,148912,221709,18618,96122,859,24922,209,52903,125337,8852,14724,24968,18609,196741,2618,42848,46857,139577,24713,276470,46,46,41199,85224,5274,490284,3260,1185371,1337000,2032087,9359,3213,1168,149,59170,691,695087,34.210591076
2016-11-21,78.8425006866,17.0724999905,12.4000000954,85.1033248901,2779.98,88.6042857143,587,84.0777867733,77.4409281367,83.9916000333,411067,157016,329252,165931,2027539,-277574,276326,48.642,47.385,45.652,46.378,58.12,58.484,60.794,44.454,43.36,58.498,47.816,48.35,471,5.274,7578,19,71,53,492,7578,9951,136,100,36,53,221,803,143,56,53,980,167,92,855,2373,469,4812,104,1185,828,304,1048,874,4343,7109,-1970,471,19,90.8,16734,18436,-257,-6,300,917,400,363,16397,1014,108,9700,1637,6797,5080,4799,173,5855,3,5859,10039,3242,1715,78,938,3242,471,1744,-339,30.7,23.7,88.5,37.4,24.4,149239,224026,18634,97835,968,23912,230,54625,125594,8932,14712,23956,18952,200070,2441,41693,46641,138407,23682,274832,44,44,40321,84653,-1255,489029,4378,1184115,1336700,2031786,9024,3765,849,384,59083,-87,695086,34.209582138
2016-11-28,81.1379989624,18.336000061,13.5139997482,86.0610015869,2794.34,116.937142857,684.333333333,118.968531283,126.07695263,109.714913697,440191,147427,351556,163232,1995504,-281929,276320,50.698,48.898,46.388,47.062,57.508,58.406,60.574,45.456,44.086,58.752,47.806,45.572,474,-1.255,7548,25,216,30,294,7548,10061,174,150,24,30,285,820,155,11,30,955,170,208,851,2513,474,5082,245,1404,1008,231,841,879,4608,7074,-2095,474,3,89.8,16559,18436,-118,250,209,906,531,189,16283,1012,76,9986,1587,6841,5216,4882,257,5818,4,5822,10018,3176,1720,132,1019,3176,487,1731,-32,30.2,24.9,85.1,38.7,24.7,154196,226123,18769,97500,890,24311,235,55138,130231,8925,15040,24354,18448,201769,2363,42273,48241,134636,24076,270974,43,43,40267,84243,-884,488145,4499,1183230,1336758,2031843,9080,3658,1218,472,61502,2419,695085,34.1866671388
2016-12-05,75.7020004273,17.3259998321,12.1080001831,87.9112014771,2806.18,130.461428571,663.5,69.82870483,58.82959175,71.00045204,436028,125405,335219,146133,2020026,-304685,287881,54.018,50.966,51.052,51.906,61.566,62.706,64.782,49.042,47.93,62.67,49.94,36.08,477,-0.884,8303,20,46,97,270,8303,10515,106,77,29,97,218,555,314,14,97,684,186,270,652,2212,499,5266,223,1466,725,233,1128,992,4767,7804,-2555,477,3,90.4,16669,18436,-307,36,184,872,196,283,16417,1023,116,9913,1668,6819,5083,4779,187,5569,3,5572,9892,3074,1762,93,1247,3074,423,1795,21,29.8,26.4,80.3,40.2,25.4,156697,229548,19235,97058,1257,26133,223,55741,133070,8752,14875,26178,18530,203370,2291,43818,49315,131838,25910,268595,45,45,40438,84021,-2389,485756,3516,1180840,1338118,2033202,8757,3096,1484,436,65285,3783,695084,34.2222830545
2016-12-12,76.8839996338,17.3579994202,12.7079999924,87.5388214111,2777.14,141.101428571,643,122.494133,105.74555969,136.71616365,518376,65791,350770,80285,2098290,-399361,377626,54.908,51.93,52.612,53.432,63.216,63.714,66.316,50.51,49.404,64.418,50.986,31.676,498,-2.389,7360,61,16,98,290,7360,9344,233,230,3,98,159,526,179,23,98,539,157,251,624,1984,485,5744,189,1433,902,283,1321,1131,5259,6875,-3275,498,21,90.5,16702,18460,-411,160,123,894,274,401,16474,1040,128,9828,1600,6736,5009,4672,209,5639,3,5642,9958,3222,1703,102,1094,3222,427,1729,-130,29.5,26.3,71.7,39.7,25.7,155935,230045,19819,99557,902,25586,198,54533,131844,8918,15172,25628,19076,204416,2373,44276,49424,130677,25388,270569,42,42,41937,85478,-2563,483193,2590,1178277,1336002,2031086,8874,2665,1522,181,66508,1223,695084,34.4235974059
2016-12-19,74.2580001831,16.0399999619,11.4600000382,86.3500595093,2684.68,75.5585714286,582.5,148.7395668,183.4552994,132.29899595,527058,49197,359458,56312,2104703,-447841,422767,54.988,52.562,52.362,53.21,63.7,64.878,67.922,50.936,49.758,64.634,51.816,29.048,510,-2.563,8471,32,43,8,217,8471,10225,211,190,21,8,147,439,186,78,8,610,156,144,447,1754,557,5431,275,1573,842,259,1130,795,4874,7914,-3120,510,12,91.5,16892,18459,-172,67,142,918,607,571,16658,1036,149,10150,1532,6913,5122,4786,187,5810,4,5814,10225,3312,1632,100,1099,3312,391,1698,-75,29.5,26.8,62,38.1,25.4,153515,228736,20221,96612,740,26238,204,56296,131438,8243,13834,26288,19060,202448,2276,43368,48800,126187,26034,264595,50,50,41461,83540,2256,485449,2938,1180532,1324122,2019205,9269,4122,1445,344,66263,-245,695083,34.6481632409
2016-12-26,71.0900001526,16.157500267,13.087499857,87.6331748962,2653.86666667,149.304285714,481,148.76743316,164.79487989,139.4142952,497884,42768,356769,50613,2029807,-454097,436661,56.3175,53.8625,53.545,54.38,65.0425,67.455,69.5425,51.68,50.64,66.205,53.2175,30.1875,523,2.256,8167,41,43,9,176,8167,9876,157,90,68,9,165,425,26,10,9,896,180,16,434,1709,627,6494,184,1554,1313,251,1416,1149,5867,7540,-4158,523,13,91,16796,18459,-379,17,380,935,505,487,16557,1028,80,10537,1598,7112,4957,4598,278,5954,3,5957,10430,3319,1668,71,1155,3319,444,1683,107,29.4,25.3,56.2,37.3,25.1,151634,227143,20963,96428,628,27075,185,54265,130510,7875,13249,27122,18683,200021,2168,42017,48700,122608,26890,261202,47,47,42210,82942,614,486063,3970,1181145,1311033,2006115,9278,3750,1387,102,66435,172,695082,34.5409478111
2017-01-02,76.2200012207,15.2374999523,11.9225001335,87.0339508057,2676.775,149.651428571,604.5,125.5177345,92.452877045,136.9672165,503374,48789,358573,50664,2037834,-459370,444932,56.48,53.335,54.2925,55.1325,65.655,67.32,70.225,52.56,51.855,66.025,54.1175,31.8175,525,0.614,7183,24,109,9,272,7183,9428,99,79,19,9,308,713,119,19,9,855,177,273,722,2245,686,5672,149,1484,940,217,1200,996,4986,6497,-2741,525,2,92,16973,18459,-928,-29,-4,845,-680,281,16689,1043,154,9467,1536,6257,5329,4920,255,5379,3,5382,9273,3016,1626,89,875,3016,414,1746,194,28.9,26.6,55.7,42.2,26.2,161685,235450,21787,99983,1219,27178,206,56166,138509,8940,14235,27225,18678,208225,2360,42993,50858,119709,26972,257489,47,47,42473,80962,-7051,479012,2834,1174094,1317260,2012342,8465,3403,1355,432,67509,1074,695082,34.3085519896
2017-01-09,73.8320007324,14.5780000686,11.4159999847,87.4873397827,2771.64,131.041428571,651,96.758716605,73.68899154,111.88339233,501681,43633,360817,56349,2089324,-466764,440074,55.028,52.082,53.492,54.096,64.846,65.902,68.848,51.116,50.33,65.042,55.28,32.678,529,-7.051,9052,32,59,10,345,9052,11121,103,78,25,10,236,673,162,44,10,774,228,120,683,2069,727,5946,190,1689,1043,281,1035,981,5219,8325,-3150,529,4,93.6,17296,18474,-805,53,99,806,-514,139,17107,1049,168,9666,1622,6442,5324,4951,206,5245,3,5248,9227,2785,1707,84,1194,2785,403,1768,439,28.8,26.3,52.3,46.9,27.1,170041,240473,22736,101419,1394,28760,215,55890,147755,8974,13312,28802,20009,211671,2315,42922,52968,118903,28545,257280,42,42,41846,80206,4097,483109,3060,1178191,1330891,2025973,8470,3327,1563,332,66930,-579,695082,34.3387401078
2017-01-16,75.7275009155,15.1024999618,12.1674997807,88.4666252136,2796.88,140.738571429,660,102.68763355,93.115200055,119.2875252,496578,48012,357251,51342,2114656,-465400,433562,54.98,51.8375,53.39,53.788,64.83,66.832,69.636,50.794,50.214,64.898,55.414,30.64,522,4.097,8378,21,89,68,218,8378,10655,152,139,13,68,191,520,230,20,68,928,225,154,588,2277,704,5314,96,1462,998,223,908,923,4610,7674,-2333,522,-7,90.7,16748,18474,-552,60,37,840,-219,236,16468,1054,115,8953,1525,6316,4713,4375,223,5311,3,5315,9364,3048,1621,95,1002,3048,447,1629,-411,29.1,26.4,44,48.1,28.8,169073,246424,23433,104780,1198,28968,211,57655,146582,9312,13179,29007,21115,217417,2203,43275,53784,114020,28757,255972,39,39,39770,83009,2347,485456,5934,1180537,1329108,2024189,8069,4244,1883,675,65656,-1274,695081,34.1873939454
2017-01-23,74.9979995728,14.6699998855,10.9720001221,88.3919403076,2824.9,146.961428571,672,108.067604055,113.66532897,97.36685944,503337,40840,406723,57213,2179122,-482371,464678,55.502,53.126,53.864,54.28,65.122,66.916,69.598,49.666,48.946,64.9,56.34,30.032,551,2.347,7810,44,47,37,321,7810,10290,159,85,74,37,144,556,167,10,37,1042,256,263,593,2480,599,5540,235,1473,1078,203,1078,874,4941,7211,-2461,551,29,88.3,16312,18474,-510,113,-148,833,-241,305,16047,1051,180,8825,1584,6286,4575,4224,171,5289,3,5292,9296,3010,1650,65,993,3010,445,1630,-471,29.5,28,41.5,49.3,30.7,169149,253220,23891,110034,1192,28599,217,60038,146130,9198,13820,28651,21728,224569,2351,44127,53305,111753,28382,256035,52,52,41427,84541,2840,488296,4263,1183377,1338069,2033150,8039,3842,1370,268,65372,-284,695081,34.0940260321
2017-01-30,70.60599823,15.0680000305,11.7160001755,87.9012802124,2826.7,136.77,670.666666667,174.4311218,166.5366058,186.917793267,490194,41842,421899,50960,2151809,-497940,482523,56.22,53.338,54.21,54.7125,65.695,67.8575,70.5775,48.6975,47.74,65.5475,56.375,30.084,566,2.84,8290,17,41,8,177,8290,10302,236,181,55,8,245,480,19,36,8,833,201,235,488,2012,549,5289,179,1248,1245,286,880,902,4740,7741,-2728,566,15,88.2,16302,18474,-845,45,116,837,-333,352,15947,1061,138,9101,1567,6072,4677,4407,132,5283,3,5287,9094,3022,1637,71,785,3022,501,1702,7,30.2,25.9,37.8,46.3,31.3,170717,257086,24562,111918,1217,27885,209,61879,148764,9026,12928,27929,21870,229157,2438,42502,54143,110274,27676,256749,44,44,41123,85788,6466,494762,3671,1189841,1343633,2038712,8310,3533,1410,493,64127,-1245,695079,34.0654708986
2017-02-06,68.5879989624,15.1920000076,11.1680000305,88.398979187,2839.96,131.007142857,624,198.37540435,194.45318605,190.0633545,518278,45411,427908,47981,2181656,-509138,492692,55.644,52.876,54.08,54.65,66.266,67.854,70.572,49.184,48.14,65.878,56.432,28.55,583,6.466,9372,50,154,21,277,9372,11916,209,78,131,21,309,790,207,18,21,924,234,158,811,2544,567,5948,310,1665,1116,291,1097,902,5381,8805,-2837,583,17,87.7,16207,18474,-192,53,35,875,432,536,15893,1055,119,9804,1566,6420,4802,4448,235,5525,2,5527,9578,3158,1663,97,893,3158,479,1661,226,31.6,24.2,32.7,44.2,30.7,170746,256217,24962,110388,1336,27755,259,62601,147944,9086,13716,27806,22085,228411,2387,40585,54087,105632,27496,253858,51,51,41032,87220,13830,508592,4922,1203670,1345340,2040418,8941,4009,1722,359,65270,1143,695078,33.8750953392
2017-02-13,67.9220016479,13.9100000381,11.4059999466,88.5736602783,2903.56,110.221428571,658.5,137.187568665,76.108459475,186.7252121,513279,50419,420078,60691,2191158,-504483,476990,55.754,53.2,54.182,54.772,66.716,68.216,70.61,49.952,48.972,66.234,57.266,26.978,591,13.83,8491,39,46,130,196,8491,10479,216,167,48,130,194,474,86,23,130,728,198,157,604,1988,1026,5533,192,1268,1073,427,992,555,4507,7465,-2519,591,8,85.4,15770,18474,-164,-3,13,847,295,450,15458,1040,86,8950,1586,6205,4531,4151,294,5391,2,5393,9273,3069,1645,59,812,3069,517,1663,-323,32.7,27.9,35.7,44.7,30.7,170057,259063,25916,110775,1818,28403,261,63726,148182,8503,13373,28453,22500,230610,2380,43150,54291,104379,28142,254201,50,50,39711,87982,9527,518119,3756,1213197,1356807,2051885,8433,3604,1105,436,64568,-702,695078,34.0534544945
2017-02-20,69.1175003052,13.5500001907,11.6224999428,87.5680999756,2882.74,102.958571429,571.333333333,113.49065401,97.5396957367,124.627652483,525405,44006,432944,42606,2183943,-526417,508456,56.25,54.0225,54.646,55.242,67.27,66.582,68.374,49.656,48.78,66.552,55.432,26.0975,597,9.527,7286,22,45,9,113,7286,9485,129,51,77,9,177,358,138,25,9,1126,168,272,367,2199,1211,5898,147,1269,1058,358,1007,848,4687,6075,-2488,597,6,84.3,15570,18474,-141,80,13,868,283,330,15271,1034,129,9429,1532,6135,4467,4133,205,5540,4,5543,9236,3101,1586,54,592,3101,453,1637,193,33.2,28.9,34.7,41.6,29.9,165133,256435,26612,108226,1770,27890,263,64370,143663,8060,13409,27939,22669,228496,2361,44282,54131,104500,27626,254071,49,49,37811,87166,564,518683,4324,1213761,1346060,2041138,8663,4132,1180,638,63040,-1528,695078,34.0428157922
2017-02-27,68.7400004069,14.1399999618,12.0640001297,87.467741394,2879.94,110.791428571,665.666666667,88.14699553,100.324027997,82.4909578967,552734,45125,453030,39393,2103278,-571785,556607,55.772,53.566,54.71,55.225,66.8525,64.5275,66.505,49.5025,48.92,65.735,53.725,25.334,602,0.564,7589,71,0,30,163,7589,9911,210,164,45,30,193,427,156,20,30,836,248,416,457,2322,721,5335,116,1272,755,296,1284,891,4614,6868,-2292,602,5,86,15886,18474,-386,-24,128,882,322,605,15664,1034,145,9456,1511,6393,4755,4390,220,5587,4,5590,9541,3148,1562,51,803,3148,477,1711,-85,33.4,29.8,35.7,41.4,29.5,164208,255889,27489,108567,1627,27257,270,64454,142286,8328,13594,27303,23091,228586,2318,44561,53938,103212,26987,253689,46,46,38278,87350,1501,520184,4085,1215260,1346694,2041770,8686,3624,1230,530,63535,495,695076,34.0720911656
2017-03-06,66.986000061,13.3379999161,11.701999855,85.5197799683,2797.48,107.455714286,649.5,106.84671784,104.799993535,103.335529325,526826,57637,435475,48768,2120334,-546016,525254,53.72,50.878,53.198,53.79,65.14,63.446,65.66,48.138,47.258,63.872,51.886,30.118,609,1.501,8150,15,34,4,93,8150,10446,266,215,51,4,96,238,139,25,4,1205,179,265,242,2296,897,6224,155,1758,1022,321,1330,741,5327,7253,-3031,609,7,85.9,15859,18474,-56,16,39,877,667,668,15492,1022,102,9844,1477,6348,4773,4452,220,5574,3,5577,9468,3120,1571,94,771,3120,455,1732,376,34.2,30.7,34.5,40.3,28.5,161532,249334,28454,106905,1758,26125,270,62924,141297,7653,12582,26174,22856,223159,2290,44179,51573,104251,25856,255793,49,49,39512,87600,8209,528393,3520,1223218,1344454,2039279,9268,3236,1452,223,64402,867,694825,34.1782743249
2017-03-13,62.7199996948,11.1979999542,11.5540000915,84.5606811523,2840.86,118.074285714,680,78.436092375,65.66343689,83.86511612,539543,66874,424549,48991,2137532,-535499,508525,51.516,48.502,50.128,50.668,61.804,60.682,62.848,45.246,44.262,60.522,49.94,30.348,617,8.209,7405,30,82,36,212,7405,9558,79,56,23,36,211,536,126,26,36,982,151,242,572,2153,717,5685,189,1813,1102,365,964,535,4968,6688,-2815,617,8,85.1,15756,18508,-127,80,226,911,910,731,15472,1045,125,9540,1523,6515,4690,4365,200,5787,4,5791,9773,3258,1580,57,725,3258,501,1732,-233,34.1,26.3,35.3,37.9,27.5,157303,246279,29427,107797,1457,24638,231,62553,138520,7192,11592,24684,22766,221594,2191,42059,49788,103871,24408,258818,46,46,39144,88090,-237,528156,3569,1222165,1336547,2030556,9254,2662,900,431,66532,2130,694009,34.1356104093
2017-03-20,62.904999733,12.0800001144,12.5400001526,84.7613815308,2851.42,117.628571429,601.333333333,133.054138197,146.128300987,102.607927943,498785,92799,386941,98167,2240261,-447406,433800,50.916,47.854,49.526,50.098,60.92,60.794,63.16,44.542,43.57,60.134,49.282,29.902,631,-0.237,8307,29,40,8,42,8307,10284,127,120,7,8,207,318,104,37,8,958,135,328,325,1977,550,5334,191,1714,808,262,1217,592,4784,7757,-2807,631,14,87.4,16183,18508,-83,65,238,915,657,437,15801,1044,165,9771,1571,6495,4829,4493,170,5837,3,5840,9730,3235,1634,63,655,3235,406,1763,41,34.2,25.5,35.7,38.1,26.7,155393,243468,29821,103564,1289,24550,186,63083,136567,7144,11682,24591,22595,218877,2513,41829,50942,104660,24364,260026,41,41,39573,87938,4954,533110,2769,1226493,1337877,2031260,9200,2943,1110,411,67951,1419,693383,34.1792883063
2017-03-27,61.4580001831,12.2020000458,11.8719999314,85.068019104,2866.48,132.274285714,635,102.73162844,122.8984909,78.021564485,501151,99453,371404,110827,2194206,-433437,418517,52.058,49.312,49.94,50.536,61.674,61.758,64.584,44.964,44.042,61.094,50.036,28.93,652,4.954,8224,69,38,8,179,8224,10604,115,95,19,8,227,513,176,33,8,1291,163,114,521,2380,1010,6210,157,2115,949,251,1120,608,5200,7214,-2820,652,21,89.3,16520,18508,-259,19,250,911,579,569,16226,1054,118,10028,1664,6568,4872,4562,193,5796,3,5800,9791,3223,1731,67,768,3223,380,1735,237,33.9,24.9,34.7,36.5,25.7,152910,239721,30389,104338,1199,23866,177,59911,135999,6584,10328,23917,23257,215804,2376,41949,50356,105782,23690,261452,51,51,40340,87958,867,533977,6002,1226636,1333887,2026546,9524,3093,1178,133,67731,-220,692659,34.1438953546
2017-04-03,65.3260002136,12.9099998474,12.4640001297,85.4481414795,2841.92,88.1642857143,654,147.197113,153.6584206,153.69044495,477228,104472,361322,116707,2222462,-410089,398080,54.356,51.272,52.468,53.042,64.118,64.916,67.902,47.636,46.898,63.666,52.432,27.368,662,0.867,7850,42,96,50,197,7850,10022,131,99,32,50,221,557,138,7,50,1001,152,142,607,2172,575,5310,195,1715,887,272,1077,589,4735,7275,-2563,662,10,90.8,16803,18508,-183,74,120,918,442,431,16429,1019,109,9515,1643,6450,4967,4646,212,5834,4,5838,9717,3267,1722,80,612,3267,382,1756,-202,33.5,24.8,35.8,36.4,25.7,152374,239103,31490,106064,1270,21981,181,60306,136290,6065,10018,22031,23705,217073,2325,42059,49433,106473,21799,263465,50,50,39611,88377,1566,535543,3170,1227678,1334977,2027112,9245,3160,1187,356,69144,1413,692135,34.2016756848
2017-04-10,71.7399997711,15.307500124,15.2125000954,86.0214252472,2775.96,87.0942857143,600.333333333,125.981966657,119.133829747,134.143369033,497953,94634,369762,102732,2213064,-405772,408382,55.99,53.1925,54.245,54.8575,66.5175,66.6025,69.405,49.55,48.5975,65.86,53.7425,26.73,672,1.566,7878,16,66,8,198,7878,9333,118,92,26,8,201,480,80,44,8,535,97,138,488,1455,689,5033,209,1446,900,228,851,710,4344,7189,-2889,672,10,91,16945,18618,-294,107,413,908,698,472,16697,986,152,9927,1625,6496,5060,4714,193,5780,3,5784,9717,3221,1692,68,712,3221,403,1787,210,32.7,26.3,32.9,35.4,25.4,150221,236130,32703,103002,1058,21627,246,60479,134073,5809,10338,21681,22903,214449,2281,42524,49909,110313,21381,267065,54,54,40145,88326,-2166,533377,3501,1224887,1330350,2021860,9275,3079,1146,237,69420,276,691510,34.2257058537
2017-04-17,73.5940002442,15.2440002441,14.5579999924,84.8775009155,2734.1,106.064285714,599,138.732872,73.1223182667,190.6096395,517917,80673,380195,70966,2193567,-429398,437043,53.626,51.078,52.494,53.128,65.358,65.652,68.42,48.47,47.236,64.634,52.442,28.102,683,-2.166,7810,33,112,52,413,7810,9793,167,105,61,52,234,791,258,27,52,507,88,119,843,1983,565,5867,192,1715,1048,280,1419,648,5302,7245,-3319,683,11,92.9,17296,18618,-384,88,275,912,379,399,16938,993,138,9794,1678,6535,5150,4811,200,5833,4,5836,9743,3208,1751,73,699,3208,375,1783,51,32.1,25.5,33.3,34.6,25.5,148266,237672,32909,105964,970,21467,247,60391,132697,5938,9631,21507,23034,216165,2326,42592,48840,111958,21220,268737,40,40,38784,88205,-1034,532343,3663,1223654,1328548,2019859,9223,2898,947,408,68642,-778,691311,34.1003834016
2017-04-24,61.3180000305,11.9780000687,10.7260000229,83.8531997681,2776.06,99.7028571429,688.5,94.09292221,89.30414963,97.004856085,507526,80093,386717,63353,2161434,-445250,443883,51.738,49.342,50.364,50.936,63.17,62.528,65.398,46.72,45.466,61.97,50.32,29.404,688,-1.034,8912,82,127,134,281,8912,11280,54,54,0,134,292,782,94,40,134,994,119,190,916,2368,1152,5979,245,1593,970,323,1071,625,4827,7760,-2459,688,5,94.1,17515,18618,-79,72,81,932,345,271,17285,987,164,9710,1742,6702,5063,4736,163,5984,3,5988,9934,3232,1809,66,714,3232,399,1799,-224,31.4,27.7,34.8,36.4,26.1,150917,241041,33068,106475,1235,21555,250,61604,135752,5520,9645,21596,23269,219445,2237,44179,50131,114545,21304,270701,41,41,39226,87616,-3641,528702,4183,1219512,1335003,2025813,9206,3656,970,203,67439,-1203,690810,34.0351639454
2017-05-01,59.5800010681,12.3380001068,10.4819999695,83.3361206055,2747.775,115.538571429,621.333333333,109.76592764,81.3402621,127.75452931,457283,99017,335252,79831,2188272,-433625,411822,50.05,47.212,48.825,49.435,59.275,58.99,61.975,45.565,44.245,58.385,47.355,32.59,697,-3.641,8264,94,42,51,365,8264,10297,112,46,66,51,141,642,173,21,51,759,86,211,693,2033,538,5275,129,1800,764,275,1037,732,4737,7726,-2704,697,9,93.3,17368,18618,-288,205,605,927,667,145,17177,986,174,9783,1662,6731,5101,4699,229,5954,3,5958,9977,3245,1738,76,774,3245,417,1770,-194,31,26.2,35,35.9,26.2,150355,241232,33040,107632,945,21168,260,59666,135015,5961,9380,21220,23213,220012,2215,43362,51769,115896,20907,273955,52,52,39441,89672,-930,527772,4258,1217110,1336032,2025370,9156,3171,1130,322,66711,-728,689338,34.0802633057
2017-05-08,55.1680000305,11.5239999771,10.1880001068,82.7353790283,2703.8,84.62,633.5,78.40010071,63.394073485,81.612426755,450103,127546,312270,109166,2215531,-409860,373144,49.98,47.062,49.16,49.12,59.76,60.4766666667,63.44,46.08,44.6733333333,58.82,47.5766666667,33.904,703,-0.93,7620,28,118,93,452,7620,10179,115,60,55,93,262,860,225,85,93,898,89,251,953,2559,693,5275,160,1436,830,280,1159,717,4582,6927,-2023,703,6,91.5,17034,18617,95,166,379,928,856,215,16759,1006,107,10052,1646,6781,4956,4680,169,5915,3,5918,10024,3243,1717,70,863,3243,392,1729,28,30.7,25.9,40.7,36.6,26.1,148768,241082,32880,106244,1130,21315,228,58576,133434,6138,9195,21361,23055,219721,2177,44144,53772,115750,21087,275860,46,46,38366,92092,-5247,522525,4483,1211312,1332286,2021073,9408,4104,733,517,66273,-438,688787,33.9848849379
2017-05-15,58.3220001221,12.0979997635,12.6719999313,83.8373001099,2739.96,100.262857143,659.5,75.318294525,50.880756375,82.819465635,438572,157894,318815,150001,2276413,-339794,328751,52.36,49.252,51.058,50.468,61.368,62.39,65.184,47.768,46.312,61.028,49.146,32.6,712,-5.247,8590,42,88,18,324,8590,10636,161,108,53,18,223,678,158,21,18,726,81,223,696,2046,1086,6005,139,1481,1254,271,1266,508,4919,7504,-2873,712,9,93.4,17384,18617,-75,75,294,951,810,516,17122,1027,93,10020,1651,6864,5042,4741,208,6080,4,6083,10189,3325,1712,61,781,3325,360,1803,-169,30.5,24.8,46.2,36.1,25.9,146824,240669,33752,107042,1398,21864,209,57149,130861,6307,9655,21905,23414,218765,2295,42888,53176,120033,21654,283131,41,41,39795,94180,-1753,520772,5670,1208831,1336544,2024603,9452,3251,549,108,66308,35,688059,34.0298204636
2017-05-22,54.5625,11.75,10.2940002441,84.4284606934,2778.72,70.1042857143,604.5,178.65049745,202.7665329,163.532074,459423,163024,322879,161585,2337124,-333507,328952,53.118,50.452,52.28,51.806,63.23,63.658,66.23,48.606,46.878,63.226,49.616,31.274,720,-1.753,8294,83,154,16,250,8294,10494,101,94,6,16,222,709,169,22,16,869,95,241,725,2200,625,5267,90,1806,841,308,1008,589,4642,7669,-2442,720,8,93.5,17402,18617,206,155,233,949,706,113,17281,1010,120,10243,1569,6847,5197,4888,188,6069,3,6072,10169,3322,1639,70,775,3322,386,1869,74,30.2,24.3,49,34.5,25.4,146339,239882,33539,107771,1181,21624,204,55951,130345,6769,9225,21665,22684,218218,2314,43384,53314,122584,21420,285075,41,41,38807,93857,-4432,516340,7055,1204001,1333099,2020760,9704,3712,903,460,65567,-741,687661,34.0846683967
2017-05-29,53.8966674805,11.8350000381,10.1075000763,82.7062263489,2755.025,91.8328571429,533.333333333,102.476236977,83.70838675,110.578620893,472013,124161,310397,117254,2211099,-368551,372989,51.004,48.5,49.944,49.982,60.504,61.784,64.292,46.718,45.064,60.65,47.748,31.5625,722,-4.432,7985,40,141,18,270,7985,10222,105,82,6,18,235,686,137,28,18,971,208,113,703,2237,1303,6233,114,2102,586,237,1250,641,4930,6682,-2693,722,2,95,17679,18617,71,130,141,950,762,419,17510,1020,88,10430,1632,6895,5226,4960,179,6085,3,6088,10229,3333,1701,69,807,3333,438,1797,201,29.7,25.9,56.8,35.1,24.7,146733,237024,32835,105965,1320,21519,204,55383,130775,6576,9382,21560,22763,215464,2166,44230,52796,122866,21315,284546,41,41,38647,93985,-6428,509912,2710,1196594,1327954,2014636,9822,4044,917,337,64820,-747,686682,33.7669136241
2017-06-05,53.4620002747,12.7899997711,10.3539999008,82.2072799683,2723.66,103.158571429,687.5,174.2854347,257.4962158,148.8938675,462629,112749,307751,101648,2198081,-377765,373755,48.732,46.556,47.722,47.786,58.062,59.49,61.818,45.838,44.616,57.422,45.626,33.298,733,-6.428,8341,65,166,46,339,8341,10633,152,83,70,46,171,741,54,35,46,778,79,442,787,2292,557,5117,207,1620,631,255,1292,555,4560,7784,-2268,733,11,94.1,17517,18621,-124,73,173,909,251,130,17227,999,118,9934,1626,6646,5267,4952,197,5777,4,5781,9833,3187,1762,136,865,3187,480,1853,101,29.7,26.6,60.2,37.5,25.1,151088,240348,32294,107834,1132,22267,242,56787,134194,6905,9989,22316,21982,218031,1933,44596,52279,124763,22026,284892,49,49,39920,94337,3295,513207,4444,1198233,1343664,2028690,9317,3645,796,485,63376,-1444,685026,33.640968742
2017-06-12,51.8559997558,11.451999855,10.7600000381,81.256199646,2722.2,96.8857142857,639,106.32843015,93.620910635,120.0869179,453256,145733,315299,94159,2228585,-390819,382469,47.66,45.294,46.482,46.672,57.65,57.146,59.406,45.268,44.346,57.086,45.072,31.628,741,3.295,8025,37,108,15,198,8025,9816,61,40,21,15,218,559,120,16,15,826,81,129,574,1791,722,5170,139,1593,816,252,1123,525,4448,7303,-2657,741,8,94.4,17572,18621,-133,43,233,931,424,280,17256,1002,105,9843,1693,6804,5154,4845,203,5955,3,5958,10098,3294,1774,82,845,3294,450,1858,-255,29.5,26,58.7,38,25.4,151416,242444,32181,108593,1152,22716,228,55892,134677,7023,9716,22761,22542,219683,2084,43605,54047,128364,22488,287647,45,45,41285,93388,-1661,511546,5374,1196171,1350468,2035093,9269,3385,787,132,62220,-1156,684625,33.6472335239
2017-06-19,51.4259994507,11.0359998703,10.4959999085,79.8950210571,2754.86,94.5971428571,647,155.7539482,174.5643845,126.73746874,445591,162434,319578,124280,2176740,-376005,358999,45.702,43.142,44.658,45.662,56.178,55.186,57.506,44.334,43.422,55.676,43.52,32.144,747,-1.661,7876,73,101,98,457,7876,10142,87,81,6,98,180,810,99,44,98,999,93,79,909,2266,517,4897,64,1674,707,252,1026,657,4380,7359,-2114,747,6,94,17494,18621,-74,187,158,943,572,302,17152,990,73,10163,1594,6841,5251,4961,217,6035,4,6039,10151,3309,1721,127,802,3309,431,1850,12,29.5,23.5,59.3,38.8,25.3,152495,241866,31687,109853,1388,21246,236,56389,136149,6837,9509,21280,22280,220587,2112,41684,52957,130548,21010,289044,34,34,40355,92998,-2451,509095,4282,1192937,1348545,2032387,9816,3687,987,391,61140,-1080,683842,33.5874406136
2017-06-26,52.9019996643,11.3200000763,10.7219999313,81.011618042,2824.86,101.284285714,620,104.3490639,109.479301435,96.08767701,397799,168804,301476,166734,2118015,-359714,328764,47.026,44.666,45.79,46.0575,57.7675,55.9325,58.9175,45.3525,44.49,57.01,43.7625,30.802,758,-2.451,8016,40,102,54,86,8016,9832,139,126,13,54,289,516,108,28,54,792,101,105,571,1816,528,5599,213,2019,471,320,1386,662,5071,7488,-3255,758,11,92.5,17216,18621,121,70,330,961,824,302,16890,1015,111,10334,1706,6990,5244,4888,246,6149,3,6152,10366,3377,1775,69,838,3377,424,1846,-32,29.7,24.1,63.9,38.7,25.4,152272,240972,30827,108025,999,22562,254,55626,135791,6894,9587,22599,21838,218373,2046,42399,53723,133410,22309,288862,37,37,38174,90813,118,509213,4526,1191649,1349383,2031819,9538,3075,915,521,60843,-297,682436,33.7988266199
2017-07-03,56.1024990082,12.0175001621,11.504999876,82.4112510681,2838.5,97.3228571429,573,104.74601747,43.5203501367,143.244873067,378151,177947,314090,180484,2143111,-346338,327188,48.38,45.4875,47.502,47.826,60.764,57.914,60.668,46.272,45.442,59.37,44.988,32.215,756,0.118,7742,33,156,10,274,7742,10033,108,63,46,10,266,729,125,43,10,946,112,261,739,2291,768,5116,118,1606,476,285,1150,713,4348,6974,-2057,756,-2,93.6,17422,18621,134,181,74,945,816,427,17141,1014,125,10365,1686,6761,5100,4766,209,6057,4,6061,10087,3326,1760,74,701,3326,344,1828,278,29.4,21.9,59.7,36.3,24.8,150422,237303,30090,105529,805,22249,236,56303,133728,7172,9521,22299,21571,215004,1793,40959,52367,135538,22013,288363,50,50,36699,89108,-6299,502914,4775,1184951,1335894,2017931,9705,4533,1177,531,59509,-1334,682037,33.7591137429
2017-07-10,52.413999939,11.6960000992,10.3420000076,82.5304016113,2835.6,87.1757142857,603,102.80350877,70.235765455,124.6092377,396147,165280,316447,166496,2172632,-338146,341047,47.894,45.51,46.084,46.614,59.176,57.28,59.992,44.914,44.022,57.8,43.832,32.272,763,-6.299,7610,53,92,56,64,7610,9421,125,71,54,56,263,472,193,30,56,755,97,113,528,1811,918,5620,148,1677,910,251,1169,547,4702,6692,-2891,763,7,94.5,17603,18621,130,52,258,927,764,325,17244,1007,108,10469,1763,7152,5349,4965,277,6013,4,6017,10358,3206,1834,71,1135,3206,361,1815,111,29,21.4,62,37.5,24.3,153553,235656,31151,105433,752,23591,230,53503,137354,6877,9322,23643,21181,212012,1663,40347,52325,138715,23361,291698,52,52,34892,88213,-7564,495350,5408,1174237,1332087,2010974,9786,3102,753,481,57561,-1948,678887,33.9323906295
2017-07-17,48.4519996643,11.0740001678,9.68799991608,83.2289001465,2865.42,86.5271428571,603,111.84397635,81.7074673967,127.25425721,386843,154708,309899,131245,2133575,-361371,358025,48.864,46.42,47.752,48.142,60.962,59.604,62.426,46.266,45.338,59.81,45.87,29.724,765,-7.564,7996,28,67,10,324,7996,9972,126,94,32,10,162,581,130,61,10,957,96,76,591,1976,728,5537,349,1740,737,368,1042,573,4809,7268,-2833,765,2,94,17500,18621,202,32,145,921,687,308,17119,1026,140,10096,1705,6673,4945,4575,229,5944,4,5947,9859,3186,1783,78,726,3186,435,1842,237,28.7,21.7,70.6,36.6,23.9,151416,231211,31025,104219,632,23198,240,51895,134844,7176,9395,23228,22137,207983,1660,39150,51236,139318,22958,291178,30,30,33278,88511,-4727,490623,4812,1169508,1321814,2000699,9592,4442,714,374,57538,-23,678885,34.0882558368
2017-07-24,48.1599990845,11.6359998703,9.77200012209,83.6304595947,2947.28,119.46,615.5,107.0436096,84.61943436,112.34051515,399585,137933,324027,108539,2140060,-398320,396459,50.756,48.346,48.386,48.888,62.388,60.456,62.984,46.594,45.726,61.16,47.094,29.506,764,-4.727,8044,38,148,15,215,8044,10128,130,95,35,15,307,707,253,39,15,662,117,199,723,2084,1030,5540,132,1611,768,254,1150,595,4510,7014,-2426,764,-1,94.3,17556,18621,66,41,288,945,761,366,17285,1012,110,10393,1726,7051,5131,4806,215,6080,4,6084,10334,3283,1826,100,967,3283,413,1880,59,28.1,21.5,66.7,35.4,23.7,149564,230196,30136,102993,1066,23124,254,52250,132803,7303,9459,23173,21529,207023,1646,40151,50715,140543,22870,290649,49,49,33839,87529,-7208,483415,5340,1162300,1312666,1991551,9821,3811,1157,278,55839,-1699,678885,34.0729788235
2017-07-31,48.413999939,11.2619998932,10.2199998856,83.6922409058,2976.44,74.3142857143,587.5,146.974098195,98.382276535,171.779953,399235,110664,323254,84753,2149971,-422066,423338,52.244,49.506,50.616,51.802,64.718,63.588,66.356,47.54,46.916,63.838,50.458,29.998,766,-7.208,8253,26,0,11,286,8253,10079,108,65,43,11,226,538,154,39,11,744,118,116,549,1826,702,5079,114,1460,827,243,1221,512,4377,7551,-2551,766,2,95.4,17766,18621,157,150,174,951,831,350,17408,1002,113,10295,1646,6870,5232,4832,287,6072,4,6076,10206,3336,1781,136,793,3336,389,1852,89,27.9,22.1,72.9,35.8,23.3,149414,227679,29134,102516,1326,22790,249,51172,132271,7198,9945,22834,20852,204844,1610,40361,49831,143449,22541,294845,44,44,33730,89724,-1527,481888,3553,1160772,1313557,1992441,9842,3635,934,278,55800,-39,678884,34.15394058
2017-08-07,49.5959999084,12.2040000916,12.7100002289,83.8616012573,3050,80.5242857143,605,157.60743715,95.07800294,218.65161895,424627,82279,365737,83375,2219691,-485135,486765,52.242,49.106,50.88,51.6425,63.68,64.5125,67.3475,47.7575,47.2775,63.2675,50.2325,28.982,765,-1.527,7762,38,202,56,563,7762,10368,41,41,0,56,249,1052,109,15,56,904,114,330,1108,2606,707,4890,150,1512,641,343,1083,454,4183,7055,-1577,765,-1,96.3,17861,18557,-57,93,180,938,318,102,17574,1012,150,10301,1742,6796,5305,4934,221,6007,3,6010,10082,3286,1804,62,786,3286,401,1838,219,27.4,22.7,62.7,34,23.7,147685,231103,27725,103391,1145,23527,278,52824,131295,7148,9242,23576,21347,207526,1785,40349,50167,145935,23250,294313,49,49,33905,87852,-6451,475437,4757,1154320,1308832,1987715,9797,4187,1324,363,56369,569,678883,34.2775159817
2017-08-14,49.0800003052,12.4699998856,13.1840000153,82.8253799438,3086.04,78.7771428571,588,185.6352539,180.8678665,177.16656875,464238,63635,365351,85242,2215548,-476742,480629,51.11,47.504,49.412,49.482,62.424,64.058,66.934,46.99,46.494,62.042,49.336,28.898,768,-6.451,8126,48,0,40,266,8126,10266,167,61,105,40,312,627,94,23,40,964,109,102,667,2140,877,5633,206,1766,737,245,1132,670,4756,7249,-2616,768,3,96.1,17840,18557,-51,20,126,948,593,498,17565,1059,107,10048,1687,6921,5287,5028,151,6092,5,6097,10207,3286,1772,85,824,3286,464,1862,-159,26.7,22,60.4,34.4,23.7,148387,231125,26119,104035,1786,22799,264,53625,131379,7211,9797,22846,21828,208279,1746,39383,48833,147370,22535,294652,47,47,33347,88401,-8945,466492,3010,1145375,1301666,1980549,9522,4012,983,401,57047,678,678883,34.2775159817
2017-08-21,51.6980010987,12.7140001297,12.0599998474,83.2188400269,3153.7,67.18,590,168.32074738,186.2556591,165.1902771,484971,66059,357455,83014,2311603,-473499,463473,52.11,47.744,50.346,50.694,63.138,65.084,67.64,47.226,46.82,62.722,50.432,28.358,763,-8.945,8790,28,110,10,311,8790,10662,132,37,95,10,96,545,190,33,10,689,111,195,555,1872,936,5339,175,1500,635,258,1142,693,4403,7854,-2531,763,-5,95.4,17708,18557,78,180,425,948,761,78,17461,1052,158,10566,1753,7040,5091,4718,215,6074,4,6077,10355,3315,1822,68,963,3315,451,1885,211,26.5,22.7,66.2,35,23.7,148415,229902,25263,103820,1617,24579,276,51276,130845,7323,10247,24625,21509,205278,1627,40190,48565,148635,24302,294724,46,46,34412,88180,-3327,463165,4060,1142048,1301666,1980549,9629,4073,947,236,56544,-503,678883,34.2970192188
2017-08-28,50.4780006409,13.2939998627,10.9920000076,83.9262405396,3213.575,67.0571428571,604.5,109.786224385,99.68543054,104.53481675,487729,69882,343734,90760,2236977,-455866,445448,51.976,46.698,49.96,50.7475,64.0375,66.3125,69.085,47.275,46.745,64.0775,51.2575,29.746,759,-3.327,7905,32,118,13,354,7905,10496,84,84,0,13,323,826,259,63,13,1111,139,159,839,2591,902,5411,162,1605,607,276,1122,737,4509,7003,-1918,759,-4,96.6,17924,18557,92,44,189,956,538,212,17725,1042,133,10602,1741,7014,5055,4688,234,6140,4,6144,10316,3303,1794,53,869,3303,441,1879,286,26,21.6,63.2,35.7,23.7,149163,229937,24438,101535,1938,24799,267,52202,131212,7574,10376,24850,21303,205087,1694,39348,49412,151956,24532,296857,51,51,35456,87748,-5392,457773,3951,1136653,1300534,1979414,9846,4274,1218,175,57233,689,678880,34.17625702
2017-09-04,53.4166653951,14.182500124,11.8824999332,85.3792495728,3226.46,106.101428571,627.5,160.42428585,99.36781694,205.0012512,486135,69584,316176,168873,2247058,-381180,365865,53.638,48.5975,51.986,51.35,67.766,67.618,70.684,49.242,48.74,66.744,53.226,29.7175,759,-5.392,7083,48,41,8,179,7083,8913,110,43,68,8,199,467,46,38,8,938,121,140,475,1830,153,2180,54,475,191,250,738,319,2027,6930,-197,759,0,79.7,14782,18557,242,37,142,923,980,558,14472,1060,131,9517,1512,6387,4492,4195,166,6029,4,6033,9486,3099,1589,78,354,3099,348,1497,31,27.5,21.9,81.6,36.3,23.8,147767,226738,23289,100476,1681,25102,262,51897,129437,7483,10847,25151,21116,201587,1673,39134,47533,156348,24840,298768,49,49,34643,86435,4580,462353,3348,1140953,1306989,1985589,9163,4245,602,354,58030,797,678600,34.0925262603
2017-09-11,51.2520004272,12.213999939,10.4839998245,84.987840271,3140.68,83.5857142857,635.5,122.5991325,73.311761855,147.2637939,486018,72281,326621,156636,2326586,-388729,382113,54.872,49.076,52.878,52.544,67.868,67.44,70.642,50.218,49.612,66.82,54.028,26.936,756,4.58,6480,76,40,61,240,6480,8433,136,118,18,61,138,494,115,17,61,704,122,284,556,1953,774,3735,82,1395,180,265,511,528,2961,5706,-1008,756,-3,77.7,14435,18569,31,81,286,901,1208,810,14078,1047,103,9888,1557,6514,3973,3725,144,5902,4,5906,9540,3026,1607,49,608,3026,398,1594,348,29.4,23.7,79.4,35.9,22.8,144552,218310,23749,99166,1545,23707,255,49895,125864,7806,10882,23763,21132,194547,1643,40368,43941,157698,23452,301335,56,56,36042,87192,5888,468241,4363,1145248,1308786,1985793,9619,3148,1202,217,59053,1023,677007,34.1485575027
2017-09-18,49.600000763,12.3679998398,9.87399997711,85.031161499,3142.82,70.43,640.333333333,133.393170633,100.235605887,182.110219333,499969,69270,309541,151650,2345125,-379315,374480,56.04,50.202,54.3,54.362,68.476,67.258,70.156,51.456,50.8,68.442,55.228,26.594,749,5.888,7368,27,133,49,387,7368,9422,85,62,23,49,91,637,173,29,49,899,134,76,687,2054,928,5417,27,1408,1065,268,1177,544,4489,6440,-2435,749,-7,83.2,15446,18569,-280,114,121,898,699,744,15172,1033,128,9793,1645,6470,4543,4275,140,5674,4,5678,9679,3209,1672,28,792,3209,489,1716,114,30.8,23.4,78.1,34.1,22.7,138859,216185,22518,99928,1524,22710,243,50496,121468,7137,10255,22760,21138,193425,1586,40374,41477,155100,22467,298351,50,50,37060,88058,4591,472832,3461,1148229,1302423,1977820,9441,3787,954,152,59756,703,675397,34.208732798
2017-09-25,51.7140007019,12.7200000763,9.86200008391,84.8089599609,3122.22,78.5528571429,619.5,102.75815962,110.412812695,138.5417061,533414,68434,336970,128678,2377488,-419937,418074,58.062,51.894,55.474,56.344,69.81,68.056,70.672,51.844,51.482,70.27,57.126,27.206,744,4.591,7427,89,84,6,555,7427,10342,84,79,5,6,306,1034,292,31,6,1266,116,116,1041,2915,1491,6085,83,1523,1018,327,1093,550,4594,5936,-1679,744,-5,88.6,16443,18569,-381,161,93,917,514,641,16174,996,106,9855,1670,6460,4639,4303,230,5790,5,5795,9719,3259,1711,40,665,3259,430,1719,136,31.5,24.7,77,34.2,23,138045,217292,21890,104682,930,21238,240,48478,119764,7163,11118,21286,20740,196006,1614,41303,41916,153197,20998,297521,48,48,36257,89697,-1846,470986,4324,1145587,1297413,1972014,9522,4550,1154,334,60937,1181,674601,34.2866318837
2017-10-02,54.8220001221,11.4879999161,9.4859998703,83.9824386597,3180.96,61.1328571429,782,120.93052672,98.30838392,147.406291975,577738,69093,358810,107022,2411223,-459325,454108,56.108,50.212,54.63,54.774,68.012,66.084,68.972,50.944,50.478,67.61,55.776,27.35,750,-1.846,7214,29,254,129,295,7214,9774,72,31,41,129,155,733,277,41,129,1068,111,170,862,2560,1984,7023,121,1675,998,239,1366,640,5039,5230,-2479,750,6,88.1,16358,18569,-57,99,323,930,703,339,16029,1010,128,9853,1545,6843,4929,4605,196,5900,4,5904,10170,3327,1618,73,940,3327,491,1795,-317,30.3,26.5,69.5,33.7,23.2,135439,218936,21233,104368,320,21943,240,48888,117258,6910,11272,21995,21545,196940,1657,43397,43364,151906,21704,295538,52,52,36594,89582,-6023,464963,2370,1138612,1291108,1964757,9241,3653,990,374,62462,1525,673649,34.2709069662
2017-10-09,52.3124990463,11.9780000686,9.95599994659,84.9364807129,3244.54,58.0857142857,809,82.14889526,65.637971875,92.02505493,570577,66314,360723,111400,2471226,-452216,444316,56.552,50.77,54.598,54.832,67.646,66.268,69.138,50.798,50.256,66.902,56.226,26.374,748,-6.023,7617,28,138,59,481,7617,9801,85,62,23,59,153,800,89,59,59,921,129,100,860,2184,1270,5945,38,1438,886,292,1612,409,4675,6347,-2491,748,-2,89.2,16562,18569,-71,75,154,937,550,392,16258,967,121,9741,1639,6758,4964,4635,208,5967,4,5971,10071,3313,1697,58,788,3313,434,1820,-330,29.1,25.1,76.1,34.2,23.5,133959,221426,21488,102239,1513,21328,206,50834,115592,6970,11398,21374,21523,200052,1613,43089,45466,151602,21122,295803,46,46,35800,89296,-2747,462216,4726,1134665,1289708,1962157,9480,3509,892,355,63784,1322,672449,34.3951050455
2017-10-16,51.1975002289,11.8159999847,10.0620000839,85.4902191162,3280.72,80.0385714286,803.5,90.13944244,72.104919435,115.382572175,557081,68927,362982,124425,2437479,-420170,417061,57.766,51.71,55.7375,55.73,68.6475,67.9375,70.6475,52.1125,51.5175,68.3075,57.5925,25.882,743,-2.747,7483,36,125,90,252,7483,9716,107,107,0,90,187,600,72,32,90,956,146,262,690,2233,1798,6846,166,1586,982,339,1339,636,5048,5685,-2815,743,-5,84.5,15697,18569,56,51,260,922,658,291,15439,1019,37,10031,1471,6670,4784,4521,226,5858,4,5862,9938,3269,1523,53,807,3269,431,1758,93,28.6,24.9,76.9,36.2,23.8,134487,222334,20781,99004,1292,23767,212,50515,115949,6903,11635,23816,21480,198518,1680,41602,47706,152352,23556,294299,49,49,34560,87734,-5731,456485,3020,1128176,1281177,1952868,9136,3421,917,531,63986,202,671691,34.5971285564
2017-10-23,55.8839988708,11.7079998016,10.9119998932,85.8646987915,3286.42,85.6528571429,795,102.497962965,57.874925615,132.0481262,558131,63992,365723,146646,2440472,-431518,429525,58.776,52.618,56.108,56.064,69.16,68.214,70.732,52.714,52.024,69.198,59.198,25.304,736,-5.731,8123,37,0,36,68,8123,9819,133,126,7,36,93,198,326,40,36,771,115,119,233,1696,1924,7663,106,1969,905,277,1576,906,5739,6199,-4043,736,-7,87.8,16306,18569,55,65,210,925,824,495,16025,1039,85,9936,1447,6744,4795,4441,269,5891,4,5895,10031,3287,1520,73,848,3287,417,1793,-95,28.7,24.1,76,33.9,23.3,129241,216869,19376,96610,1216,22042,201,49461,110715,7169,11356,22083,21034,194786,1678,40770,47500,153406,21841,296840,41,41,32143,90680,856,457341,4269,1128718,1269180,1940557,9314,2955,1144,604,63749,-237,671377,34.6713192419
2017-10-30,49.4680000305,11.3899999618,9.9900001526,86.4888397217,3279.9,79.2671428571,780,77.44732666,68.1471176133,74.48076884,566493,59756,375397,140519,2371940,-449589,446827,61.09,54.602,58.754,58.512,71.01,70.958,73.628,55.424,54.86,71.506,62.142,25.352,737,0.856,7571,30,43,12,247,7571,9629,137,96,41,12,208,528,248,46,12,863,115,155,540,2058,2133,7678,121,1604,1014,354,1685,767,5545,5438,-3487,737,1,88.1,16350,18569,-20,29,284,930,947,654,16015,1056,118,10187,1432,6897,5036,4719,199,5903,4,5907,10175,3278,1558,125,990,3278,432,1782,12,28.5,23.8,81.8,34.9,22.8,128921,212849,18514,94937,893,21833,212,48946,110560,7537,10823,21882,21474,190966,1707,41167,46190,153922,21622,295537,49,49,32861,89748,-2435,454906,3356,1125493,1263539,1934126,9461,3651,757,130,63839,90,670587,34.812211135
2017-11-06,45.1000007629,11.329999733,10.1719999313,87.6149795532,3250.7,87.7857142857,839.5,110.564106,93.84448624,128.49584195,586740,56503,387488,106244,2509878,-502874,502949,63.78,57.054,61.688,61.432,72.806,74.014,76.812,57.75,57.362,74.46,65.064,28.272,729,-2.435,7377,20,40,6,211,7377,9550,86,86,0,6,128,399,213,37,6,1196,136,102,405,2173,869,5854,163,1819,832,260,1279,632,4985,6508,-2812,729,-8,89.6,16645,18569,309,66,134,918,968,459,16305,1057,132,10167,1535,7054,5199,4784,283,5857,4,5861,10306,3253,1627,93,1192,3253,461,1854,-139,28.7,23,72,32.2,22.4,125562,209537,18832,91670,518,22147,201,50910,108099,7169,10294,22198,21345,187339,1755,40063,44241,152523,21947,293496,51,51,32663,88693,2237,457143,2930,1127049,1254436,1924342,9496,3832,1329,331,64559,720,669906,34.7393819588
2017-11-13,47.7980003357,11.3059999466,11.8820001602,86.3587799072,3210.84,93.6742857143,837.5,80.465593315,60.809099195,120.06399535,598468,55399,400792,82986,2601977,-551407,545206,62.264,55.896,60.574,60.488,72.704,72.772,75.232,56.532,56.082,73.768,64.436,29.104,738,2.237,7898,33,0,13,162,7898,9981,161,59,102,13,141,336,309,32,13,909,149,207,349,2083,1129,6142,79,1480,877,256,1477,844,5013,6769,-2930,738,9,91,16893,18573,-214,-3,181,918,302,338,16639,1054,129,9852,1522,6845,5231,4897,205,5845,5,5850,10095,3250,1610,88,995,3250,383,1890,-243,28.3,22.7,60.6,30.9,22.5,124763,210431,18098,93906,691,21100,234,50221,107537,7395,9831,21143,21497,189288,1736,40388,44470,151666,20865,294560,43,43,34450,89605,1854,458997,3956,1128197,1257144,1926344,9172,3160,1529,79,63055,-1504,669200,34.681322564
2017-11-20,47.3074998856,10.8375000954,9.98249983787,86.6765003204,3254.38,83.2242857143,715,104.85898017,75.847274305,132.300421712,597749,60192,413359,63647,2627570,-614084,596466,63.104,57.4725,61.006,61.054,74.476,73.134,75.658,56.546,56.128,74.866,64.336,26.8825,738,1.854,7873,30,41,40,237,7873,9795,190,183,6,40,164,474,162,26,40,701,146,210,514,1922,1591,7012,104,1753,1038,314,1430,782,5421,6282,-3499,738,0,91.3,16962,18573,-200,51,172,920,475,452,16838,1074,132,10432,1604,7118,5335,4974,229,5815,5,5820,10409,3291,1694,91,1298,3291,382,1873,23,27.8,23.9,60.1,31.1,22.3,125032,210475,18391,92669,371,21760,233,51217,108040,7220,9771,21810,21897,188665,1695,41240,44408,150965,21527,296088,50,50,34133,91297,-1855,457142,6884,1124617,1257120,1924595,9595,2565,1116,323,61228,-1827,667475,34.737231889
2017-11-27,46.5520004272,11.1120002747,10.6619998932,86.4498794556,3209.5,101.641428571,812,105.7448082,31.491307255,152.7485962,583911,57671,409864,66024,2512147,-583798,577078,63.572,57.832,61.068,61.292,74.024,73.502,76,56.376,55.814,74.488,64.816,26.838,747,-1.855,7329,36,40,8,352,7329,9100,120,40,80,8,88,518,82,21,8,600,231,212,526,1771,1412,7328,195,1935,1127,316,1130,1213,5916,5917,-4145,747,9,92.6,17191,18573,-165,159,41,922,357,323,17003,1066,121,10222,1565,7165,5284,4946,217,5834,5,5839,10402,3238,1633,68,1325,3238,396,1923,-180,27.2,24.4,55.7,31.1,23.2,127779,214102,18132,93101,235,23818,239,51591,110472,6948,10359,23862,22044,190241,1720,41281,45313,147476,23579,287856,44,44,32204,86503,-3429,453713,5204,1118824,1249581,1914692,8724,3870,1100,568,58314,-2914,665111,34.6998299734
2017-12-04,48.8100006104,12.0039999008,10.7540000916,84.5389602661,3124.76,82.2642857143,769.5,111.164436325,110.93984985,112.99584962,590383,52404,436630,40146,2489012,-621796,609833,62.426,57.02,60.324,60.178,73.476,72.376,74.71,55.074,54.532,73.674,63.968,23.384,749,-3.429,7202,29,0,9,232,7202,9170,145,117,28,9,218,479,157,40,9,829,182,132,488,1968,1358,6399,121,1541,681,232,1572,894,5041,5844,-3073,749,2,93.8,17428,18573,-721,-12,72,885,-288,373,17195,1108,161,9758,1661,6762,5402,5005,236,5598,4,5603,9895,3133,1766,105,1159,3133,421,1973,-137,26.5,23.4,57.1,33,24.3,129446,220882,18717,96707,541,23660,251,52101,113004,6869,9573,23706,22544,197176,1562,40267,47827,142093,23409,282772,46,46,31126,86090,-5610,448103,4619,1110766,1247038,1909701,8895,3608,1289,475,55561,-2753,662663,34.7531435372
2017-12-11,45.9239997864,10.8600000381,9.87000007629,83.801020813,3167.28,82.0514285714,790.5,94.330078125,100.50144195,100.744529745,595337,61103,439751,47320,2554224,-623260,611128,63.402,57.214,61.244,61.24,75.104,73.544,75.634,55.838,55.216,75.142,65.146,22.708,751,-5.61,7363,64,0,32,257,7363,9623,149,116,33,32,130,451,69,45,32,1087,213,259,483,2260,1086,5632,116,1517,706,264,1212,731,4546,6277,-2286,751,2,93.4,17279,18503,-584,27,149,916,89,496,16952,1089,120,10129,1622,7037,5247,4933,193,5807,4,5810,10316,3279,1729,106,1227,3279,324,1909,-187,26.1,24.4,59.2,31.9,25,128076,226546,18547,97783,584,26033,168,54902,111393,7249,9434,26082,22374,200464,1619,40855,47195,141848,25866,280035,49,49,31515,85858,-5117,442986,4557,1105897,1244574,1907485,9091,3752,1375,263,52244,-3317,662911,35.028144759
2017-12-18,49.5239997864,9.93800010681,9.75999984742,85.0258804321,3289.44,98.97,698.666666667,80.55670166,50.3802324933,99.8388036133,603806,59755,435764,44890,2571686,-629330,614497,64.384,57.908,61.764,61.9,75.66,73.05,74.964,56.818,56.178,75.6,64.652,18.778,747,-5.117,7834,31,0,9,215,7834,10315,380,278,102,9,232,478,315,50,9,894,140,265,487,2481,1858,7553,60,1818,1202,261,1550,804,5695,5976,-3214,747,-4,94.1,17404,18503,-394,53,389,914,290,242,17063,1077,106,10065,1613,6934,5206,4890,210,5793,5,5798,10184,3250,1707,94,1136,3250,458,1911,-119,25.6,22.2,53.9,32.4,25.2,128845,227783,19325,97734,464,24935,171,55191,111868,6790,10187,24988,22320,202796,1849,39834,49406,136093,24764,275462,53,53,30815,85829,-6495,436491,4387,1099785,1230309,1893603,9426,3765,1339,562,52998,754,663294,35.197074692
2017-12-25,47.3349990845,10.8224999904,10.4850001335,87.4179992676,3415.36666667,99.4942857143,513,109.757190705,147.98285295,70.717136385,596722,58677,430450,46622,2456059,-619991,601839,66.7625,59.9675,63.6825,64.0425,77.935,74.2,76.2025,57.9525,57.57,78.28,66.9375,20.915,747,-6.495,7993,25,46,9,190,7993,10157,239,218,21,9,117,379,132,32,9,1043,174,187,388,2164,1210,6797,169,2015,920,388,1233,862,5587,6783,-3423,747,0,95.7,17715,18503,-244,16,173,946,295,350,17398,1090,151,10246,1746,7034,5476,5090,235,6012,4,6016,10399,3365,1850,104,1018,3365,425,1892,-153,25.2,21.4,47.5,31.8,24.8,129935,228374,19731,98693,394,24294,181,54868,113130,7164,9642,24346,22031,204029,1758,39875,50074,133511,24112,271954,52,52,31418,84385,-4609,431882,3396,1095274,1221401,1884793,9485,3485,1550,138,51414,-1584,663392,35.1843772943
2018-01-01,47.5549993515,11.6450002193,9.34000015259,88.3756504059,3391.175,134.677142857,574,117.261433913,80.07973607,150.12152355,622607,61323,453470,41498,2460193,-644269,632161,67.525,61.3625,64.8,65.025,79.2425,74.45,76.285,58.145,58.0025,79.445,66.9225,22.475,747,-4.609,7966,19,40,13,64,7966,9843,129,73,56,13,213,336,289,29,13,779,192,139,349,1877,1475,5945,54,1790,534,277,862,953,4470,6491,-2593,747,0,96.7,17883,18503,-685,26,-113,855,-455,317,17608,1032,145,9682,1697,6519,5592,5201,246,5450,4,5454,9555,3036,1774,76,1066,3036,396,1939,127,24.6,21.9,44.1,34.2,25.4,138834,233187,20815,100749,456,24950,189,55155,121590,7470,9774,24987,22619,208201,1769,40649,51841,127678,24760,267158,37,37,30385,84124,-7419,424463,5650,1088211,1222737,1886485,8650,3713,1667,406,48973,-2441,663748,35.2862465152
2018-01-08,47.6319999695,11.0699998856,9.89200000762,88.218321228,3367.2,127.395714286,760.5,122.327445965,90.11562347,156.713298815,626515,61056,436115,39734,2479798,-648114,624213,68.986,63.272,65.986,66.082,79.826,76.238,78.022,58.512,58.048,80.224,66.64,23.084,742,-7.419,7658,41,0,6,77,7658,9592,175,109,66,6,141,258,134,22,6,1013,190,158,264,1934,1015,6145,188,1657,1034,244,1203,804,5130,6643,-3196,742,-5,95.3,17629,18505,-778,52,-127,795,-757,96,17323,996,153,9525,1663,6375,5291,4932,206,5160,3,5163,9126,2750,1740,77,1212,2750,451,1837,399,24.2,22.4,36.8,36.9,26.1,143088,237322,22267,102837,390,24331,264,55617,126815,7268,9005,24375,22719,212948,1840,41353,54104,121403,24067,262976,44,44,31092,84951,-4948,419515,3603,1083262,1217289,1881036,8814,4428,1881,264,46578,-2395,663747,35.5633060021
2018-01-15,46.7800000509,11.8875002861,11.7650001049,88.6209259033,3378.38,116.775714286,772,80.43158723,75.46207239,74.21636963,641958,67806,473103,35333,2545313,-674098,657590,69.342,63.755,66.552,67.63,80.71,76.83,78.812,58.784,58.286,81.104,66.524,24.1725,752,-4.948,7950,11,40,13,247,7950,9535,147,77,70,13,84,383,77,48,13,649,162,154,396,1585,1249,6356,56,1836,937,290,1040,948,5107,6701,-3522,752,10,93,17209,18505,-426,22,-67,856,-137,333,16875,1061,116,9710,1648,6592,5076,4709,251,5525,4,5529,9578,2986,1781,134,1063,2986,429,1793,132,23.9,23.1,33.5,34.1,27.1,139201,240942,23092,105412,373,25082,255,56997,123695,6417,9089,25124,22743,215818,1726,41138,53036,116066,24827,259208,42,42,32056,85676,-6861,412654,4187,1076872,1203488,1867706,8668,3871,1543,155,42394,-4184,664218,35.6308081702
2018-01-22,53.6540000916,12.5559999466,11.2520000458,89.9377197266,3409.84,97.3342857143,762,97.42055129,83.832340245,121.10307693,637252,66457,517824,35526,2611581,-731714,707787,70.092,65.044,66.964,68.162,82.038,77.796,79.896,59.594,58.944,81.95,65.726,22.588,747,-6.861,8041,32,0,8,281,8041,10290,251,202,36,8,254,567,97,27,8,871,186,270,575,2249,1411,6213,207,1578,722,328,1140,827,4802,6630,-2553,747,-5,90.9,16820,18505,-716,83,76,826,-218,338,16483,1062,119,9358,1618,6178,4827,4470,238,5181,4,5185,9223,3046,1700,81,993,3046,439,1732,135,24.1,23.5,29.8,35.3,28,139840,244040,23848,108230,438,23973,249,57133,123161,6087,10592,24019,23800,220021,1504,40851,54219,113432,23724,256494,46,46,32413,84930,-1071,411583,4941,1076037,1200376,1864830,8697,4362,1795,330,39244,-3150,664454,35.6051012734
2018-01-29,57.7240005493,13.101999855,14.5899999619,89.9394607544,3422.5,75.0857142857,812.666666667,59.7365938833,46.9497877767,73.40554554,643426,58719,532919,36808,2593128,-738974,716695,69.152,65.208,66.568,67.428,82.36,78.586,81.42,59.662,59.028,82.822,64.772,22.78,759,-1.071,8430,20,0,11,321,8430,11245,584,542,42,11,158,499,197,36,11,1093,301,131,509,2815,1765,6649,87,2142,694,342,1004,615,4884,6665,-2069,759,12,88.1,16305,18505,-353,77,119,858,414,572,16013,1040,121,9567,1546,6284,4613,4248,245,5421,4,5425,9369,3086,1621,75,859,3086,448,1790,198,25.1,24.9,29.5,33,27.5,137900,242060,24805,106729,547,23395,247,56775,121328,6002,10571,23449,23045,218611,1618,41614,54560,108275,23148,255359,54,54,33679,87748,6776,418359,5305,1083045,1202142,1866828,9044,4280,1573,56,37020,-2224,664686,35.5382255465
2018-02-05,64.7766660054,14.3100002289,31.5099994659,87.2963394165,3349.26,107.412857143,793,64.41820526,45.356157305,79.88896179,620699,42501,535102,39127,2643683,-764797,734558,65.518,61.936,63.35,63.94,78.45,75.278,78.138,57.176,56.544,80.434,61.192,27.728,765,6.776,7892,13,41,6,389,7892,10163,313,262,51,6,298,740,127,36,6,719,209,157,746,2271,1287,5722,97,1432,696,278,1103,829,4435,6605,-2164,765,6,92.5,17128,18513,-356,64,40,868,104,356,16797,1057,127,10085,1630,6656,5129,4677,325,5504,4,5508,9782,3126,1697,67,1148,3126,480,1905,303,25.4,25.6,26.6,33.7,27.6,141826,245474,24485,106154,292,24463,295,58299,123090,6891,11845,24511,23489,220963,1641,42617,56217,105810,24168,253031,48,48,33840,87677,1895,420254,4809,1085402,1206493,1871641,9110,4028,2013,336,36309,-711,665148,35.6078475851
2018-02-12,67.6119995117,14.4799999237,21.6859996796,87.5102798462,3396.02,89.8242857143,726.5,63.268817905,58.514310835,63.595838545,615311,40322,512946,40154,2589270,-761424,739097,63.768,60.42,60.3,60.6425,74.255,71.38,74.24,55.4525,54.5775,76.5175,59.105,28.416,791,1.895,7888,22,114,59,226,7888,9834,236,218,18,59,217,579,102,41,59,511,243,215,638,1946,1322,6274,81,1837,1065,299,1031,639,4952,6566,-3006,791,26,89.8,16632,18513,-322,69,79,882,321,495,16162,1016,133,9592,1592,6648,4811,4364,313,5599,4,5603,9813,3165,1673,80,1045,3165,176,1891,-221,25.8,27.1,24.4,35,27.7,141367,249073,24708,108698,353,24126,298,60147,122531,6703,12134,24182,22885,224891,1649,43415,55693,103347,23828,251138,56,56,31182,88160,1841,422095,2737,1087663,1203593,1869161,9059,3551,1572,472,32667,-3642,665568,35.7362959857
2018-02-19,61.7903499603,13.3375000954,18.957499981,88.4093513489,3416.82,72.06,782.5,83.15415573,89.41888807,74.06404114,579551,36616,486927,36286,2530604,-735913,712261,66.008,62.475,61.898,62.41,76.374,72.758,75.564,56.526,55.564,79.23,60.512,25.965,798,1.841,7021,15,0,57,177,7021,8937,243,199,44,57,102,293,77,53,57,795,190,262,350,1916,2044,6752,77,1762,779,318,854,918,4708,4977,-2792,798,7,88.1,16312,18513,-353,-30,434,885,422,370,15833,1068,109,10107,1573,6833,4489,4120,260,5588,5,5593,10016,3183,1703,130,1240,3183,443,1876,91,26,26.3,23.4,33.6,27.5,138945,249334,25090,106091,363,25837,311,60233,119711,6597,12637,25891,22753,223443,1821,43029,56756,100530,25526,249959,54,54,31284,89389,-1616,420479,4328,1085351,1195623,1860495,9002,3447,1658,372,30003,-2664,664872,35.6807040879
2018-02-26,63.9175392151,11.886000061,19.2600000382,88.4244781494,3353.1,58.5928571429,741.333333333,103.539311717,66.1316210567,124.163581837,565549,42254,474011,29641,2431805,-716088,689366,65.622,62.16,62.568,62.934,77.298,74.23,76.848,56.678,55.482,81.7,61.934,25.94,799,-1.616,7282,25,0,9,143,7282,9105,207,179,13,9,269,437,59,15,9,817,134,160,446,1823,1445,5669,94,1489,961,252,892,536,4224,5837,-2401,799,1,87.8,16251,18513,-311,3,146,876,223,385,15882,1044,129,9391,1583,6448,4469,4171,168,5564,4,5568,9581,3133,1663,79,880,3133,434,1824,-190,26.2,26.3,25,34.5,28,137985,251817,26340,107483,398,25871,290,61731,119672,6197,12116,25921,22979,225896,1685,43068,56284,98475,25581,248486,50,50,32056,89001,3019,423498,5368,1088779,1199259,1864540,8860,4186,1064,232,28785,-1218,665281,35.6853740256
2018-03-05,62.4213394165,11.8199998856,17.2060003281,88.2576583862,3301.34,113.932857143,800,94.82980726,53.08982086,123.13610835,585416,41044,495303,29478,2460214,-729989,704104,64.954,61.696,61.21,61.802,75.634,72.742,75.422,55.944,54.86,78.304,61.356,26.236,800,3.019,8003,7,42,6,353,8003,10587,265,221,1,6,200,602,274,51,6,1029,201,207,608,2584,1498,6403,199,1967,668,296,1015,760,4905,6505,-2321,800,1,88,16283,18513,-256,131,137,894,595,583,15935,1057,105,9923,1674,6772,4596,4311,180,5657,4,5662,9983,3212,1724,51,1110,3212,436,1857,-60,26.7,25.1,25.6,34,27.7,137426,251029,27008,109692,245,25119,316,61363,119630,6045,11751,25169,23144,225859,1639,42690,54559,96943,24804,248608,50,50,32687,90177,2408,425906,3210,1091364,1199334,1864792,9276,3536,1608,257,28180,-605,665458,35.7742537063
2018-03-12,57.5858009339,10.4799999237,16.35,87.5793792725,3287.4,87.4771428571,845.5,146.45965955,50.991615295,210.64827725,587077,47293,479887,33864,2451492,-714548,686507,65.162,61.312,61.476,62.052,76.354,72.476,75.326,56.566,55.232,76.748,61.574,24.866,796,2.408,7585,15,76,11,332,7585,9582,223,192,31,11,169,593,99,26,11,707,143,221,604,1997,1487,6649,133,1613,809,330,1492,785,5162,6098,-3165,796,-4,90,16687,18550,89,124,62,910,934,659,16367,1025,26,10280,1699,6862,4478,4230,223,5818,4,5823,10097,3235,1767,67,1040,3235,462,1890,183,26.9,23.3,24.1,33.5,26.6,133066,244758,26942,107215,382,24174,263,62501,116990,5605,10470,24215,24281,220543,1648,41582,50444,96709,23911,251201,41,41,33416,91812,5022,430928,4604,1096386,1194701,1860159,9642,3769,1563,249,28518,338,665458,35.9021005808
2018-03-19,57.1388801575,11.5219999313,20.6580005646,87.0402008057,3228.02,64.0514285714,733,109.449825295,66.946926115,137.153652175,581340,40962,462561,36643,2403162,-697364,668533,68.46,64.162,64.024,64.666,79.032,75.326,78.496,57.618,56.13,79.294,63.804,26.112,800,5.022,7077,15,45,123,249,7077,8934,122,93,7,123,131,441,51,39,123,732,149,239,564,1857,1573,6566,359,1718,1041,192,997,686,4993,5504,-3136,800,4,91.7,17008,18550,-230,-13,370,916,677,550,16777,1049,64,9932,1685,6663,4503,4115,324,5824,5,5829,9932,3269,1745,60,834,3269,406,1840,0,26.4,23.8,24.8,33.6,26.2,131044,243065,27396,106886,309,24492,265,60862,114926,5288,10830,24533,23758,218532,1560,40976,50475,97620,24228,254450,41,41,32746,93926,-2622,428306,3378,1093764,1188077,1853535,9324,4120,1196,549,29423,905,665458,35.930945597
2018-03-26,56.9271001816,11.9925000668,21.5925002098,87.1865520477,3195.925,54.12,685.666666667,105.401173893,77.7805875033,131.748703023,614812,47718,486297,27688,2392391,-723876,703708,70.0075,65.03,65.5925,65.7375,81.615,77.605,80.5625,58.55,56.9775,81.895,66.155,26.7075,804,-2.622,8148,9,87,8,422,8148,10314,150,129,21,8,159,677,147,31,8,732,172,280,685,2166,1578,6491,194,1544,886,272,918,1099,4913,6570,-2747,804,4,92.3,17129,18550,170,64,235,900,925,456,16795,1039,70,10305,1796,6735,4844,4512,262,5741,5,5745,9919,3184,1881,85,990,3184,333,1875,386,26.1,23.2,23,32.1,25.6,128954,239593,27885,102780,700,24529,263,62175,114420,4230,10304,24577,22790,215016,1519,41131,49361,97742,24266,257264,48,48,34236,96308,1643,429949,3753,1095407,1186589,1852047,9208,4068,1312,128,31227,1804,665458,36.0055686524
2018-04-02,55.9654396057,12.0319999695,21.0420001984,86.9153808594,3214.925,106.731428571,741,103.11145405,112.32613755,102.032958985,658060,42400,498539,30524,2513575,-738031,715770,67.844,63.098,65.48,65.598,81.012,76.396,79.322,58.61,56.56,82.098,65.168,25.992,798,1.643,7898,15,52,9,378,7898,10604,99,62,37,9,307,752,138,37,9,1123,172,413,761,2706,2175,6919,264,1478,575,310,1151,966,4744,5723,-2038,798,-6,93,17259,18550,-350,95,475,903,748,528,16936,1038,42,10115,1707,6714,5016,4692,282,5747,4,5751,9925,3211,1787,80,962,3211,395,1855,190,25.4,22.8,24.7,32.3,25.5,129491,238477,28521,104509,1082,24216,266,60118,114518,4354,10618,24259,22425,214218,1497,40108,48509,98727,23950,258070,43,43,35429,95653,-4617,425332,5509,1090788,1182747,1848203,9203,4632,1346,328,34893,3666,665456,35.8888843347
2018-04-09,51.4142204285,13.1539999008,19.6759998322,88.8868209839,3319.84,128.375714286,803,165.4493713,164.06449891,162.5643234,642790,30855,461828,37572,2547337,-724564,699545,71.27,66.042,67.292,67.308,82.848,77.476,80.78,60.38,58.452,84.398,65.922,28.072,808,-4.617,8650,25,51,20,389,8650,10554,125,105,20,20,170,635,32,61,20,862,162,68,655,1904,1205,6229,219,1769,593,294,1360,789,5024,7445,-3120,808,10,93.5,17355,18567,-171,147,337,904,551,238,17019,1034,59,10150,1707,6824,5256,4900,296,5787,4,5791,9987,3163,1765,57,1033,3163,343,1867,163,25.4,23.8,24.7,31.4,25.8,128447,238935,29795,103130,948,24971,274,60234,112959,4528,10960,25014,21846,213921,1408,40002,49609,103250,24697,263301,43,43,34548,95752,3306,428638,4049,1094094,1188756,1854212,9273,3037,1490,243,36022,1129,665456,36.0912564438
2018-04-16,50.377760315,12.9960000992,16.0499998093,89.6651596069,3435.6,55.15,809.5,124.71861648,45.38098812,176.625480625,665130,32676,453890,36240,2480033,-727676,707080,72.864,67.576,69.278,69.326,84.498,78.454,81.546,61.802,59.9,85.992,67.02,28.898,815,3.306,7930,16,61,36,510,7930,9770,103,82,22,36,82,669,154,15,36,563,125,191,705,1840,1749,6725,208,1722,887,227,1285,647,4976,6181,-3136,815,7,92.4,17151,18567,-337,124,527,917,727,413,16949,1009,75,10204,1680,6859,5094,4790,229,5834,5,5839,10113,3254,1754,73,1020,3254,408,1822,91,25.3,22.2,25.7,29.9,25.1,125340,235967,31222,102937,769,23114,277,59453,109972,4668,10700,23168,21344,212799,1305,39110,49640,103067,22838,262391,54,54,33380,93912,-1071,427567,1765,1093023,1178359,1843815,9857,3801,1029,539,34907,-1115,665456,36.0416134624
2018-04-23,53.0789207458,11.7639999389,16.7700000763,89.2613388062,3343.04,61.1085714286,774,121.18725965,55.746650695,166.3022385,652258,32376,475518,33110,2596578,-743993,728131,74.39,68.136,70.68,70.678,86.048,80.828,83.72,62.81,61.23,87.734,68.806,27.746,820,-1.071,8469,104,272,7,400,8469,10520,123,121,2,7,113,889,60,16,7,664,126,183,896,2051,2331,8332,253,1839,1071,323,1724,791,6001,6138,-3950,820,5,90.8,16867,18567,-196,42,449,911,657,361,16621,985,70,9886,1692,6703,4977,4676,231,5788,4,5793,9947,3243,1771,80,911,3243,484,1806,-61,25.5,23.2,27.6,30.3,25.3,122729,236807,30993,105012,1208,23257,277,59029,107620,5162,9946,23304,21701,213503,1282,39282,48254,105551,22980,263422,47,47,32973,92921,2170,429737,3673,1094455,1179589,1844307,9083,3329,907,402,35366,459,664718,35.9213960906
2018-04-30,50.155550003,11.4239999771,15.6120000839,89.6231216431,3304.8,96.8128571429,779.5,147.182312,48.31899452,207.7733612,644839,32353,468606,35488,2574820,-738343,712423,74.03,68.38,70.3275,70.42,85.6725,80.49,82.945,63.9225,62.1175,86.7475,69.805,27.306,825,2.17,8549,63,46,10,578,8549,10779,76,69,7,10,225,913,205,41,10,838,127,61,923,2230,2148,7158,177,1555,864,370,1143,901,5010,6401,-2780,825,5,91.1,16912,18567,-240,225,477,923,747,284,16561,1032,64,10045,1775,6800,4995,4752,179,5884,6,5890,10056,3256,1812,38,910,3256,460,1843,-11,26,23.6,30.3,28.4,25.5,118829,237978,31989,103742,1688,23708,287,59346,104702,4652,9476,23750,22142,214228,1312,39753,49452,106423,23421,263810,42,42,32888,91620,6218,435955,5167,1100221,1184955,1849221,9090,3641,1011,163,35782,416,664266,35.9300953
2018-05-07,48.2151397705,11.3340000153,13.751999855,90.019519043,3335.25,85.3842857143,758.5,144.4996567,63.822330475,197.0338974,628595,37138,453111,35064,2621768,-719906,690727,76.564,70.598,73.612,73.668,88.7,83.404,85.61,66.398,65.086,89.118,73.694,26.936,834,6.218,7323,7,84,101,349,7323,9855,128,70,58,101,262,702,74,38,101,1020,138,369,803,2532,1877,6692,182,1606,707,383,1356,581,4815,5446,-2283,834,9,90.4,16792,18567,-220,164,503,923,648,201,16486,1040,93,9974,1713,6699,4993,4732,168,5912,5,5917,9926,3227,1800,87,781,3227,427,1875,48,26,24.3,36.2,27.2,25,115038,235804,31942,105547,1048,21750,230,57647,101923,3847,9268,21785,21964,214019,1265,40750,49777,107565,21520,267272,35,35,32921,93462,-2197,433758,3930,1097315,1183243,1846800,9775,3531,1001,408,37170,1388,663557,35.8895336356
2018-05-14,52.7167198181,11.5159999847,13.5660001755,90.2787597656,3337.94,85.5914285714,809,102.55321886,73.350582125,133.2759247,611377,41929,438576,27968,2658229,-698340,679928,78.75,71.306,75.58,75.586,90.936,87.158,89.588,69.328,67.84,91.132,76.038,25.722,844,-2.197,7601,68,63,11,352,7601,9773,77,77,0,11,227,710,137,41,11,860,129,249,721,2172,2566,7205,216,1545,766,288,899,925,4639,5035,-2467,844,10,91.1,16917,18567,91,186,489,942,1024,258,16635,1058,84,10462,1767,6883,5031,4819,128,6061,6,6067,10144,3261,1803,36,816,3261,346,1880,318,26.1,25.3,38.2,27.4,24.8,114946,232014,31874,105743,1100,21878,233,53825,102075,3914,8958,21907,21505,210107,1105,41267,49439,109074,21645,270285,29,29,32790,95312,-1404,432354,4918,1094391,1182615,1844652,9531,3797,998,326,37223,53,662037,35.7323048811
2018-05-21,53.0354606628,11,12.9260000229,91.2787002563,3342.2,89.0885714286,780,111.203720085,33.33549118,167.45496365,614877,66322,417321,32038,2706454,-674375,644444,78.764,70.96,76.634,76.644,91.664,88.692,90.896,70.542,69.122,92.11,77.03,26.17,844,-1.404,8159,42,248,8,589,8159,11018,24,24,1,8,177,1055,150,17,8,1225,95,303,1063,2859,1748,6881,203,1632,1047,434,1461,356,5133,6411,-2274,844,0,91.8,17049,18567,-108,172,174,944,692,453,16628,1028,82,10052,1648,6783,4938,4674,181,6052,6,6058,10065,3283,1769,121,724,3283,249,1942,-13,26.4,23.9,39.5,27.4,24.6,113995,233897,31291,105081,1141,21973,226,56456,100873,3713,9409,22015,22129,211882,1153,40556,49205,111926,21747,271500,42,42,30949,94327,5778,438132,4299,1099468,1189471,1850807,9689,4244,867,381,36100,-1123,661336,35.6828415072
2018-05-28,60.5855503082,11.1749999523,15.2125000954,90.5412731171,3350,84.2185714286,743.5,128.73544691,36.674405575,186.79990385,582525,80891,416945,39425,2643354,-665502,633386,76.514,66.9475,74.3325,74.36,88.9775,84.8675,87.2625,69.135,67.2925,89.175,73.7475,28.3,859,5.778,7631,97,174,22,411,7631,10291,237,228,10,22,255,936,115,14,22,769,110,470,959,2660,2179,6822,103,1612,799,350,1123,656,4643,5452,-1983,859,15,93.9,17436,18567,-189,51,447,941,654,344,17155,1041,89,10433,1728,6718,5296,5017,190,6015,6,6021,10015,3297,1785,56,696,3297,387,1949,418,26,23.4,41.6,27.8,24.2,114629,234431,31124,106612,1029,22742,238,54567,102433,3596,8601,22786,21263,211645,1232,40201,49436,114056,22504,273330,44,44,32504,94234,-3620,434512,5074,1095289,1191029,1851806,9689,3778,996,285,35544,-556,660777,35.3604346727
2018-06-04,56.2710395813,10.5100000381,12.2180000305,89.7822418213,3463.5,92.4714285714,749,147.10087205,54.685014725,199.0252533,536253,84257,374904,50669,2620926,-652629,607828,75.962,65.338,74.042,74.052,87.88,83.244,85.524,69.422,67.762,87.664,71.672,28.714,861,-3.62,8346,25,0,8,621,8346,10207,146,141,5,8,123,769,150,17,8,460,135,192,777,1861,1714,7031,248,1616,890,366,1659,538,5317,6632,-3456,861,2,95.4,17707,18567,-245,130,210,901,161,67,17369,1041,100,9658,1804,6517,5324,5019,205,5789,6,5795,9659,3142,1887,83,722,3142,408,1965,-1,25.8,23.4,50.4,29.8,25.2,116794,239034,32133,107323,1279,23811,228,57080,104661,3814,8319,23848,21897,215185,1106,40930,49504,116583,23583,275181,37,37,32228,92794,2072,436584,5293,1096752,1206800,1866968,8976,3378,640,273,34589,-955,660168,35.3927000224
2018-06-11,54.6321990967,10.4280000687,12.3459999085,89.2862594604,3439.16,123.417142857,808.5,112.93468474,46.16267109,152.91389086,514585,76399,362727,49277,2546827,-633286,583576,75.692,66.21,74.225,74.26,87.9875,82.745,84.765,69.085,67.36,87.8675,71.3175,26.97,862,2.072,8099,53,164,14,475,8099,10712,104,93,11,14,119,811,159,31,14,1187,86,254,824,2613,2030,6712,238,1598,715,413,1111,607,4682,6069,-2069,862,1,95.7,17798,18589,-225,132,211,947,682,563,17505,1053,126,10451,1710,6782,5111,4805,179,6064,7,6071,10081,3298,1774,64,712,3298,398,1948,370,25.2,25.2,58.6,28.9,24.8,114693,236763,31405,107481,1123,23657,175,55248,102333,4002,8359,23700,22174,213062,1181,42747,49210,117451,23482,277505,43,43,30803,93760,-4143,432441,4760,1092609,1205098,1865266,9879,4854,773,443,33902,-687,660168,35.3804729182
2018-06-18,52.5524398804,10.7559999466,13.3720003128,86.9443389893,3287.92,106.481428571,806.333333333,92.6908543767,43.8252073933,122.219413783,529596,73653,366478,51415,2524439,-640748,595293,74.752,66.252,71.742,71.858,85.106,78.906,80.902,67.504,65.938,85.176,68.578,27.39,863,-4.143,8242,20,167,13,450,8242,10139,49,46,4,13,199,837,230,31,13,450,96,222,850,1897,2374,7597,273,1700,1013,330,1304,603,5223,5868,-3326,863,1,96.7,17983,18589,-143,83,331,935,449,178,17701,1064,119,10099,1758,6701,5468,5121,227,5977,5,5982,9964,3263,1872,114,719,3263,343,1927,135,24.5,24.1,70.1,29.3,25.4,117408,240040,30965,107511,1811,24925,183,56004,104657,4356,8396,24983,21647,215058,1230,41761,49731,118400,24742,275078,58,58,31623,90693,-5914,426527,4659,1086543,1205465,1865481,9326,4441,523,118,32606,-1296,660016,35.464139102
2018-06-25,52.1370391846,10.9180000305,16.8200000763,86.8081192017,3225.34,102.311428571,784.5,139.13819125,77.708599095,188.6583786,526935,68486,364196,50329,2458404,-620073,580947,77.19,71.794,74.25,74.242,86.248,80.652,82.388,70.448,69.218,86.702,70.484,26.798,862,-5.914,8356,20,143,10,576,8356,10400,54,43,11,10,239,978,51,33,10,729,88,134,988,2044,3000,8544,220,1918,566,391,1836,613,5544,5356,-3500,862,-1,97.5,18124,18589,-164,174,491,947,627,125,17816,1072,135,10142,1810,6943,5396,5037,225,6060,6,6066,10254,3311,1897,86,877,3311,334,1917,-112,23.7,24.7,81.5,30.6,25.4,117423,241196,30432,108777,1524,23588,180,55966,104928,4124,8371,23636,21674,217560,1161,41944,51292,118599,23408,275172,48,48,31193,91111,-9891,416636,3418,1076652,1201064,1861080,9731,4285,804,138,29893,-2713,660016,35.3972656811
2018-07-02,50.7663249969,11.2824997902,15.0199999809,85.8483257294,3104.14,119.707142857,774,137.57466125,100.593051925,148.2254944,519257,66039,410760,19965,2423829,-655458,625091,77.56,73.705,74.902,74.968,86.658,81.664,83.554,71.434,70.234,88.55,72.718,28.5325,858,-9.891,9055,40,99,11,320,9055,11382,92,87,5,11,179,637,126,27,11,1091,104,265,648,2327,2336,7476,242,1841,769,391,1410,487,5140,6719,-2813,858,-4,97.1,18051,18589,95,113,312,950,755,235,17653,1067,121,10311,1832,6988,5463,5112,230,6083,6,6089,10297,3310,1944,112,899,3310,275,1898,14,23.7,23.2,81.4,29.4,24.7,117557,239691,30676,108194,1686,23344,186,55197,104786,4295,8475,23400,21975,216291,1291,40965,51214,119745,23159,277960,56,56,29646,92297,1245,417881,4211,1077897,1204580,1864596,9869,4115,793,370,27780,-2113,660016,35.5343873526
2018-07-09,49.3667007446,10.8599998474,12.7440000534,84.6353790283,3034.96,84.8485714286,842.5,123.67882535,121.257522575,132.01298905,520119,62731,451576,17387,2466531,-683926,656720,76.022,71.936,73.926,73.976,86.074,81.686,83.332,70.892,69.82,88.308,72.428,27.786,863,1.245,7431,12,198,17,470,7431,9324,104,93,10,17,156,836,119,12,17,480,117,219,853,1893,2027,7654,218,1691,796,584,1152,1186,5627,5404,-3734,863,5,96.7,17981,18599,162,200,97,930,529,70,17652,1033,137,10699,1813,6965,5442,5107,198,6013,6,6019,10168,3202,1906,93,946,3202,328,1940,531,22.9,21.3,80.4,31.7,25,121682,238997,30769,106577,1433,25140,308,53522,108789,4423,8470,25188,22393,213809,1362,40269,52278,123452,24833,279819,48,48,27733,90589,-12633,405248,5535,1065263,1197383,1857398,9275,3762,927,236,25718,-2062,660015,35.4233374731
2018-07-16,47.1708396912,12.0319999695,12.5440000534,83.1068603516,2966.02,96.4757142857,759.5,77.44853785,53.97336769,95.21213532,509068,61267,452688,18750,2499172,-687081,654465,72.51,68.964,70.984,71.058,83.262,78.812,80.886,68.556,67.57,84.98,69.782,27.42,863,-12.633,9066,81,129,14,352,9066,11121,140,133,6,14,81,643,171,27,14,679,85,324,657,2055,1461,6203,220,1692,762,108,1226,734,4742,7605,-2687,863,0,94.3,17536,18599,263,209,332,913,782,-22,17239,1064,37,10292,1751,6873,5174,4936,202,5890,6,5896,10035,3162,1844,93,977,3162,386,1944,257,23.4,22.3,70.1,30.9,24.4,121311,235832,29357,105368,1548,24185,300,51968,109159,4001,8151,24237,21768,211595,1411,40768,52711,127486,23885,281641,52,52,28076,89614,5836,411084,3778,1071098,1203204,1863218,9708,4147,1055,553,24858,-860,660014,35.6128106275
2018-07-23,49.6413200378,11.6180000305,12.4979999542,84.4864608765,3018.4,85.3114285714,752,140.2305336,100.5744438,166.4318619,415529,62284,419043,17353,2440486,-671223,631294,73.852,68.802,72.482,72.702,85.668,81.68,84.028,70.41,69.474,87.192,72.594,25.398,858,5.836,7770,19,148,30,479,7770,10255,207,161,47,30,168,814,130,36,30,951,133,220,844,2485,2683,8051,234,1812,1095,347,1211,669,5368,5087,-2883,858,-5,93.8,17451,18599,123,197,362,942,900,219,17285,1074,48,10255,1764,6910,5157,4877,232,6024,6,6030,10208,3298,1841,77,879,3298,412,1944,47,23.2,21.3,63.4,29.9,24.1,121210,233504,28228,104923,1563,22588,301,52335,109181,4056,7973,22628,21653,210876,1445,39785,52054,128145,22287,282044,40,40,28392,90329,-6147,404937,3710,1064951,1193291,1853305,9846,4477,1119,240,23731,-1127,660014,35.4115350092
2018-07-30,47.9930603027,11.0300001144,12.813999939,84.8870605469,3000.7,108.281428571,744.666666667,132.6175639,59.81384786,180.113263467,425663,58023,412030,19883,2361062,-651656,610471,73.654,68.8,72.512,72.608,85.636,81.504,83.654,70.806,69.872,87.002,73.314,26.028,861,-6.147,7749,74,113,13,457,7749,10045,157,153,4,13,95,739,123,47,13,810,115,340,752,2296,1310,6338,234,1608,1238,156,1279,513,5028,6439,-2732,861,3,96.1,17880,18599,-5,289,278,946,978,416,17480,1064,81,10483,1850,6985,5159,4848,229,6033,6,6039,10283,3298,1969,119,946,3298,495,1937,200,23.5,22.9,69.3,31.6,23.9,124193,230968,27770,102314,2070,23311,303,52443,112117,4215,7861,23364,21967,207604,1405,41117,50777,131323,23008,284606,53,53,28720,90086,3803,408740,2615,1068754,1203825,1863839,9878,4223,564,632,22393,-1338,660014,35.3509963429
2018-08-06,47.7650398255,11.2659999848,11.4960002899,84.9581390381,2998.48,77.5728571429,738,161.1964798,77.38012314,210.29670715,420481,48135,408336,21572,2349169,-651597,613400,73.112,67.912,72.1475,72.4775,86.5475,81.82,84.255,69.8,68.7775,87.0375,71.4925,25.58,859,3.803,7931,20,80,143,312,7931,10225,169,168,1,143,381,792,109,32,143,703,86,292,935,2294,1850,7052,269,1665,945,507,1228,588,5202,6081,-2908,859,-2,96.6,17973,18599,-194,252,260,941,646,329,17598,1100,108,9913,1875,6897,5237,4950,179,5993,5,5998,10209,3312,1949,74,899,3312,442,1938,-296,23.4,21.9,66.6,31.5,24.1,125423,233868,26882,104864,1822,24170,323,52360,112609,4706,8107,24220,22923,209648,1595,39735,50603,134116,23847,285839,50,50,28305,89457,-1351,407389,3890,1067402,1207015,1867028,9346,4243,1076,286,21803,-590,660013,35.0258071432
2018-08-13,50.6877601624,12.6100000381,13.7640001297,83.1676620483,2900.22,64.3214285714,726.5,121.76667405,55.94002533,171.5617218,402550,48645,401085,22498,2342575,-652348,608927,71.818,66.124,70.736,70.944,86.276,81.902,84.556,67.956,66.838,85.848,69.934,26.158,869,-1.351,9014,33,18,62,273,9014,11121,174,149,25,62,277,601,158,32,62,811,114,187,663,2107,1592,6869,166,1573,981,579,1043,935,5277,7422,-3170,869,10,98.1,18243,18599,76,227,26,948,577,247,17981,1072,131,10234,1901,6966,5337,5030,176,6062,6,6067,10276,3310,1985,84,898,3310,469,1946,-42,23.6,21.9,79.4,32.8,24.2,128989,233128,26736,105001,1724,23111,323,53461,115970,4619,8400,23162,23017,209966,1749,40478,49779,137351,22788,289064,51,51,28654,89349,6805,414194,4922,1074207,1224349,1884362,9512,4225,609,27,23446,1643,660013,35.0757516172
2018-08-20,49.8568000794,11.8760000229,12.3999998093,83.4322189331,2929.96,81.6685714286,655.333333333,101.10724893,85.3055636067,124.4010455,381402,44986,362681,21285,2329989,-618747,573428,74.034,67.638,72.265,72.4075,88,82.18,84.5925,68.405,67.2575,87.11,70.695,24.544,869,6.805,7518,62,119,56,384,7518,10121,145,122,23,56,196,761,188,29,56,886,94,473,817,2603,1155,6528,195,1773,1198,321,1242,644,5373,6363,-2770,869,0,98.1,18236,18599,-184,107,143,943,538,472,17892,1073,140,10151,1843,6786,5426,5053,233,6049,5,6054,10059,3274,1980,137,732,3274,313,1959,92,23,22.7,80.6,33.5,24.5,130838,234328,26300,105755,2041,23897,309,54001,116915,5317,8606,23933,23259,210396,1560,41595,48599,139767,23588,289266,36,36,28287,87669,-5836,408358,4152,1068370,1221664,1881676,9453,4703,1011,517,24218,772,660012,35.1087020123
2018-08-27,49.9093002319,11.3700000763,12.6599998474,83.6595611572,2969.6,103.412857143,708.5,98.235864665,36.69703102,141.706642145,365011,40580,364143,36401,2235767,-578844,538785,76.898,69.392,75.076,75.194,91.074,84.712,86.958,69.634,68.62,89.67,73.038,24.482,860,-5.836,7485,86,208,18,297,7485,10158,274,266,8,18,259,850,197,39,18,998,134,194,868,2673,1779,6626,226,1728,976,196,1136,585,4847,5706,-2174,860,-9,96.3,17919,18599,-259,311,165,950,639,422,17566,1070,49,10237,1899,6768,5179,4943,187,6022,6,6028,10103,3335,1991,92,739,3335,387,1982,134,22.9,21.5,78.5,31.6,24.4,130001,232774,25930,107888,2345,22283,334,53838,117341,4578,8082,22329,23061,210445,1689,41287,46373,140878,21949,290636,46,46,28107,88079,-2566,405792,3630,1065804,1219898,1879910,9899,4610,782,411,24276,58,660012,35.0363894065
2018-09-03,49.0124750137,11.375,14.1499998569,82.710100174,2878.58,77.9542857143,723,51.113679405,22.291423797,70.06519174,427939,38873,373790,22309,2240977,-585826,550313,77.384,68.5275,75.786,76.16,92.316,86.114,88.128,68.754,68.16,90.962,74.01,26.3875,862,-2.566,7714,79,127,98,481,7714,10024,286,281,4,98,204,890,129,39,98,636,102,137,988,2310,1508,5569,100,1571,721,203,989,477,4061,6206,-1751,862,2,96.6,17963,18599,-263,159,74,943,616,646,17647,1087,60,10215,1829,6712,5439,5236,142,5951,6,5957,10071,3359,1891,62,755,3359,351,1973,144,22.6,22.4,82.5,31.8,24.3,133120,234619,25866,107868,2369,23006,318,54658,120265,4577,8278,23046,22703,211573,1642,41990,46679,142132,22689,291529,40,40,27755,87739,-4302,401490,3497,1061502,1223778,1883790,9734,4416,1021,335,24825,549,660012,34.8488640516
2018-09-10,47.1919410705,11.1520000458,12.9920000076,82.9121398926,2876.92,52.6414285714,818.5,100.075485215,98.16695023,84.550868995,457716,40974,391474,26464,2303047,-599527,565730,78.488,68.948,76.602,77.042,91.954,87.016,88.758,69.736,69.096,90.882,74.122,26.662,860,-4.302,7591,78,146,156,510,7591,10519,50,45,6,156,163,896,194,79,156,1182,122,328,1053,2928,1828,6688,220,1568,693,281,1418,680,4860,5763,-1932,860,-2,97.6,18150,18599,-73,145,141,918,520,306,17857,1020,83,10384,1851,6858,5536,5220,233,5901,4,5905,10029,3171,1934,83,953,3171,369,1997,355,22.3,24.6,70.8,34.6,24.4,139283,235869,26209,107367,2676,24486,322,55584,125788,5011,8484,24521,22894,211347,1839,44343,45720,144570,24164,295193,35,35,28302,87777,-5296,396194,2915,1056205,1233913,1893924,9649,4475,1246,338,23583,-1242,660011,34.8377009999
2018-09-17,48.349079895,10.784000206,12.3400001526,83.304359436,2925.52,83.91,759.333333333,108.909367867,54.94908142,139.927632667,478694,38620,371940,25613,2281869,-575809,543845,78.796,70.292,76.836,77.41,91.868,87.386,89.692,70.442,69.75,91.048,74.944,26.372,867,-5.296,8024,0,93,9,303,8024,10353,141,130,10,9,156,551,275,34,9,876,154,323,561,2329,2367,7590,172,1744,975,310,1326,696,5223,5657,-2894,867,7,95.4,17748,18599,22,109,84,928,549,334,17415,1051,90,10270,1805,6763,5457,5138,229,5920,5,5926,10002,3239,1871,66,837,3239,413,2016,268,22.4,24.9,71.5,34.7,24.1,140122,234150,25840,103186,2694,24818,320,56837,126409,4734,8979,24862,22746,209288,1833,45207,46571,146876,24497,297350,44,44,27841,88071,-2057,394137,3130,1054147,1234518,1894528,9534,3926,1034,492,22333,-1250,660010,34.756301459
2018-09-24,47.3991996765,10.8319999695,12.4079999924,84.9173782349,2989.38,53.4885714286,843.5,88.448352815,35.484910485,124.11069105,499224,31346,357288,24180,2228937,-567938,530366,81.77,72.26,79.714,80.76,95.318,89.506,91.53,73.808,72.964,93.704,77.638,26.702,866,-2.057,7802,15,181,68,413,7802,10082,124,116,8,68,186,796,199,55,68,643,114,337,863,2280,2640,7837,152,1691,994,251,1148,961,5197,5162,-2917,866,-1,90.4,16816,18599,-226,199,542,901,535,20,16514,1036,128,9832,1784,6638,4995,4658,209,5740,5,5746,9849,3211,1861,77,893,3211,419,1976,-17,22.8,26.8,71.5,34.4,24.9,137881,235680,25251,104769,1423,24469,320,57068,124499,4273,9109,24523,22629,211157,2009,46641,47897,145710,24148,296584,54,54,28994,88952,1852,395989,4323,1055999,1238955,1898965,8987,3810,869,340,22794,461,660010,34.6172102623
2018-10-01,50.0197601318,11.3420000076,12.9399999618,86.9756210327,3024.16,122.192857143,783.666666667,78.331899,73.1596247333,80.3117567767,523613,27270,358317,26174,2225779,-596190,560085,84.962,75.122,82.928,84.018,99.222,91.678,93.722,77.798,77.202,97.174,80.456,28.282,863,1.852,7965,87,82,99,288,7965,10463,162,123,39,99,157,613,165,27,99,994,96,368,713,2498,1723,7398,121,1934,905,335,1564,816,5675,6242,-3177,863,-3,90.4,16808,18599,-283,90,465,917,649,377,16591,1015,126,9950,1674,6858,5029,4746,157,5852,7,5858,10081,3223,1744,70,1000,3223,342,2023,-131,23.6,26.5,75.3,34.9,25.2,136131,235221,25029,105177,1707,25383,328,54584,123081,3993,9057,25440,23445,209781,2125,46223,48313,145482,25055,297009,57,57,27999,89780,7975,403964,2923,1063974,1246585,1906595,9102,3954,923,517,24493,1699,660010,34.3672488942
2018-10-08,54.8976745605,12.6699998856,20.1779994965,86.5417602539,2990.18,76.7371428571,764,91.473091125,25.340179445,134.28019715,515637,33692,351186,31509,2245589,-583629,548909,82.538,72.946,81.494,82.214,97.614,89.614,91.932,77.796,76.878,96.746,77.006,28.518,861,7.975,7397,44,0,150,366,7397,9805,187,179,8,150,132,543,166,51,150,908,124,258,693,2408,2576,7475,204,1779,666,254,967,1029,4899,4821,-2491,861,-2,88.8,16518,18599,209,-2,122,913,301,-28,16239,1040,150,9711,1688,6685,5028,4648,230,5804,5,5809,9914,3229,1784,97,876,3229,410,2025,-203,24.6,27.1,76.8,31.5,25.7,133465,236172,24466,103028,1845,23689,256,55625,119464,4342,9658,23720,24021,212452,2564,47367,51955,145945,23433,299717,31,31,29042,93131,5987,409951,4306,1068655,1257958,1916662,9078,3006,1250,265,26852,2359,658704,34.2836796539
2018-10-15,51.0181602478,12.2920000076,19.2539997101,86.509979248,2976.24,89.2428571429,750,120.4081764,77.15475847,139.88949585,512049,36528,323416,41584,2217171,-568656,528051,80.262,70.244,78.934,79.338,94.936,84.636,86.73,76.852,75.754,94.592,74.154,28.252,869,5.987,7615,7,51,54,191,7615,9723,165,135,1,54,91,340,83,40,54,1021,114,331,394,2108,1782,7554,377,1719,979,228,1305,1164,5772,5833,-3664,869,8,88.8,16513,18599,-13,67,112,933,560,394,16316,1011,127,10430,1582,7113,4815,4495,193,5978,6,5984,10363,3250,1666,85,1129,3250,407,2018,67,25.4,26.9,80.8,32,25.8,132638,234156,24165,101067,1782,24636,262,56224,117320,4601,10717,24684,24130,209472,2781,45500,50399,145062,24374,298394,48,48,29426,92808,6490,416441,4881,1074075,1260579,1918213,9182,4029,914,455,28628,1776,657634,34.394331146
2018-10-22,56.7915008545,12.4640001297,22.7919994354,85.0677612305,2960.66,83.7142857143,786.5,133.96200945,88.131713865,163.5276566,447097,37979,300365,57510,2218887,-537187,493229,77.39,67.468,76.282,76.86,93.558,80.498,82.408,75.41,74.602,93.226,70.378,28.906,873,6.49,7678,25,30,54,123,7678,9383,163,160,3,54,99,277,89,37,54,761,129,217,331,1705,2180,7528,195,1532,779,433,1440,969,5348,5498,-3643,873,4,89.2,16591,18599,166,83,173,940,992,570,16268,1024,136,10028,1592,6975,4960,4621,203,6006,6,6012,10272,3297,1642,51,963,3297,360,2015,-244,25.9,25.7,69.6,32,25,130376,229330,23518,99745,1451,23158,248,56191,114884,4768,10724,23209,23897,206121,2814,43896,48733,143548,22910,293462,51,51,29243,90038,6346,422787,4939,1079263,1252199,1908675,9324,4818,1463,170,29999,1371,656476,34.4646943889
2018-10-29,60.3295402527,12.4920000076,21.6260002136,83.7277984619,2903.18,94.6657142857,799.666666667,104.861707067,60.8071327233,130.3345693,407933,47148,271077,64782,2131494,-502815,455278,74.888,65.072,74.58,74.904,91.948,77.896,79.644,75.486,74.794,91.878,67.572,30.646,875,6.346,7344,0,92,54,198,7344,9043,141,138,3,54,19,309,100,75,54,679,184,232,363,1699,2485,7839,243,1803,662,357,1277,1012,5354,4859,-3655,875,2,89.4,16625,18599,203,101,368,936,962,289,16417,1059,134,10364,1604,7067,4983,4666,183,5963,5,5969,10357,3290,1670,66,1099,3290,378,2005,7,26.1,25.7,62.9,30,24.6,126322,226169,22618,95308,1335,24178,256,56402,111053,4792,10477,24219,22746,201950,2634,42846,48904,141442,23923,292823,41,41,28669,92620,3217,426004,2820,1080939,1245372,1900307,9262,3916,1444,335,31877,1878,654935,34.3782818736
2018-11-05,56.0082998275,11.7879999161,18.0619998932,83.5516586304,2905.18,73.1442857143,761.5,88.479083995,76.94830324,104.292964955,378555,71443,261019,64823,2093055,-467071,432638,71.64,61.568,70.685,70.9375,87.53,71.9975,73.5925,73.6675,73.015,87.9225,60.8375,33.442,874,3.217,7539,0,0,9,267,7539,9443,166,163,3,9,315,582,152,66,9,744,149,102,591,1904,2405,7337,228,1536,984,184,1306,694,4932,5134,-3028,874,-1,90,16740,18599,-172,95,123,917,602,557,16408,1068,128,9714,1670,6939,4963,4671,164,5821,5,5826,10185,3246,1748,78,1113,3246,379,1958,-471,26.4,24.8,67.3,29.7,24.7,122857,228021,22094,95861,1482,23681,244,57663,107785,4774,10299,23727,23150,204294,2585,42309,49287,139635,23437,291067,46,46,29710,93232,5783,431787,5058,1086487,1249700,1904400,9099,4165,979,148,34296,2419,654700,34.360653565
2018-11-12,55.6976251602,12.2739999771,19.9680000305,83.397277832,2886.24,53.1214285714,781.5,93.415161115,60.871232035,115.014690405,337219,77171,243707,83416,2075239,-446611,403783,67.018,56.958,67.082,67.45,84.626,68.234,69.838,69.538,68.874,85.67,57.064,45.47,886,5.783,7452,16,0,54,100,7452,9093,305,300,5,54,83,199,66,71,54,676,165,139,253,1641,2050,6455,159,1556,668,104,1178,740,4405,5402,-2764,886,12,90.1,16765,18602,-125,20,377,926,810,538,16432,1067,129,10056,1588,7143,4993,4722,142,5972,5,5978,10354,3211,1655,67,1165,3211,378,1940,-298,27,22.6,58.4,27.4,24.6,119268,226610,22717,95620,1320,24932,258,57538,104949,4328,9991,24975,23514,201635,2802,39958,47157,137487,24674,288963,43,43,27893,91949,10270,442057,4995,1095386,1248058,1901387,9192,4445,1581,673,35463,1167,653329,34.3313176887
2018-11-19,58.4774999618,12.3550000191,21.2249999046,83.1670017242,2916.66,50.02,793.333333333,92.65534719,64.27812958,125.921513873,304917,90085,245524,93540,2110793,-419527,381198,62.84,53.81,63.57,63.898,79.142,65.5,67.55,66.93,66.438,80.81,55.196,54.2425,888,10.27,7554,7,0,54,128,7554,9386,104,102,2,54,58,193,120,46,54,972,131,258,247,1832,1969,7171,225,1699,1139,208,1046,885,5202,5585,-3370,888,2,92.7,17245,18602,-244,55,267,928,505,427,16855,1042,117,10036,1681,6838,5201,4863,220,5889,6,5895,10144,3307,1755,74,943,3307,454,1978,-108,27,22.4,60.1,27,24.5,119191,225315,22567,93632,742,25063,254,56401,103665,4372,11153,25114,22791,200202,2699,39432,49427,135282,24808,287912,51,51,28478,93077,4851,446908,4250,1099477,1248229,1900798,9185,4410,1197,420,35347,-116,652569,34.2278884865
2018-11-26,51.3761802673,11.584000206,18.6540000915,82.0518600464,2886.2,141.692857143,788,136.04570005,61.575925825,192.8566132,278611,96042,238639,87553,1998866,-396390,367187,59.534,51.172,59.14,59.394,73.166,59.512,61.076,61.342,61.078,75.434,51.418,55.3,885,4.851,8162,9,46,10,150,8162,10096,186,184,2,10,170,375,152,47,10,951,123,138,384,1934,2442,8714,193,2008,1077,218,1715,1061,6272,5720,-4338,885,-3,95.6,17789,18602,-228,133,183,924,488,400,17553,1048,116,10168,1698,7101,5471,5135,221,5905,6,5911,10359,3258,1763,65,1190,3258,402,2033,-191,26.8,22.5,61.6,29,24.5,121801,224551,23707,94992,630,24574,254,54494,106549,4331,10921,24614,22930,199936,2802,39710,49820,131048,24320,284935,40,40,28682,92811,3577,450485,3135,1101049,1250120,1900684,9188,4583,1247,293,36524,1177,650564,34.3501503703
2018-12-03,54.9726994832,11.5975000858,20.4000000954,83.0952789307,2913.72,116.625714286,746,147.872882855,81.312135685,185.0378113,271729,103217,232857,77834,2020092,-373215,348121,61.412,52.638,60.156,60.316,72.444,60.416,62.272,61.156,60.858,74.002,53.574,47.8525,887,3.577,7219,27,8,11,116,7219,8838,436,283,42,11,27,178,77,69,11,670,170,77,189,1619,3203,9049,195,1853,1052,319,1426,1001,5846,4016,-4227,887,2,95.5,17770,18602,-758,-12,142,896,-46,581,17487,1069,143,9666,1673,6763,5571,5163,265,5714,6,5720,9901,3138,1725,52,1044,3138,425,2012,-235,25.9,21.4,55.9,30.4,24.8,125612,226250,23859,98907,1061,23163,262,54421,110851,4418,10343,23206,23030,203044,2663,38116,48656,127717,22901,281278,43,43,28634,92193,-7323,443162,3255,1092723,1241438,1890999,8877,4271,1369,190,38253,1729,649561,34.4589906166
2018-12-10,57.8189598084,11.25,21.6279994965,82.2632797241,2881.2,100.377142857,782,107.73432539,79.792898175,133.5970421,253702,117236,217562,89249,2048735,-348524,330146,60.41,51.516,59.26,59.42,71.16,59.774,61.632,58.436,58.344,73.104,53,41.61,877,-7.323,7393,25,0,53,240,7393,9136,144,106,38,53,207,472,144,61,53,696,189,46,525,1743,2274,7814,210,1678,607,303,1431,1311,5540,5119,-3797,877,-10,95.1,17698,18602,-613,29,82,910,25,527,17436,1046,87,10457,1795,6975,5545,5254,204,5783,5,5788,10205,3230,1843,48,1186,3230,427,1951,252,25.5,22.6,49.7,30.4,25.2,124137,228337,23660,100534,1090,24300,243,54674,109293,4245,10599,24349,22890,203989,2675,39002,47691,125826,24057,278793,49,49,28233,90613,-1208,441954,5195,1091517,1235469,1885032,9036,4102,1995,227,39401,1148,649563,34.6379497381
2018-12-17,58.8378997803,11.95,26.8340000153,79.4810791016,2843.72,116.532857143,725.666666667,148.41145323,101.26073201,177.08261619,261433,121836,215907,96232,2050634,-330952,309506,56.256,46.958,55.832,56.234,67.402,56.566,59.06,53.052,52.768,69.79,50.894,51.09,873,-1.208,7423,6,25,35,409,7423,9235,139,136,3,35,120,560,65,74,35,723,225,64,595,1812,2325,7777,212,1798,963,280,1251,948,5452,5098,-3640,873,-4,95.4,17750,18602,-540,74,99,924,245,613,17408,1046,89,10334,1773,6923,5393,5042,262,5804,6,5810,10268,3345,1849,75,1113,3345,487,2077,66,25.3,23.6,42.5,28.7,25.3,119900,230103,24059,101847,1083,25547,261,54839,104978,4459,10463,25592,23873,204511,2525,39823,46742,122438,25286,273443,45,45,27743,88127,-497,441457,3082,1090594,1224926,1874063,9243,4461,1845,341,40492,1091,649137,34.678766555
2018-12-24,66.2324733734,14.7525002956,31.1949996948,77.7055511475,2812.23333333,165.597142857,451.666666667,92.9487024833,95.1802317167,84.5682697233,260466,108466,216708,115975,2063376,-334285,309608,52.325,44.6725,51.8166666667,52.1633333333,62.1466666667,53.0866666667,55.0933333333,50.9566666667,50.49,65.1366666667,48,55.2675,883,-0.497,7656,15,79,52,233,7656,9498,204,202,3,52,130,457,66,50,52,824,179,60,509,1842,2969,8856,219,1703,1246,462,1406,851,5887,4687,-4045,883,10,95.1,17694,18602,-539,123,23,935,201,594,17350,1042,95,10144,1802,6999,5444,5059,290,5925,5,5930,10338,3339,1861,59,1069,3339,485,2057,-194,25.3,24.2,42.3,27.2,25.5,119902,233106,23980,103877,939,25520,258,56374,105151,4458,10294,25568,23133,207538,2540,40450,46348,120652,25262,270450,48,48,26870,86709,-46,441411,4175,1090550,1222724,1871863,9348,4188,1159,208,41291,799,649139,34.4147537168
2018-12-31,65.248301506,13.1175000668,23.8674998283,77.3725242615,2768.375,157.377142857,542.333333333,89.8152236933,80.66575877,100.972997033,261718,99469,223718,106117,2073992,-321997,306312,55.43,46.75,53.55,53.64,64.1333333333,55.4966666667,57.65,52.2366666667,52.09,66.46,47.7366666667,52.92,885,-0.046,7392,19,14,11,121,7392,9008,195,194,1,11,149,303,26,41,11,642,151,288,314,1616,2237,7616,255,1991,934,105,1222,872,5379,5155,-3763,885,2,97.2,18077,18602,-797,36,32,868,-576,154,17760,1011,175,9533,1837,6584,5591,5139,277,5537,5,5542,9637,3054,1897,60,1042,3054,416,2145,-104,25.2,25.1,39.6,30.8,26.5,129431,239996,24755,107049,923,25865,267,57806,114233,4649,10550,25914,23162,214082,2520,40712,48303,118869,25598,268906,49,49,27883,85916,7,441418,3447,1090557,1237084,1886223,8623,3560,1623,454,41932,641,649139,34.1748154481
2019-01-07,57.907119751,11.2919998169,19.9079998016,79.3171600342,2810.22,163.481428571,775,84.560165415,70.05410958,109.1357155,254893,102568,222503,109077,2104675,-309531,298713,59.93,50.968,58.36,58.716,70.638,59.838,61.88,57.394,57.244,72.174,51.176,44.968,877,0.007,7846,21,41,40,309,7846,9931,261,256,5,40,140,510,223,40,40,670,156,224,550,2085,2065,6937,294,1293,993,212,1353,727,4872,5781,-2787,877,-8,96.1,17883,18602,-776,-64,-99,815,-923,16,17566,1000,141,9392,1779,6229,5563,5177,245,5183,5,5188,9115,2885,1850,71,1041,2885,441,2090,277,25.1,24.4,41.3,36.7,27.6,140042,248062,26287,110265,1529,25655,252,60626,124376,4893,10774,25704,23254,222359,2598,40510,49938,115447,25403,266833,49,49,28264,85452,-1680,439738,3002,1088877,1250327,1899466,8735,4341,1532,399,42262,330,649139,34.0916264421
2019-01-14,53.5046195984,11.0440000534,18.513999939,80.4189804077,2830.92,158.857142857,738.5,107.68417355,71.76829911,126.7291336,257022,98876,214186,132674,2120930,-275275,277211,60.966,52.16,59.77,60.148,71.748,60.138,61.954,57.712,57.564,72.72,52.58,38.398,873,-1.68,7527,23,0,52,202,7527,9922,378,335,2,52,100,326,69,76,52,1151,247,174,377,2395,2966,7685,215,1725,922,110,917,830,4719,4561,-2324,873,-4,94.6,17599,18604,-732,49,206,862,-351,126,17223,1051,147,9584,1746,6771,5412,4984,281,5507,4,5511,9808,3037,1813,68,1259,3037,435,2072,-224,25,24.2,41.8,38.5,29,143009,255565,26906,114417,1188,27338,304,61140,126985,4903,11120,27391,23351,228174,2200,40552,51429,113391,27034,265090,53,53,28294,85413,-2683,437055,4003,1086194,1254962,1904101,8565,4120,1622,495,41519,-743,649139,33.9764089863
2019-01-21,53.8773994446,10.7174999714,19.1574997902,80.3607254028,2865.54,135.69,807,117.950202925,74.637550345,161.49053955,261587,88682,211270,102829,2103777,-309424,306925,61.622,53.0025,61.222,61.398,72.798,60.022,61.876,59.962,59.87,73.012,52.236,36.9775,852,-2.683,8191,24,44,14,293,8191,10312,355,353,2,14,186,547,105,43,14,672,228,200,561,2121,2035,6954,256,1722,1042,373,979,547,4919,6156,-2798,825,-48,92.9,17285,18604,-448,33,140,883,191,466,17049,1031,149,9604,1664,6605,5204,4831,223,5596,5,5600,9755,3151,1747,83,1004,3151,373,2025,-151,25.6,24.9,35.5,37.3,29.8,142392,259615,27272,113748,1508,28773,312,64077,126205,4843,11344,28813,23501,230802,2159,41174,51470,110338,28461,262152,40,40,29469,85098,7970,445025,3702,1094164,1261419,1910558,8868,4642,1776,32,41329,-190,649139,34.0641118281
2019-01-28,49.5347801209,10.8579999924,17.6739997864,80.587979126,2918.06,99.7771428571,813,107.5119438,55.953739165,138.94394685,268570,65636,218325,88734,2048817,-334993,334859,61.508,53.716,60.676,60.798,72.398,58.686,60.488,59.96,59.838,73.07,53.554,35.74,862,7.97,7083,22,0,8,359,7083,8707,135,99,36,8,134,515,84,66,8,592,186,104,523,1624,1944,6998,108,1789,1093,265,1192,607,5054,5139,-3430,862,37,90.1,16759,18604,-598,111,149,870,196,534,16463,1012,130,9904,1688,6559,5019,4673,216,5557,5,5562,9626,3067,1752,64,997,3067,355,2000,278,26.1,25.3,33.1,34.9,28.8,141270,257380,28070,113784,1645,26956,306,63087,124454,5210,11607,26998,23980,230383,2118,41842,51867,108802,26650,263169,42,42,28599,86786,919,445944,4951,1095083,1256500,1905639,9564,3566,1632,318,41184,-145,649139,34.1227008248
2019-02-04,48.7065200806,9.92400016785,15.7540000915,80.6142410278,2966.22,109.272857143,783,84.381757755,51.961069105,100.23207663,280509,47806,227336,71461,2042018,-342855,340911,62.182,53.518,62.3533333333,62.5266666667,74.0566666667,61.3533333333,63.4033333333,62.3066666667,61.8733333333,75.4266666667,53.9733333333,33.638,847,0.919,7146,17,132,53,209,7146,9908,459,417,3,53,213,572,217,76,53,979,240,242,625,2762,2870,8022,193,1884,647,304,1229,895,5152,4276,-2390,847,-15,90.7,16864,18604,-309,50,289,887,500,470,16633,967,149,9856,1695,6860,5121,4720,253,5628,4,5632,10052,3192,1772,77,1228,3192,359,2015,-196,26.6,25,29.6,31,28.6,139013,257893,28875,114576,2168,26538,294,63033,123475,4388,11151,26585,23947,231308,2199,41549,51530,106057,26243,263058,47,47,28796,88429,1263,447207,2630,1096346,1253228,1902367,9073,4000,1972,269,42625,1441,649139,34.0127795695
2019-02-11,47.6861206055,9.96800003052,15.6359998703,80.1669799805,2904.96,46.8542857143,734.5,107.162025435,97.44934939,124.514297485,295150,61155,228095,81114,2057061,-332122,321609,63.672,53.882,63.606,63.708,76.226,62.82,64.534,63.282,62.826,76.544,55.09,31.97,854,1.263,6210,22,0,54,173,6210,8172,438,437,1,54,207,403,168,49,54,449,184,266,457,1962,2364,7541,254,1636,850,213,1265,959,5177,3846,-3215,854,7,85.9,15989,18604,-271,75,106,873,435,525,15768,1029,111,9619,1621,6384,4764,4491,162,5482,5,5487,9535,3151,1685,64,897,3151,310,2134,84,27.4,25.9,30.6,32.5,28.6,140200,258301,29724,112584,2389,27012,252,64412,123785,5074,11341,27050,23466,231251,1879,42113,51866,105659,26760,262119,38,38,30305,88721,3633,450840,3633,1099979,1259376,1908515,8648,3658,1430,147,41609,-1016,649139,34.0629142166
2019-02-18,45.8433246613,10.6550002098,14.2175002098,81.7221755981,2988.06,71.7785714286,710.333333333,119.11610158,93.71978378,146.794825223,323851,57794,217549,81739,2077398,-298928,288214,66.844,56.8075,66.786,66.856,80.624,66.858,68.652,65.6,64.976,80.178,58.362,30.4425,857,3.633,7522,4,88,97,154,7522,9436,431,430,1,97,77,323,165,58,97,623,185,90,420,1914,3607,8330,266,1547,687,220,1191,812,4723,3915,-2809,857,3,85.9,15987,18604,-158,46,82,887,830,859,15711,996,162,9489,1628,6800,4759,4404,193,5575,4,5579,10013,3214,1690,62,1221,3214,279,2041,-524,28.2,27.1,27,33.1,28.5,138683,256847,30204,112083,2314,26818,265,64416,122643,4865,11175,26867,23913,229980,2038,43365,51168,103329,26553,261696,49,49,29411,90119,3672,454512,3656,1103651,1256567,1905706,8800,3969,2095,277,45022,3413,649139,34.3883911851
2019-02-25,46.8918743134,9.84200000764,14.613999939,81.2948806763,3049.74,105.31,753,154.70635605,65.72748566,231.7982941,334641,59192,204640,83376,2019218,-322423,313967,65.492,56.188,65.848,65.902,80.796,67.21,69.16,65.086,64.192,79.714,58.262,31.17,853,3.672,5917,22,84,21,244,5917,8002,331,330,1,21,103,453,236,45,21,754,182,109,473,2085,3359,8164,138,1880,696,162,1114,815,4805,2558,-2720,853,-4,87.1,16196,18604,58,149,154,882,746,384,15890,1028,143,9553,1711,6764,4816,4480,193,5603,5,5608,9904,3140,1775,64,1156,3140,289,1973,-351,27.9,25.6,26.2,33.1,28.7,138379,254941,30522,110505,2192,25256,269,64829,121931,5022,11426,25310,23709,229630,1867,42878,52105,101389,24988,257873,54,54,28098,88217,-8647,445865,3779,1095004,1238530,1887669,8981,4418,1652,424,46650,1628,649139,34.3956469604
2019-03-04,45.9778793335,10.2899999619,15.5499998093,80.7479187012,3019.56,102.198571429,775,79.04574012,50.02308464,89.73381613,348402,57066,208433,77111,2025884,-337620,327671,65.912,56.42,65.836,65.838,80.27,69.51,71.122,66.374,65.648,79.49,58.16,29.976,843,-8.647,7001,5,0,11,398,7001,8911,246,244,1,11,140,544,129,55,11,653,153,174,555,1910,2803,8272,182,1791,841,382,1362,911,5469,4198,-3559,843,-10,87.5,16285,18604,-38,51,-9,895,585,582,15990,1024,134,9852,1529,6502,4919,4574,211,5670,5,5675,9690,3188,1628,99,827,3188,306,2023,162,28.6,25.6,26.3,33.6,28.3,135986,250714,31794,108438,2462,24510,265,66305,120405,4418,11163,24542,24261,226172,1762,42024,48967,100409,24246,259369,32,32,28046,89655,7069,452934,5949,1102060,1238107,1887233,9062,3855,1623,105,47523,873,649126,34.5782827677
2019-03-11,45.1129005432,10.098000145,13.5780000687,81.1160003662,3023.36,89.3571428571,782.5,81.216360115,76.73966408,71.0594368,343080,55252,218827,67267,2067851,-357575,348801,67.038,57.81,67.412,67.486,80.634,73.13,74.754,66.934,65.856,80.016,59.948,27.872,834,7.069,6746,53,76,109,208,6746,8898,238,237,1,109,127,465,300,67,109,687,189,165,573,2152,2546,7785,199,1679,1039,305,1086,931,5239,4200,-3087,834,-9,87.6,16290,18604,105,89,224,921,1108,690,16020,1005,105,9735,1671,6819,4856,4581,171,5888,4,5892,10053,3234,1718,47,927,3234,355,1976,-318,28.2,23.5,26.4,33.3,27.4,136369,246090,31846,104465,2351,22912,244,67477,121402,4077,10890,22956,23731,223134,1580,41088,48841,99786,22668,260394,44,44,27590,91493,-3862,449072,3370,1098198,1228139,1877265,9140,4183,1264,280,46851,-672,649126,34.8099392312
2019-03-18,45.5859992981,10.0539999008,14.136000061,82.089440918,3031.84,91.5771428571,763.666666667,96.8620147433,107.056641917,78.8762499367,352399,59727,220186,62538,2012864,-369503,362265,67.708,59.394,67.662,67.672,80.594,74.822,76.396,66.158,64.748,79.956,61.282,27.41,833,-3.862,6932,65,89,53,418,6932,9048,102,70,32,53,168,740,228,69,53,714,188,91,793,2116,3392,7589,154,1608,780,87,909,659,4197,3540,-2081,833,-1,88.9,16536,18604,-109,126,341,909,1049,691,16198,1004,154,9925,1709,6713,4923,4549,219,5805,5,5811,9925,3212,1765,57,902,3212,355,1981,0,27.4,22.4,31.1,31.3,26.4,132242,241503,31280,103188,2095,22285,247,64495,118275,3635,10332,22327,24412,219176,1732,41402,49398,99761,22038,262419,42,42,29280,92730,-9589,439483,4175,1088609,1215646,1864772,9409,4212,1232,118,46383,-468,649126,34.8063368481
2019-03-25,58.613319397,10.3200000763,14.8600000381,81.5296203613,3017.88,88.8385714286,698.5,83.20174408,85.94163703,82.18281555,363349,54743,263096,50779,1962559,-426847,414746,67.844,59.522,66.934,66.942,79.608,74.796,76.262,65.058,63.82,79.71,60.912,28.124,824,-9.589,6540,9,32,29,473,6540,8761,195,192,3,29,145,658,209,55,29,745,201,183,688,2221,2886,8084,205,1710,1127,263,1200,693,5198,3654,-2977,824,-9,86.6,16114,18604,284,130,297,920,1105,394,15831,975,134,9657,1665,6835,4925,4569,223,5889,5,5894,10058,3223,1741,75,941,3223,289,2006,-401,27.6,23.7,35.7,30.6,26,130167,238620,31662,102236,2307,21362,250,63251,115764,3942,10461,21412,24448,217209,1829,42023,49415,100268,21112,262651,50,50,30083,92035,2800,442283,5222,1091409,1215839,1864965,9124,4035,986,94,46924,541,649126,34.6761825141
2019-04-01,52.3300804138,9.83999996184,13.379999733,82.0639587402,3037.1,99.7914285714,719.666666667,65.7638320933,30.963309605,88.6552403767,376125,54090,280748,42543,1968511,-455418,448619,69.486,62.362,68.792,68.91,80.54,75.808,77.492,65.682,64.594,80.382,60.978,25.46,816,2.8,6763,51,204,7,312,6763,8870,144,136,7,7,171,739,61,79,7,870,177,110,746,2107,2723,7594,121,1628,1143,221,1143,615,4871,4040,-2764,816,-8,86.4,16078,18604,341,155,133,909,1133,503,15849,999,122,9813,1647,6740,4870,4486,262,5821,5,5825,9944,3205,1705,58,914,3205,335,2037,-131,28.1,22.1,43,30.1,25.7,128169,236839,32894,99412,2028,21883,245,64029,113932,3812,10425,21933,23992,214906,1762,40315,49437,103466,21638,267692,50,50,29405,92772,7238,449521,3687,1098647,1222839,1871965,9131,3653,879,321,47125,201,649126,34.5985929794
2019-04-08,48.2138603211,9.51599998474,13.1580001831,82.6805007935,3020.96,78.3371428571,793.5,135.58828735,88.30992889,198.5311737,395210,46550,283063,38256,1975009,-487273,481361,71.164,64.092,70.304,70.54,82.852,79.088,80.994,66.256,64.832,82.51,62.444,25.014,831,7.238,6599,11,84,102,409,6599,8635,98,95,2,102,108,613,167,66,102,673,169,216,714,2036,2349,7545,215,1648,1064,239,1374,656,5196,4250,-3160,831,15,87.5,16407,18762,90,139,782,919,1499,488,16100,1002,154,10169,1669,6876,5038,4638,246,5881,4,5885,10123,3248,1722,54,991,3248,299,2003,46,28.5,24.7,47.8,30.4,24.5,128053,229129,33656,96504,1777,20550,266,61595,113395,3657,11002,20593,23193,208536,1577,41915,48660,106717,20283,270793,43,43,29270,92177,7029,456550,4076,1105676,1227037,1876163,9806,4048,933,295,45992,-1133,649126,34.5514663692
2019-04-15,48.4581003189,9.42499995231,12.2560001373,81.9141254425,3014.75,62.6642857143,667,76.7922808233,41.94551722,95.2461090033,396440,38299,307292,31763,2021814,-535482,516662,71.6225,63.8025,70.7325,70.955,82.9575,79.51,81.7225,65.885,64.3575,82.795,62.9975,25.18,833,7.029,5992,13,131,125,572,5992,8706,138,135,1,125,150,865,278,65,125,1000,121,187,990,2714,2401,7716,254,1371,1118,313,1660,599,5315,3591,-2601,833,2,87.7,16446,18762,-80,243,413,924,1198,622,16078,1016,78,9917,1643,6821,4823,4476,269,5910,5,5915,10086,3265,1714,72,906,3265,448,1956,-169,28.5,25.4,59.3,32.9,24.3,127691,227955,34020,98492,1599,20716,264,61591,112213,3683,11795,20754,22676,207200,1629,42366,45518,109291,20452,274124,38,38,29076,92746,-1396,455154,3817,1104280,1229596,1878722,9420,4478,613,350,44449,-1543,649126,34.3863727141
2019-04-22,49.6600593567,9.44200000763,12.763999939,81.4028793335,2971.4,71.9642857143,701,143.0325699,108.8732605,162.1726913,411833,31968,333059,29693,2092151,-529990,515258,73.924,65.28,73.742,73.87,84.576,81.018,83.012,68.75,66.898,84.63,66.208,26.944,825,-1.396,7149,25,131,164,476,7149,10000,245,242,1,164,109,740,251,64,164,987,147,316,905,2851,2681,8230,155,1605,1284,351,1608,546,5549,4468,-2698,825,-8,90.1,16910,18762,-217,148,637,928,1027,458,16583,1048,116,9781,1631,6715,5064,4741,207,5965,6,5971,9971,3256,1702,71,745,3256,309,1998,-190,28.5,24.7,66.7,33.8,23.9,127029,225826,33302,100133,1429,20631,268,58545,111744,3778,11507,20682,22747,205144,1599,42215,45037,111934,20363,278126,51,51,30243,95080,5479,460633,3347,1109759,1238616,1887742,9409,4605,683,107,44912,463,649126,34.1317387328
2019-04-29,47.3534599304,9.18799991608,13.663999939,80.2143798828,2922.38,77.6057142857,762.666666667,60.3473078433,36.1916408543,77.44594192,428264,31998,338832,24445,2139213,-570469,547359,71.724,62.952,71.02,71.3675,82.725,78.4775,80.29,67.165,65.15,82.64,62.665,29.626,805,5.479,7414,78,87,81,357,7414,9668,63,60,0,81,166,689,159,71,81,1092,114,57,770,2254,2611,7767,143,1444,1341,377,1163,688,5156,4803,-2902,805,-20,89.2,16741,18762,-60,204,263,928,642,236,16446,1024,114,9927,1670,6724,5128,4847,167,6002,5,6008,9931,3206,1719,48,716,3206,469,2066,-4,28.9,23.9,74.6,33.2,24,125722,226743,33390,100330,648,21274,274,58035,110652,4255,10816,21325,22695,205418,1930,40919,46406,114905,21000,281895,51,51,29847,95686,9934,470567,4154,1119154,1251659,1900246,9228,3910,628,206,45177,265,648587,34.1337722072
2019-05-06,51.940940094,9.61399993897,17.8600000381,78.9332382202,2858.175,97.7657142857,740,129.2348976,72.71846771,158.3460617,433588,29219,329196,27853,2144648,-549163,524103,70.5,61.826,69.596,70.262,82.496,74.39,76.204,65.028,62.928,81.752,61.216,32.498,807,9.9,6693,19,259,161,553,6693,9227,111,89,20,161,122,954,105,55,161,1067,115,22,1114,2534,2322,7548,271,1489,1304,344,1327,491,5226,4371,-2692,807,2,88.9,16687,18762,-87,129,283,919,819,494,16405,1036,160,10129,1639,6765,5089,4758,171,5894,5,5899,9958,3193,1733,94,866,3193,411,2063,171,28.5,22.2,81.3,32.9,23.9,125563,226147,32872,99002,395,20781,280,58840,110256,4250,11058,20823,22468,205324,1808,39720,47087,118312,20501,287215,42,42,27953,98452,-3963,466604,3307,1114321,1249867,1897584,9871,3814,742,360,45998,821,647717,33.8085542913
2019-05-13,56.9179000854,9.60799999237,17.2599998474,79.4681808472,2846.56,108.158571429,740.5,194.86421965,106.43153765,253.76271055,434082,27907,310577,38665,2133539,-521579,494336,71.614,62.094,71.126,71.636,83.916,76.548,78.364,64.914,62.802,83.256,61.746,30.97,805,-3.963,7612,13,34,93,534,7612,9769,41,36,4,93,78,659,292,41,93,803,126,143,752,2157,3347,8562,126,1631,1347,127,1199,785,5215,4265,-3058,805,-2,90.5,16978,18767,41,164,520,953,1232,507,16676,1051,136,9912,1597,6984,5264,4891,237,6132,6,6137,10292,3308,1671,74,847,3308,332,2115,-380,28.6,22.2,90.3,31.4,23.9,125647,225024,33071,99099,864,21276,183,58220,111665,3500,10481,21330,22250,203694,1876,40220,45511,124033,21093,292789,54,54,29588,97826,5431,472035,2086,1117988,1264667,1910620,9148,3855,477,114,47803,1805,645953,33.4734597343
2019-05-20,57.6922203064,9.13199996948,15.7559999466,79.0655395508,2804.14,106.264285714,707,127.575256333,70.7185745233,168.243738833,424646,27335,299719,40731,2153657,-508879,487808,70.318,60.81,69.705,69.9,82.3325,75.25,77.135,64.5525,62.2525,81.5425,59.22,29.946,802,5.431,6943,135,155,190,601,6943,9700,102,100,1,190,268,1160,146,36,190,943,126,90,1350,2757,2922,8067,248,1542,1263,265,1411,416,5145,4021,-2388,802,-3,89.9,16875,18767,-65,244,497,951,1052,376,16578,1071,108,9883,1565,7011,5206,4880,217,6133,5,6138,10294,3283,1726,160,873,3283,298,2079,-411,28.9,23.5,103.5,31.6,24.3,126415,228740,33180,99057,704,22878,183,58044,112570,3394,10453,22923,23404,205816,2011,40823,48011,126514,22695,296001,45,45,29067,98729,4740,476775,4372,1121593,1281538,1926356,9429,4214,485,197,49069,1266,644818,33.4959775301
2019-05-27,64.8369255066,9.42750000953,17.852499485,78.8941001892,2780.95,89.9528571429,706,87.0102196,16.678642275,130.7918129,425955,32340,277883,41474,2085029,-501886,478398,68.206,57.01,66.654,66.792,79.63,70.596,72.464,62.506,60.246,79.16,56.824,39.33,797,4.74,6862,65,146,234,461,6862,9424,177,156,21,234,182,853,78,40,234,756,117,347,1087,2562,3317,8563,184,1457,1262,318,1308,717,5246,3545,-2684,797,-5,91.2,17108,18767,-319,119,507,948,758,450,16767,1057,123,9863,1695,6741,5182,4874,185,6091,6,6097,10009,3268,1782,84,644,3268,411,2055,-146,28.7,21.7,93.6,31.1,24.4,124800,230944,32461,100173,1112,22781,175,56294,111546,3150,10106,22829,22624,208114,2029,38376,50535,130251,22606,298196,48,48,28301,98051,-282,476493,2128,1121311,1280243,1925061,9394,4285,882,550,49053,-16,644818,33.1039021778
2019-06-03,73.7137207031,11.3479999542,16.8299999237,77.1809799194,2750.32,157.715714286,737,69.65982437,39.721334455,86.351039885,402320,49584,252567,52177,2102854,-449077,438938,61.768,52.998,60.1925,60.3,72.5975,63.8225,65.44,59.0925,57.055,72.64,49.055,42.968,800,-0.282,7927,50,87,131,557,7927,10533,112,110,2,131,271,964,158,58,131,1080,107,53,1095,2606,3298,8344,89,1418,1075,309,1476,679,5046,4629,-2440,800,3,91.8,17227,18767,-144,209,443,931,611,103,16938,1044,150,10049,1707,6909,5404,5043,212,6003,5,6007,10119,3209,1794,85,902,3209,391,2146,-69,28.9,21.7,97.1,33.3,25,129372,234149,32463,100510,720,23192,189,57084,115836,3354,10183,23246,22553,210903,2175,38742,52589,133537,23003,302782,54,54,28793,99369,6771,483264,3886,1128082,1303043,1947861,9441,3928,767,64,50844,1791,644818,32.9470878817
2019-06-10,71.107359314,11.2060001373,15.7879997253,77.4021591187,2762.94,153.042857143,774.5,133.466133115,88.76412009,158.52301405,351457,47130,237209,53837,2078407,-411548,400168,61.574,52.492,60.656,60.722,72.822,64.664,66.49,58.278,56.456,73.074,49.392,41.064,789,6.771,7611,96,102,52,337,7611,10172,123,73,3,52,113,648,139,62,52,1146,149,259,700,2561,3122,7852,211,1538,1012,301,1137,531,4730,4489,-2169,789,-11,93.2,17535,18807,-171,175,197,953,580,379,17064,1096,120,10276,1821,6929,5239,4893,226,6140,4,6144,10250,3321,1911,86,785,3321,388,2177,26,28.8,21.9,87.3,32.4,24.6,128372,234913,32671,102082,204,22405,182,56824,114621,3560,10192,22690,21802,212223,1778,39163,53113,139096,22223,307076,285,285,29252,99046,2206,485470,4394,1130288,1312314,1957132,9877,3912,904,280,52940,2096,644818,32.9550524644
2019-06-17,74.3940597534,13.6059997559,14.9959999084,78.360319519,2782.02,139.264285714,796.333333333,118.769986457,52.3655026767,167.572202067,346066,54040,207925,78509,2057046,-358619,351655,62.91,54.734,61.742,61.762,74.204,65.256,66.866,58.382,56.694,74.506,52.146,42.832,788,2.206,7467,97,100,21,443,7467,9571,165,163,2,21,175,815,258,39,21,684,110,50,837,2104,3422,8831,227,1682,1208,109,1553,630,5409,4045,-3305,788,-1,93.9,17669,18807,-79,66,363,942,757,406,17264,1081,121,10423,1719,6956,5371,5028,221,6043,5,6048,10258,3302,1830,106,908,3302,465,2175,165,28.4,22.2,87.9,31.8,24.1,127821,233221,31746,102463,968,21850,196,55293,114380,3567,9874,21895,21613,211325,1948,40473,52602,142134,21654,307719,45,45,29100,97334,-3106,482364,4866,1127182,1311841,1956659,9928,4114,611,428,53582,642,644818,33.1569264058
2019-06-24,72.4137191772,16.2639997482,15.7299999237,79.8597595215,2819.02,101.945714286,815.5,117.95964433,43.836788175,168.7511215,333483,61977,218051,71313,2003618,-362669,363087,65.9,58.602,64.198,64.196,77.438,69.352,70.966,62.1,61.07,77.902,55.55,39.402,789,-3.106,6656,12,211,10,324,6656,8701,33,32,1,10,259,806,84,31,10,875,111,125,816,2045,3770,9377,165,1526,1174,84,1719,939,5607,2886,-3562,789,1,94.2,17712,18807,42,79,212,951,858,526,17337,1072,197,10512,1808,7099,5305,4905,202,6099,5,6105,10414,3315,1905,94,995,3315,400,2131,98,27.4,22.2,90,31.8,24,125380,232225,31224,100513,579,22669,191,55959,111878,4165,9336,22710,21567,209514,2067,39837,52465,145520,22478,311641,41,41,28797,98204,-12788,469576,4186,1114394,1299928,1944746,9466,4175,871,484,51836,-1746,644818,33.1132520691
2019-07-01,67.1831493377,15.2100000381,13.2100000381,78.8564491272,2776.44,126.931428571,716.5,103.97862436,29.9019227025,157.656696325,326480,71726,204712,59273,2004961,-374908,378803,63.762,57.5475,62.468,62.79,76.814,70.198,72.12,63.686,62.986,77.332,55.112,36.2775,793,-12.788,7585,22,183,53,217,7585,9272,98,97,1,53,61,482,116,34,53,818,106,14,536,1687,2990,7925,179,1592,1112,84,1405,563,4935,4595,-3248,793,4,94.2,17718,18807,83,187,86,947,589,233,17290,1081,100,9948,1775,6867,5336,5001,235,6125,5,6130,10142,3275,1860,81,737,3275,401,2069,-194,27.2,21.8,89,31.3,23.8,126788,230642,30252,101070,583,22302,192,56003,113865,3721,9202,22332,22844,208309,1867,39382,50654,149179,22110,313395,30,30,28638,97400,-1085,468491,3401,1113309,1302493,1947311,9492,4358,863,354,52488,652,644818,33.1740188008
2019-07-08,62.848059845,13.9479999542,13.2800001144,80.0549194336,2793.66,74.2185714286,793.5,102.011657725,37.34136772,142.15856935,320816,72810,213681,52464,2031169,-398231,392810,65.704,59.266,64.336,64.856,78.66,73.164,75.78,68.792,68.274,79.066,57.25,31.062,788,-1.085,7302,76,149,52,292,7302,9988,181,90,44,52,303,819,203,77,52,1161,106,147,871,2686,3048,8337,169,1544,1265,156,1455,700,5289,4254,-2603,788,-5,94.7,17808,18802,-272,212,269,943,755,547,17438,1047,132,10418,1917,6974,5358,5043,182,6102,5,6107,10220,3246,2005,85,868,3246,393,2150,198,26.5,22.6,86.6,33.9,23.7,130517,229187,30402,101467,502,22412,291,54309,116989,4063,9466,22445,23009,206742,1772,41036,50464,150852,22121,314145,33,33,29751,95327,-9499,458992,2810,1103810,1298926,1943744,9754,4934,995,225,52178,-310,644818,32.9708246004
2019-07-15,62.4931594849,15.7040000915,13.4979999542,79.6145599365,2855.88,66.7357142857,720.5,62.574939725,23.117071155,88.753150915,319018,74875,210024,51419,1999766,-392967,390149,63.778,56.982,63.344,63.814,78.258,72.66,75.39,66.454,65.316,78.37,55.622,33.148,784,-9.499,6832,31,154,12,587,6832,9225,132,61,1,12,68,840,190,33,12,937,96,163,852,2393,2534,7058,207,1575,967,42,1116,617,4524,4298,-2131,784,-4,94.4,17741,18802,-253,285,206,910,335,97,17267,1066,101,9855,1859,6783,5361,5071,189,5892,5,5897,9886,3103,1948,85,887,3103,413,2247,-31,26.3,22.2,73.5,36.5,24.5,136203,232752,30354,104121,679,22665,309,53721,122001,3846,10355,22697,23365,210055,1731,41414,51534,155658,22356,317980,32,32,30161,94336,-3116,455876,4157,1100694,1310905,1955723,9214,3877,1252,475,50827,-1351,644818,33.0798886766
2019-07-22,60.560559845,13.9140001297,12.6219997406,79.1270202637,2838.8,104.895714286,706,138.46037295,80.572551725,195.26287075,341220,60800,251622,51978,2089629,-431546,423762,63.424,56.218,62.784,63.586,78.172,69.264,72.216,65.626,63.708,78.424,54.564,32.596,779,-3.116,7028,77,36,20,681,7028,9633,105,102,2,20,171,965,227,35,20,974,100,214,985,2605,3292,7994,179,1647,1261,85,972,558,4702,3736,-2097,779,-5,93.1,17508,18802,-241,228,406,942,874,481,17034,1039,71,10089,1816,6909,5219,5006,142,6054,5,6059,10158,3249,1934,114,850,3249,449,2218,-69,25.8,23,76.7,36,24.4,136816,232526,29857,106073,277,21803,301,53492,122943,3634,10239,21841,23689,210685,2026,42429,50843,155885,21502,317754,38,38,31236,93979,-10835,445041,3090,1089859,1304457,1949275,9673,4551,798,425,50398,-429,644818,33.2517361532
2019-07-29,60.4852394104,14.4640001297,15.6740003586,78.2582595825,2798.225,119.658571429,729.333333333,123.690775567,89.7473258867,141.151112867,322775,66456,247637,76797,2056492,-397488,397851,63.198,56.622,62.822,63.108,78.314,69.264,71.848,65.268,64.436,78.672,54.942,32.892,776,-10.835,6663,57,242,58,561,6663,9333,103,71,18,58,199,1059,204,37,58,960,137,149,1117,2670,2574,8401,261,1888,998,361,1510,809,5827,4089,-3157,776,-3,93,17484,18802,84,245,246,959,870,295,16991,1031,75,10416,1812,6849,5164,4895,194,6188,6,6194,10140,3291,1891,76,656,3291,347,2201,276,25.4,22.7,73.2,35.6,24.2,135922,230735,29357,104186,1141,22547,289,52557,121659,3690,10572,22580,24468,208154,1881,42016,50270,157599,22258,318667,33,33,29599,93715,-8496,436545,3434,1081363,1294383,1939201,9559,4450,1131,369,48865,-1533,644818,33.0744929839
2019-08-05,77.5506210327,17.0520000458,19.8259998322,76.7347198486,2740.08,89.5428571429,699.5,188.3981781,122.513626085,219.0480499,344378,68038,250432,82317,2069072,-387067,387291,58.178,53.29,58.2875,58.9275,73.6225,66.1925,69.665,55.145,53.92,73.655,50.27,36.538,770,-8.496,7148,31,322,53,426,7148,9764,253,251,1,53,385,1163,95,66,53,696,102,217,1217,2616,1865,6919,108,1352,1294,88,1435,777,5054,5283,-2438,770,-6,96.4,18117,18802,130,237,110,945,589,113,17777,1040,112,10421,1849,6968,5286,4966,208,6093,5,6098,10227,3259,1928,76,870,3259,381,2361,194,25.4,23.1,80.3,35.2,24.7,137451,235172,28465,102274,1563,22857,293,55883,124310,3097,10044,22903,23117,212269,1906,42744,52550,157444,22564,316268,46,46,31832,92216,2385,438930,2635,1083748,1304775,1949593,9651,5181,765,191,47361,-1504,644818,33.0310692383
2019-08-12,85.325038147,18.0299999237,20.0720001221,76.9491775513,2770.46,133.771428571,746.5,72.64006234,52.62287235,80.5366516,335929,72429,259075,81886,2070210,-374089,375641,59.244,55.32,58.4875,59.11,74.5925,66.8675,70.575,49.8,48.2925,74.3575,49.9825,34.934,764,2.385,7714,49,91,169,355,7714,10358,126,124,0,169,141,637,239,57,169,1237,93,143,805,2643,2683,7736,262,1523,893,301,1621,453,5053,5031,-2410,764,-6,94.8,17826,18802,-176,369,320,967,813,300,17302,1045,83,10203,1858,7111,5077,4819,174,6265,5,6271,10412,3301,1938,76,841,3301,328,2259,-209,25.5,22.2,90,34.1,24.1,135513,233760,27179,103623,1275,22768,262,54576,122098,3166,10249,22811,23883,210948,1741,42028,51473,159919,22507,318206,43,43,30817,93445,1580,440510,5038,1085328,1307338,1952156,9932,4955,978,315,44821,-2540,644818,32.9654812785
2019-08-19,86.5683792114,15.8400001526,17.3460000992,76.5268585205,2748.14,259.244285714,700.5,86.730667115,60.56621361,128.42090225,309056,82289,267598,67099,2059135,-371534,382144,59.866,55.55,59.49,60.248,74.028,66.348,70.056,52.396,50.858,74.662,50.57,33.062,770,1.58,7218,29,131,255,390,7218,9441,210,209,1,255,88,637,145,41,255,530,134,313,892,2223,2803,8088,289,1715,818,368,1419,676,5285,4415,-3062,770,6,95.9,18038,18802,-234,185,450,961,737,336,17702,1023,153,9897,1855,6889,5340,5017,170,6183,5,6189,10199,3311,1956,98,700,3311,393,2191,-302,25.1,21.7,90.4,35.9,24.2,138123,234072,26587,106197,1175,21718,265,53620,124246,3400,10477,21755,23367,212317,1730,41348,51324,161763,21453,320056,37,37,29986,93874,-2732,437778,1700,1082596,1311222,1956040,9626,4299,955,457,42336,-2485,644818,33.1569434553
2019-08-26,88.0700210571,16.6940000534,19.167999649,76.9188812256,2745.525,166.901428571,723.5,111.93586922,76.543975855,129.231985115,297119,76920,257246,50404,2002847,-405813,414635,60.042,55.232,58.918,59.198,73.794,66.186,69.792,56.146,55.828,74.294,49.668,33.17,754,-2.7,5928,65,232,13,412,5928,8574,125,122,1,13,243,952,179,41,13,1009,93,266,965,2646,3019,8332,193,1724,950,181,1565,700,5313,2909,-2667,754,-16,95.2,17906,18802,-124,223,335,955,1019,585,17408,1038,116,10660,1838,7026,5193,4880,198,6146,6,6152,10326,3299,1914,74,874,3299,429,2201,335,24.4,22,101.9,35,23.7,136060,231982,25186,106210,1160,22221,271,52843,122523,3493,10043,22267,22982,209714,1850,41697,49499,160306,21950,317724,46,46,31693,94101,-10027,427751,4531,1072569,1299927,1944745,9900,5320,837,270,40356,-1980,644818,33.2423079045
2019-09-02,81.4011993408,16.1500003338,17.0650000572,77.8366241455,2790.72,134.888571429,701.5,82.734336855,42.312034605,106.651474,312137,88016,239866,57416,2003007,-382445,391650,60.022,55.755,57.716,58.426,73.586,64.572,67.946,53.452,53.298,73.928,49.47,34.25,742,-10.027,6904,13,127,12,406,6904,9165,126,120,4,12,158,705,206,43,12,898,140,147,717,2261,3061,8384,144,1703,934,214,1509,819,5323,3843,-3062,742,-12,94.8,17824,18802,-180,119,390,952,866,537,17381,1013,110,10272,1874,7013,5154,4867,177,6117,6,6123,10308,3295,1952,76,889,3295,368,2188,-36,24.2,22.3,98.7,33.8,23.6,133522,229586,24508,105571,1639,22178,244,51669,119081,3714,10727,22223,23801,207364,1898,42636,48486,160562,21934,319486,45,45,30066,96060,-4771,422980,1581,1067798,1294933,1939751,9471,4618,992,534,40126,-230,644818,33.2944874067
2019-09-09,78.605279541,14.8679998398,14.6079999924,78.5359207153,2844.82,92.8271428571,778,87.725952135,72.9718342,117.368915575,326458,84219,232208,63954,2082415,-382119,384157,61.276,56.188,59.916,60.856,76.034,68.574,73.016,59.318,59.034,76.8,52.136,34.566,738,-4.771,6725,0,191,157,309,6725,8541,44,39,3,157,140,639,80,56,157,731,95,69,797,1816,3295,7921,283,1544,861,107,1194,637,4626,3430,-2810,738,-4,95.1,17888,18802,-81,109,86,930,658,544,17495,1023,134,10360,1895,6865,5341,5045,162,6022,6,6028,10057,3193,1982,86,836,3193,301,2163,302,23.8,24.9,92.3,34.6,23.6,136226,228904,24079,103861,2066,22664,258,53958,121507,3707,11012,22733,22499,206170,1994,44485,46286,163034,22406,320770,69,69,29241,95246,-6912,416068,3368,1060886,1291893,1936711,9807,4643,1277,381,39328,-798,644818,33.2811695155
2019-09-16,81.7179199219,15.8000001907,14.4859998703,79.8796203613,2818.62,110.782857143,777,190.15232085,165.27547455,223.7495117,364217,70339,245334,44166,2080994,-424188,428205,65.17,59.314,64.444,64.824,80.358,74.666,81.116,71.54,71.01,81.308,58.422,42.81,733,-6.912,7050,6,23,58,320,7050,8909,142,137,3,58,95,444,226,57,58,668,100,210,501,1859,3175,8725,292,1664,1162,410,1330,692,5550,3875,-3691,733,-5,91.2,17145,18802,-382,154,255,905,439,412,16707,1003,145,9451,1769,6618,5109,4804,161,5745,6,5751,9802,3183,1844,73,868,3183,351,2195,-351,24.2,24.4,100.7,34.5,24.1,136663,229685,23953,106338,1216,21825,260,55199,121618,4327,10717,21873,23238,207811,1868,43592,45057,161247,21566,317241,48,48,28605,93833,1058,417126,2493,1061944,1292668,1937486,8939,4603,730,242,38681,-647,644818,33.2713640517
2019-09-23,80.8278991699,15.9399999619,16.2419996262,79.0217391968,2789.22,117.762857143,764,95.64640045,44.158498765,144.1363983,355113,70460,253358,39948,2073041,-440283,427105,62.982,56.948,62.484,62.714,78.48,70.332,77.01,62.41,61.58,78.866,55.76,38.518,719,1.058,6378,66,41,8,412,6378,8788,94,88,4,8,272,792,123,48,8,1018,103,158,800,2410,2983,8095,130,1480,1040,34,1623,805,5112,3395,-2702,719,-14,89.8,16888,18802,-215,144,270,935,720,521,16513,943,122,10240,1646,6786,5000,4746,132,6045,5,6050,10035,3250,1773,126,735,3250,392,2247,205,24.6,26.7,85.3,34.1,24.5,133685,230204,23261,105566,628,22506,340,56179,118395,4334,10955,22549,22500,207654,2079,45453,45281,163429,22166,316967,43,43,29526,92817,2412,419538,2692,1064356,1293239,1938057,9346,4597,1475,384,40937,2256,644818,33.2873030139
2019-09-30,84.6579208374,15.663999939,18.3040000915,77.7675415039,2762.78,116.64,754.5,100.70639039,65.81058502,127.57901,347253,77350,251344,53235,2048088,-440254,424162,58.688,53.118,58.822,59.202,75.892,68.35,73.4,51.296,50.552,76.178,55.108,39.392,713,2.412,6291,28,74,100,398,6291,8274,50,48,2,100,243,743,110,32,100,657,120,203,843,1983,2867,7788,216,1323,1006,207,1249,920,4921,3424,-2938,713,-6,86.4,16252,18802,-267,165,257,923,634,480,16017,958,79,10081,1660,6821,4813,4577,158,5896,6,5903,10051,3229,1721,79,919,3229,330,2149,30,25.3,26.6,83.4,33.8,24.7,131267,229976,22091,104809,926,23374,326,55824,115523,4308,11436,23415,23219,206561,1998,44417,45002,162344,23048,314712,41,41,29816,92975,3104,422642,3916,1067460,1292311,1937129,9137,4484,1135,284,40736,-201,644818,33.4241765262
2019-10-07,80.3273208618,15.7599996567,17.986000061,78.0582809448,2790.52,107.03,757.5,161.54790495,182.53844454,156.21557615,330251,76887,207608,72262,2085676,-401977,389319,58.904,53.244,58.44,59.282,75.526,69.11,77.21,45.644,44.588,75.24,56.186,39.216,710,3.1,6224,21,19,170,272,6224,8590,92,69,24,170,160,472,274,72,170,1163,108,86,642,2366,3401,8620,231,1380,1129,229,1454,796,5219,2823,-2853,710,-3,85.7,16107,18802,85,159,123,917,643,277,15656,963,93,10066,1603,6727,4835,4476,266,5928,6,5934,9906,3179,1690,87,793,3179,425,2127,160,26.2,25.5,86.9,32.3,24.8,127324,228763,20737,103087,583,23216,325,56890,112212,4454,10657,23269,21224,205493,1923,44159,44934,159212,22892,310845,53,53,29742,94020,2927,425569,2483,1070187,1283980,1928598,9460,4759,1094,292,41677,941,644618,33.4119447044
2019-10-14,78.4899997711,15.0719999313,13.9659999848,78.514781189,2796.34,89.7914285714,741,107.32577895,85.09354782,153.6741486,295781,89668,201453,106578,2105717,-363509,355085,59.368,53.494,59.436,60.288,75.26,68.474,74.974,46.206,45.366,74.886,58.006,38.658,712,2.927,6295,21,70,94,213,6295,8202,197,197,0,94,254,558,35,40,94,851,98,75,651,1907,3248,8233,245,1558,1257,79,1065,781,4985,3047,-3078,712,2,83.1,15617,18802,-50,7,422,942,832,454,15436,971,99,9998,1514,6971,4688,4451,137,6081,6,6088,10223,3252,1629,114,884,3252,280,2166,-226,27.3,25.8,80,30.4,24.3,123501,226201,20937,100533,1094,22921,315,55723,108073,4254,11173,22966,22061,203235,2002,42806,45885,157684,22606,308325,45,45,28621,92803,9281,434850,2639,1078199,1282157,1925506,9354,4083,1086,436,42953,1276,643349,33.5354807318
2019-10-21,73.6100006103,13.6799999237,13.7659999847,78.9148605347,2827.92,78.4828571429,777.5,97.58954047,84.242710115,102.48756981,295048,92155,201239,114709,2136717,-364457,356884,60.704,55.266,60.1,60.926,75.942,67.288,72.44,47.774,47.66,75.338,57.132,35.686,713,9.281,5857,21,0,93,259,5857,7998,133,131,2,93,324,604,272,59,93,843,106,62,697,2141,3683,8619,165,1787,954,196,1209,625,4936,2174,-2795,713,1,85.2,16012,18802,-50,79,370,928,977,578,15865,996,216,10098,1598,6820,4765,4390,159,5962,6,5968,10030,3209,1647,49,852,3209,368,2059,69,27.5,22.4,82.9,29.4,23.8,120786,223094,19429,99129,1032,22750,315,54584,105220,4287,11279,22796,21364,200298,2188,40467,45553,157108,22435,310880,46,46,28059,97312,-1699,433151,3067,1075501,1273084,1915434,9590,3818,1284,314,44459,1506,642350,33.5559757848
2019-10-28,64.3,13.3319999695,12.8319999695,79.6352615356,2848.36,103.087142857,745.5,97.836559315,70.934841155,107.13293075,299221,90870,220004,126148,2081290,-366970,366172,61.138,55.358,60.535,60.8875,75.595,67.1575,70.7175,47.43,47.4,75.2925,57.8275,35.182,696,-1.699,6697,28,0,145,351,6697,9201,158,157,1,145,150,528,210,79,145,1135,119,156,673,2503,3327,8428,179,1899,1222,137,1012,652,5101,3370,-2598,696,-17,87.7,16487,18802,-155,42,479,936,885,519,15998,1004,147,10184,1669,6957,4970,4576,247,6014,6,6019,10207,3249,1684,56,938,3249,302,2084,-23,27.9,21.7,84.1,28.6,23,119754,220057,18904,99130,534,21995,307,52382,103544,4845,11366,22048,21099,198010,2096,39662,45962,154268,21688,307983,53,53,28305,97926,5702,438853,2937,1080505,1270532,1912184,9784,4434,1048,285,46031,1572,641652,33.4570449318
2019-11-04,62.9820007324,12.3080001831,12.6699998856,80.2860992432,2862.04,99.0414285714,758.5,88.442230225,71.627967835,94.68183899,335731,81732,216972,112297,2045914,-384177,383347,62.326,56.902,61.116,62.092,75.9,70.238,76.038,45.504,45.482,75.504,57.876,33.104,691,5.702,6077,21,62,140,99,6077,8463,306,305,0,140,172,353,175,45,140,1051,149,212,493,2386,2371,7024,143,1343,1048,136,974,1009,4653,3706,-2267,691,-5,86,16169,18802,77,95,32,917,791,587,15761,1014,160,10036,1682,6982,4875,4559,156,5876,5,5881,10193,3211,1740,62,1100,3211,398,2052,-157,28.3,21.5,85.5,28,22.9,119132,217229,18960,95223,310,22166,313,54078,103342,4320,11472,22207,21874,195022,2630,39393,45409,151484,21854,306050,41,41,28797,98186,7929,446782,3419,1087734,1274794,1915746,9145,4372,1050,404,47745,1714,640952,33.5113242577
2019-11-11,65.2459999084,11.8799999237,12.6940000534,79.0057388306,2792.92,89.4014285714,698,68.74152565,61.567798615,74.85347557,360231,77879,224921,108453,2083893,-405946,406140,62.438,57.054,61.838,62.968,74.778,72.374,78.038,36.154,35.664,74.502,58.096,33.894,684,7.929,5750,21,62,100,172,5750,8166,236,235,0,100,323,578,145,37,100,904,122,330,679,2416,2633,7727,229,1723,1111,122,1095,814,5094,3117,-2678,684,-7,87.8,16506,18808,-225,26,366,940,681,513,15916,1030,145,10173,1705,7121,5039,4678,217,6053,5,6057,10371,3250,1780,77,1063,3250,257,2114,-198,28.3,20.9,76.1,27.2,23.2,116655,219090,17981,96427,470,23125,325,53003,101022,4569,11065,23175,20985,195915,2766,39014,46014,149563,22800,301635,50,50,29534,98403,2219,449001,5353,1088510,1268828,1908337,9321,4051,1500,360,46516,-1229,639509,33.5352344121
2019-11-18,63.2699996948,11.4579999924,12.713999939,78.3589813232,2755.1,60.25,786.666666667,75.7932408733,34.4660466533,97.3008232267,380460,69699,217399,64225,2151499,-424751,424597,62.622,57.144,62.204,63.162,74.47,71.462,76.266,36.844,35.644,74.164,59.378,32.558,674,2.219,5972,66,42,11,133,5972,8101,315,314,1,11,263,504,138,37,11,836,137,184,515,2129,3027,8411,211,1471,1362,196,1255,889,5384,2945,-3255,674,-10,89.5,16829,18808,-296,142,17,929,328,466,16435,1033,117,10053,1752,6934,5124,4779,227,5931,5,5936,10168,3234,1812,62,998,3234,252,2127,-115,28.1,22.5,70.8,26.6,23.6,115681,220846,17838,94715,795,23006,342,55051,99835,4407,11438,23054,20514,197792,2989,39592,47232,146104,22664,298032,48,48,29355,97840,1379,450380,2454,1087917,1263559,1901096,9192,4399,1438,266,44221,-2295,637537,33.4875842164
2019-11-25,58.7499992371,10.7300000191,11.9449999333,78.1667995453,2762.16,68.0014285714,718,90.7021382567,73.1305859867,92.30678811,381895,70591,206974,73393,2123596,-441144,429975,63.656,57.425,63.476,63.57,76.256,72.24,75.788,37.312,36.768,75.648,62.996,32.675,671,1.379,6190,0,77,222,293,6190,8798,238,238,0,222,180,551,116,40,222,908,193,345,773,2608,3480,8685,194,1794,1310,156,816,935,5205,2710,-2597,671,-3,89.3,16797,18808,-174,52,-17,930,294,433,16334,1059,94,10065,1720,7001,5075,4738,243,5915,6,5921,10269,3268,1796,76,1080,3268,270,2259,-204,28.1,21.7,67.3,26.5,24.5,116406,225978,17549,97123,795,24052,328,54917,99680,4330,12397,24092,20277,201885,2763,38487,49050,142627,23724,293304,40,40,28822,96764,1572,451952,5383,1088122,1263549,1899719,9204,3859,1261,534,44124,-97,636170,33.5417837242
2019-12-02,62.9699996948,11.2939998627,14.7620000839,77.7349197388,2742.16,112.29,739,87.25075531,57.31037903,107.35388945,413977,64490,238037,39981,2187168,-474776,470936,62.504,57.624,61.734,62.584,75.292,70.6,74.658,36.676,35.516,74.352,62.134,32.532,668,1.572,5989,0,62,38,96,5989,8351,143,143,0,38,203,361,263,54,38,1123,104,319,399,2362,3135,8413,264,1701,839,189,1412,873,5278,2854,-2916,668,-3,91.9,17284,18808,-708,59,-67,902,-98,618,16798,1060,131,9941,1811,6805,5263,4928,203,5764,5,5768,9961,3156,1933,123,1037,3156,297,2258,-20,27.3,21.2,57.7,28.4,25,119469,229363,17956,100004,775,24578,342,55598,103433,4294,11741,24613,20639,204750,2611,38325,48373,138407,24236,287643,35,35,29514,94729,-4856,447096,3164,1082262,1258490,1893656,9032,4445,1791,328,43822,-302,635166,33.2336274265
2019-12-09,62.7499992371,10.6460000992,14.6199998856,78.6947189331,2806.62,135.07,768,87.965927125,34.11582279,128.7534218,393611,62623,208709,58398,2163757,-437710,428035,64.346,59.254,64.058,64.768,76.572,70.758,74.398,42.69,41.266,76.292,64.354,27.994,663,-4.856,6887,40,0,50,288,6887,9085,162,161,1,50,202,529,66,27,50,1030,117,178,579,2198,3400,8937,141,1724,1538,147,1071,916,5537,3487,-3339,663,-5,90.6,17040,18808,-562,25,-92,858,-374,256,16597,1072,180,9753,1715,6689,5228,4891,157,5505,5,5510,9704,3015,1799,85,1179,3015,333,2423,49,27.1,22.3,67,30.9,25.9,123587,234768,19356,103429,445,24597,313,55790,108139,4169,11279,24645,21815,210123,2849,39337,50461,138904,24284,288671,48,48,31456,92738,822,447918,4815,1082886,1275651,1910619,8882,3323,765,86,40429,-3393,634968,33.2511872862
2019-12-16,54.5620002746,10.1079999924,12.4040000916,80.2726806641,2845.92,123.955714286,710,65.91919327,60.0354805,63.579277985,438443,64600,267593,39168,2229813,-501989,495539,66.058,60.748,66.13,66.448,79.526,70.658,73.898,45.494,43.922,79.414,63.73,25.99,667,0.822,6579,13,45,10,259,6579,9373,178,176,2,10,193,510,269,28,10,1244,135,449,519,2794,3633,8602,229,1839,1229,167,915,590,4969,2946,-2175,667,4,90.6,17033,18808,-272,94,-187,912,172,537,16562,1064,154,9840,1781,6881,5072,4696,221,5836,5,5841,10086,3205,1870,88,1040,3205,294,2405,-246,27,20.5,62.1,31.7,26,125096,237297,19726,105268,230,23543,317,57406,109297,4788,11011,23582,21798,213715,2896,38315,50811,135815,23227,287771,39,39,32061,94072,-1085,446833,4566,1081800,1274640,1909607,9411,4047,1687,489,40164,-265,634967,33.4340971798
2019-12-23,56.7339996338,12.0350000858,12.8399999142,80.8762741089,2861,122.075714286,580.5,85.06421087,73.194742225,80.41547012,461941,63581,302046,29828,2166584,-541963,536377,67.4175,61.2575,67.085,67.18,80.6125,72.92,76.3375,47.045,45.94,80.2,63.7575,24.9525,685,-1.085,6809,9,43,71,284,6809,8718,248,247,1,71,186,522,85,47,71,802,135,46,594,1909,3397,9126,262,1959,1033,155,1450,870,5729,3412,-3820,685,18,93.3,17547,18808,-352,35,-22,938,366,706,16980,1083,140,10269,1768,7012,5394,5083,170,6015,5,6020,10294,3282,1871,104,993,3282,271,2383,-25,26.4,22.1,53.9,32,26.1,124944,239260,20246,107249,357,24717,317,57286,108337,5009,11599,24759,21469,214501,3331,39398,49609,132734,24400,283232,42,42,31895,91220,-5474,441359,4647,1076326,1264193,1899160,9303,4220,1890,185,37771,-2393,634967,33.4891318164
2019-12-30,58.7019996643,12.8375000954,13.7725000382,81.1615505219,2848.8,146.704285714,544.333333333,120.22579957,96.1774292067,156.2199834,473212,70757,318879,39039,2114661,-558869,550077,67.3225,61.7425,67.14,67.4825,81.735,72.7175,75.2275,49.3825,48.66,81.0525,63.535,28.7075,677,-5.474,6352,19,46,17,187,6352,8404,183,183,0,17,204,456,223,67,17,860,162,151,473,2052,4462,10134,247,1566,1272,377,1185,1025,5672,1890,-3620,677,-8,94.5,17768,18808,-383,92,-40,884,75,406,17283,1066,142,10173,1843,6820,5311,5029,140,5624,5,5629,9942,3123,1992,148,1191,3123,252,2365,230,25.5,22,58.1,35.4,26.5,133720,242472,21641,107291,372,26144,328,58206,117321,5352,11047,26181,21034,216291,3325,39369,50422,131210,25816,282360,37,37,30031,90044,-11463,429896,6400,1064863,1261072,1896039,8961,4356,1318,292,36322,-1449,634967,33.2321488291
2020-01-06,59.3780006409,13.3400001526,13.2380001068,80.9913192749,2850.82,110.884285714,732.5,290.37854005,156.99732205,404.9619217,486509,75979,321936,38213,2145567,-567635,554857,66.594,60.836,67.866,68.388,81.114,72.406,74.798,55.986,53.15,80.04,62.596,32.064,670,-11.463,6730,29,0,94,66,6730,8843,252,251,1,94,212,307,136,31,94,969,137,217,401,2113,3064,8233,311,1503,988,133,1428,806,5169,3666,-3056,670,-7,93,17484,18808,-619,-57,-173,801,-879,-30,16897,1062,123,8887,1796,6278,5310,5012,175,5187,5,5191,9035,2757,1874,78,1086,2757,244,2464,-148,25.5,22.3,51.5,37.7,28.1,139050,251609,23766,110871,855,26426,317,60156,123480,4608,10963,26474,22462,225135,3082,39987,53253,127449,26109,280455,48,48,28329,89174,1164,431060,5153,1066027,1275734,1910701,8133,4149,1529,571,35501,-821,634967,32.9830541402
2020-01-13,51.2399993896,11.2740001678,12.3100000381,80.019720459,2889.64,107.167142857,760,130.7990799,82.5193367,162.6270294,499529,73766,326186,37756,2244930,-597925,567272,64.432,58.236,64.982,65.104,76.066,69.714,71.848,52.046,49.762,75.668,62.222,31.928,659,1.164,6552,21,0,10,196,6552,8370,202,200,2,10,216,433,29,48,10,636,154,329,443,1818,3481,8296,173,1665,1235,79,1055,608,4815,3071,-2997,659,-11,92.2,17333,18808,-643,38,37,854,-112,457,16973,1095,99,9281,1856,6623,5205,4928,178,5489,5,5495,9611,2988,1937,87,1128,2988,272,2435,-330,25.2,23.6,52.5,42.6,29.6,147221,258287,25200,114091,922,27313,299,62600,131783,4643,10795,27351,23006,230935,2587,40447,53322,125827,27015,281792,38,38,29096,88058,-2549,428511,3268,1063478,1290164,1925131,8558,3670,1495,412,35843,342,634967,33.0121028139
2020-01-20,53.9359992981,11.6824996471,13.3250000477,78.3572502136,2832,85.1828571429,681,96.80231857,42.7381347,136.422958367,494942,68780,276649,50855,2215893,-564332,530312,63.146,56.215,63.754,64.138,74.72,68.41,70.406,51.838,50.566,74.348,60.148,31.215,673,-2.549,6432,35,64,125,240,6432,8801,320,319,1,125,98,438,197,43,125,916,154,220,563,2370,3414,8786,239,1912,1223,135,1054,809,5372,3018,-3002,673,14,90.5,17021,18808,-309,41,-99,864,87,455,16857,1049,117,9535,1796,6444,4954,4659,178,5490,5,5496,9522,3077,1872,86,949,3077,235,2357,13,25.2,24.7,55.5,41.7,30.3,146036,260032,25458,115116,905,28629,304,62705,130185,4916,10937,28671,24031,231361,2465,42400,52635,122271,28325,276414,42,42,30869,88321,-405,428106,4875,1063073,1288470,1923437,8662,5342,1462,67,34882,-961,634967,32.9901658219
2020-01-27,68.5100006103,12.5219999313,17.0459999084,75.6779602051,2652.82,103.094285714,785.5,86.785736085,46.387126925,112.83999254,498736,69746,282867,50678,2146832,-549476,520568,59.018,52.73,58.5375,59.025,68.5875,63.43,65.45,47.4375,46.2325,67.635,56.6275,37.542,676,-0.405,6660,47,0,113,193,6660,8508,122,122,0,113,190,431,89,32,113,725,139,230,543,1847,3509,9360,208,1967,1569,75,1383,649,5851,3151,-4004,676,3,87.2,16409,18808,-217,109,59,873,417,466,15924,1029,125,9158,1791,6449,4979,4682,172,5535,5,5540,9558,3109,1844,61,909,3109,233,2289,-400,25.9,26.1,53.1,39,30.6,144747,261235,26255,115255,841,27424,291,65410,129476,4441,10831,27467,24244,233767,2445,42789,52261,119708,27134,276265,43,43,31580,89887,3548,431654,5908,1066621,1289749,1924716,8793,3611,1337,286,35640,758,634967,33.0023570625
2020-02-03,66.3759986877,11.7119998932,15.9199996948,74.5272994995,2639.54,104.974285714,765.5,111.28654482,102.48028374,107.5588112,480539,78182,252637,76937,2172019,-486135,461762,54.618,50.348,54.468,54.538,66.062,62.498,64.236,44.754,43.974,63.804,53.224,38.616,675,3.548,6615,19,41,60,341,6615,9203,194,194,0,60,217,617,80,28,60,1252,260,125,676,2588,3413,9153,303,1904,1259,113,1175,986,5740,3202,-3152,675,-1,87.4,16445,18808,-157,50,210,888,727,625,15972,1081,129,9903,1798,6675,4976,4667,180,5659,6,5666,9811,3136,1854,60,1009,3136,201,2321,92,26.5,25.8,56.6,36.5,29.9,143235,261144,27478,114799,1299,27720,295,64489,127506,4913,10817,27776,23474,233368,2316,42611,52781,116029,27424,274696,56,56,30893,90836,3355,435009,3013,1069976,1289038,1924005,8933,4481,1217,312,36708,1068,634967,33.019450247
2020-02-10,64.4859992981,11.5339998245,14.3579999924,74.8886810303,2670.7,101.598571429,757,89.72260666,74.62809944,101.314086895,434082,81367,239613,108207,2271741,-425126,397374,55.346,50.83,54.072,54.206,65.67,63.646,65.504,46.758,45.232,63.83,53.546,36.776,676,3.355,6978,54,45,23,119,6978,8723,102,101,2,23,164,383,159,22,23,812,176,89,406,1745,2970,8328,251,1600,1241,237,1407,622,5358,4008,-3613,676,1,88,16545,18808,-134,28,67,873,527,566,16020,1033,111,9241,1723,6513,4837,4639,87,5559,5,5564,9587,3073,1803,80,949,3073,229,2273,-346,27.3,26.3,47.1,34.6,29.7,141222,261049,28552,114064,1152,27166,306,65679,126033,4419,10771,27219,24358,233830,2243,42939,52934,116146,26861,273787,53,53,30396,90320,7459,442468,3956,1077435,1288042,1923009,8722,4520,2088,152,38376,1668,634967,33.0378847162
2020-02-17,69.9600009918,13.8750002385,15.4625000954,76.2849254608,2670.34,106.898571429,728,99.5535761533,46.5335184733,136.352040633,387298,103867,230319,108097,2213522,-412607,396769,58.47,53.125,56.162,56.744,66.236,64.554,66.638,48.856,46.954,64.776,53.304,33.6925,678,7.459,6547,19,13,119,143,6547,8083,127,125,2,119,127,302,81,19,119,609,128,169,421,1535,3564,9290,285,1920,1181,227,1343,770,5726,2983,-4191,678,2,89.4,16812,18808,-17,127,12,896,626,503,16210,1040,127,9525,1612,6511,4852,4546,179,5646,6,5652,9724,3213,1687,75,859,3213,252,2250,-199,27.6,27.4,43.8,35.9,29.3,140587,259078,29917,113654,844,26862,300,64831,127070,3770,9746,26915,24781,232163,2008,43638,52834,115190,26562,276850,53,53,30426,93228,415,442883,4224,1077850,1286969,1921936,8918,3745,1639,190,38243,-133,634967,33.0716113118
2020-02-24,92.7119979858,18.3019996643,31.9420001984,73.2600982666,2616.54,144.872857143,763.5,85.295095435,51.732572555,105.754798875,377915,95325,214994,119458,2138168,-420210,411764,53.476,48.382,52.214,52.598,60.718,59.6,61.456,46.286,43.982,59.788,49.244,45.22,679,0.414,6217,11,0,51,165,6217,7903,177,176,1,51,178,354,43,17,51,713,111,202,405,1687,3657,9197,250,1981,1127,134,1206,842,5540,2560,-3853,679,1,87.9,16524,18808,231,30,-156,902,718,614,16008,1054,115,9797,1555,6670,4846,4555,176,5767,5,5772,9827,3157,1613,58,898,3157,235,2139,-30,27.6,28.2,44.3,34.9,28.8,138472,256387,31202,110634,468,26661,296,66540,125029,3846,9598,26711,24718,229676,2029,43329,52034,115067,26365,280128,50,50,30508,95341,452,443335,4716,1078302,1285009,1919976,9035,3765,1208,292,39149,906,634967,33.2764023981
2020-03-02,103.923999023,21.4180000305,36.7579990387,72.4738388062,2627.04,158.142857143,769.5,87.18263054,98.317659355,82.68201828,390893,102818,204396,81417,2179833,-439803,431466,50.03,45.578,50.494,50.738,58.792,56.242,58.094,43.066,41.99,57.194,46.37,53.464,678,0.452,6238,19,0,133,160,6238,8209,125,123,2,133,200,379,184,34,133,786,122,242,511,1971,4154,9731,311,1937,944,146,1427,812,5577,2084,-3606,678,-1,86.9,16348,18808,257,-4,-101,897,845,694,15696,1079,170,9757,1573,6578,4648,4342,136,5761,6,5767,9705,3127,1640,66,811,3127,179,2095,53,27.8,27.1,38.4,34.5,28.1,134464,252048,32015,108762,548,25902,312,65864,120308,4459,9697,25956,24964,226091,1963,41970,50917,112089,25591,280487,54,54,30584,97950,784,444119,3994,1079086,1273193,1908160,9186,4406,1784,263,37178,-1971,634967,33.4108751473
2020-03-09,141.255996704,29.9260002136,57.7920005799,67.3828598022,2561.3,289.925714286,831,69.856163025,49.871112825,96.94866181,340024,112239,209547,112980,2196089,-390170,388369,34.888,32.34,33.65,33.836,45.666,41.13,42.59,30.174,29.13,43.606,32.904,111.206,682,0.785,6412,26,43,136,353,6412,8711,308,308,0,136,153,575,178,28,136,835,136,121,710,2299,3410,9050,181,1786,1244,154,1530,745,5640,3002,-3341,682,4,86.4,16248,18808,637,-63,-89,919,1199,715,15701,1044,93,9956,1558,6771,4705,4546,65,5891,6,5897,9989,3218,1631,69,874,3218,276,2151,-33,28.4,27.8,40.3,31.7,27,128060,246999,31898,104449,831,25186,345,67186,115408,3989,8663,25239,24334,221760,1796,42414,49294,111861,24841,278923,53,53,31470,97767,7664,451783,4532,1086750,1265513,1900480,9449,4870,1476,117,37882,704,634967,33.5437808711
2020-03-16,126.603999329,42.3940002441,74.6180007934,61.3179397583,2366.4,499.468571429,723.5,78.448547365,60.34046745,83.832263945,292349,138994,221932,107910,2220972,-396382,387397,27.822,24.734,29.014,29.666,38.892,27.982,29.064,28.206,27.226,33.218,25.98,156.55,683,7.664,6539,18,16,109,312,6539,8967,263,263,0,109,233,579,158,24,109,945,123,251,688,2428,4378,9847,276,2007,1148,79,1356,603,5469,2161,-3041,683,1,86.4,16243,18808,340,5,121,915,1027,562,15820,1035,135,9974,1508,6677,4686,4360,192,5918,6,5924,9831,3154,1603,90,753,3154,290,2062,143,28.7,25.2,44.4,30.4,25.8,125120,240819,32932,98971,1412,23690,330,66635,112173,3673,9274,23726,24598,217094,2006,40666,50076,111588,23360,278938,36,36,32725,97010,1954,453737,4810,1088704,1257983,1892950,9696,4672,1058,282,38445,563,634967,33.5030204411
2020-03-23,102.08400116,38.9,62.75,63.1597801208,2277.98,586.511428571,679,121.571060155,73.733970625,165.518632895,247523,169018,203008,79963,2154450,-456598,440237,26.568,23.194,25.814,26.1,37.604,21.458,22.258,26.776,26.014,27.928,20.484,165.302,664,1.954,6117,142,70,192,259,6117,8132,115,115,0,192,171,642,127,32,192,630,149,160,834,2016,3850,9479,274,1788,1433,43,1256,835,5629,2267,-3613,664,-19,87.3,16417,18808,117,106,312,874,921,387,15838,1005,153,8958,1391,6592,4838,4544,141,5759,6,5765,9493,2901,1457,64,827,2901,294,2084,-535,28.9,24.5,44,30.9,25.8,124442,239282,33375,101376,1077,20020,336,65539,110322,4451,9669,20069,24140,219213,1955,39588,51222,113559,19684,283664,49,49,34387,99575,1623,455360,4418,1090327,1260286,1895253,8837,4069,1080,174,39303,858,634967,33.1358819195
2020-03-30,78.9399993896,30.7260002136,53.0780006409,61.5911399841,2294.36,572.442857143,693.333333333,79.8107986433,41.625512756,100.759577423,212047,154955,210012,80124,2141284,-466893,436013,26.858,22.908,22.792,22.838,34.17,20.178,20.91,25.72,24.854,25.948,17.898,161.616,624,1.623,6047,104,62,50,345,6047,8255,127,127,0,50,176,686,224,53,50,991,105,25,736,2208,3155,8451,207,1932,889,96,1499,673,5296,2892,-3088,624,-40,82.3,15481,18808,-838,135,-3,601,-905,-200,14898,840,112,7456,1052,5094,4966,4655,199,4142,5,4147,6921,1827,1129,75,947,1827,221,2100,535,30.1,25.1,47.6,30.3,28.5,122248,246806,34420,106359,647,21232,334,63113,108315,4439,9494,21284,25717,225522,2022,38268,55403,114614,20897,285514,52,52,34405,99457,13833,469193,4602,1104160,1281285,1916252,6659,4447,1357,147,42824,3521,634967,32.574120235
2020-04-06,72.1474990845,31.8999996185,44.2399997711,63.1650743484,2322.2,511.802857143,608.333333333,84.3084564267,71.9276161167,92.3862915033,219723,163354,234662,108212,2340672,-479394,435108,32.31,24.39,24.1475,24.1525,33.5625,21.2625,21.7525,29.5325,28.2675,25.4125,18.12,138.665,562,13.834,5874,46,0,50,303,5874,7943,185,185,0,50,93,442,196,34,50,893,104,199,493,2069,2833,8362,228,2116,1039,83,1293,770,5529,3041,-3460,562,-62,75.6,14216,18808,-1034,6,-282,502,-1321,-11,13634,672,117,5818,785,4232,4982,4766,99,3413,2,3415,5825,1593,872,88,817,1593,163,2007,-7,32.2,29.4,51.5,31.6,34,122724,257303,34845,114502,804,21480,336,66177,110046,4119,8559,21522,27091,235781,1777,38861,54297,119849,21144,288977,42,42,35980,97732,15177,484370,4836,1119337,1314332,1949299,5065,3669,1087,55,49241,6417,634967,32.125178342
2020-04-13,71.1279983521,27.8739997864,39.6059997559,62.5101005554,2390.6,534.024285714,742,82.341056825,44.542030335,110.61616514,229611,125996,236726,97465,2342227,-525047,484895,28.986,20.106,20.796,20.886,30.136,19.056,19.982,24.744,24.27,23.7,17.658,112.262,504,15.177,5680,46,81,65,125,5680,7502,313,313,0,65,85,337,91,14,65,625,95,296,402,1822,3436,9783,146,2089,1714,58,1585,755,6347,2244,-4525,504,-58,69.1,13113,18974,-364,-1,-57,506,-370,52,12665,570,109,5915,643,4280,4927,4612,205,3444,3,3447,5897,1617,715,73,833,1617,170,2052,18,35.3,40.1,53.1,36.2,40.9,129004,262217,34790,116713,960,22477,375,67780,115196,4373,9436,22527,27469,239690,2053,40239,54237,123254,22102,287659,50,50,34586,95687,19248,503618,5023,1138585,1341573,1976540,5081,4133,754,608,54965,5724,634967,31.7155085909
2020-04-20,70.0119995117,29.7080001831,41.7060005188,60.6364395142,2379.9,601.161428571,723.333333333,41.9321473467,14.750677107,59.7421264667,232362,120908,258793,101050,2353955,-554829,510669,21.608,3.92,17.594,17.616,24.906,17.774,19.296,19.19,18.618,17.62,17.75,234.522,438,19.248,4937,25,66,102,107,4937,6446,106,106,0,102,69,267,153,29,102,635,130,118,368,1509,2890,8028,108,2231,1150,5,860,784,5138,2047,-3629,438,-66,67.6,12825,18974,-283,31,22,523,-18,212,12456,563,159,6205,544,4308,5007,4629,220,3548,3,3551,6003,1695,646,101,758,1695,210,2057,202,38.7,51.5,55.5,40.3,47.6,136880,263234,35553,115020,964,23956,383,68071,123172,4022,9686,24008,27689,239226,1561,40792,55171,125553,23573,286738,52,52,35690,92459,15022,518640,3892,1153607,1367104,2002071,5311,3944,943,165,59741,4776,634967,31.5905603313
2020-04-27,56.0880004883,24.7659999847,33.886000061,60.134980011,2396.08,492.418571429,692.5,78.04891968,93.70730208,63.00569344,233999,99880,292389,82655,2276638,-592582,587180,22.94,15.76,18.1125,18.395,24.235,19.615,21.2025,18.595,17.88,15.955,15.46,158.998,378,15.022,5302,0,0,101,58,5302,7110,235,235,0,101,69,127,167,12,101,978,77,122,228,1807,3302,8676,125,1877,893,248,1326,905,5374,2000,-3567,378,-60,69.6,13207,18974,91,27,234,583,543,192,12761,537,112,6735,510,4683,4982,4723,147,3913,4,3917,6571,1888,602,91,765,1888,187,2044,165,41,60.4,55.5,44.2,48.7,141972,259565,35904,113730,936,24464,383,65920,128716,4462,8794,24510,26337,235055,1498,39695,54469,128114,24081,290139,46,46,35338,93273,8991,527631,5909,1163748,1377513,2013630,5860,4514,1315,110,63378,3637,636117,31.3699365847
2020-05-04,52.5080009461,24.831999588,32.6240001679,61.8111198425,2386,558.081428571,710.5,56.059291835,65.29114532,46.585042955,233966,90840,346510,63212,2261202,-590285,589388,29.664,23.446,25.7825,26.28,29.3875,25.4125,27.365,22.2575,21.23,19.5175,20.26,103.88,325,8.991,5712,17,32,195,56,5712,7476,336,336,0,195,66,172,192,7,195,493,162,214,368,1763,3546,7874,132,1653,1006,76,929,532,4328,2166,-2565,325,-53,70.5,13382,18974,-294,60,387,595,281,128,12976,598,42,6705,401,4729,5082,4885,154,3975,4,3978,6671,1942,462,60,751,1942,162,2032,35,41.9,66.5,61.9,49.8,44.8,151490,256407,35802,113851,1247,22395,383,64371,137651,4447,9392,22444,25612,233963,1604,39743,54495,132941,22012,293387,49,49,37193,91937,4590,532221,3780,1170054,1395429,2033262,6664,4186,826,35,65446,2068,637833,31.4435252041
2020-05-11,59.1999992371,23.2979995728,32.0779998779,61.3806808472,2398.8,521.618571429,697.5,42.626155855,18.6170296665,55.3615284,249909,72967,359348,59530,2243871,-536898,530612,30.486,26.44,28.452,28.884,30.954,29.288,32.028,23.816,22.672,26.2,22.878,87.17,292,4.59,5391,12,73,92,227,5391,7181,193,193,0,92,82,394,108,14,92,689,90,225,486,1790,3525,7459,94,1865,832,203,766,174,3934,1866,-2144,292,-33,67.9,12883,18976,114,37,140,666,472,181,12383,617,101,7497,372,4963,4892,4651,140,4516,3,4519,7080,2117,443,71,444,2117,107,1932,417,42,71.1,62.4,46.8,40.1,155001,252894,35272,113069,1104,22516,274,61913,141897,4317,8787,22564,24190,230330,1571,40478,54244,135486,22242,292541,48,48,36680,90613,-745,531476,4896,1171242,1394885,2034651,7398,4176,868,202,62444,-3002,639766,31.4291760059
2020-05-18,56.9859992981,20.5900001526,29.1020000458,63.1248199463,2458.48,425.091428571,718,111.608039857,64.77048747,134.01198324,225714,69638,372777,47881,2248020,-557971,541019,35.28,32.996,33.15,33.276,37.166,34.438,37.22,30.434,28.804,33.556,30.29,79.404,258,-0.745,5197,23,73,140,227,5197,7307,322,322,0,140,62,386,324,29,140,665,118,155,526,2110,3239,6919,90,1546,837,52,911,244,3680,1958,-1570,258,-34,69.4,13177,18976,107,44,-153,680,214,216,12903,663,131,7166,389,5041,4804,4568,105,4601,4,4604,7210,2169,459,69,436,2169,170,1945,-43,41.3,71.1,61.4,46.1,38.3,158832,255724,35666,111630,1451,24409,270,63212,145865,3971,8996,24469,23626,231255,1688,40891,54962,135917,24138,294297,60,60,37359,91583,-4982,526494,3611,1168142,1399920,2041568,6790,4244,1073,176,56857,-5587,641648,31.2725402032
2020-05-25,51.7979995727,18.3324999809,27.9325003624,63.0813264847,2449.2,432.987142857,678,128.9064026,59.35708809,169.22126005,226290,67851,392564,44106,2158749,-574955,543603,35.412,34.09,34.33,34.41,38.345,33.68,36.6975,29.88,28.1525,35.7925,31.6625,72.8925,237,-4.983,7200,13,0,75,99,7200,8755,155,155,0,75,106,217,325,23,75,587,107,88,292,1555,3176,7523,88,1931,1122,111,885,210,4347,4024,-2792,237,-21,71.3,13527,18976,18,38,276,712,471,138,12991,724,141,7171,414,5317,4780,4553,86,4777,4,4781,7607,2290,496,82,536,2290,223,2014,-436,41.7,67.7,72.5,47.4,36.3,164327,255000,35140,112514,1835,22896,270,61292,151462,3761,9104,22944,23176,232056,1809,39995,56415,138308,22625,295507,48,48,38118,90963,7928,534422,3913,1178181,1414785,2058544,7253,3708,779,92,53462,-3395,643759,31.1775764448
2020-06-01,58.9620002747,18.1699996948,26.2119998932,64.0483802795,2538.02,272.342857143,715.666666667,82.3088696667,61.08974711,93.9204406733,234199,61003,411473,48749,2135678,-571140,542574,39.994,37.3,39.244,39.42,42.33,39.216,42.142,35.444,33.83,38.88,36.236,64.83,222,7.928,6179,31,104,203,336,6179,8014,163,163,0,203,109,579,127,27,203,572,68,122,782,1834,2794,7220,128,2117,1027,151,740,263,4426,3385,-2592,222,-15,71.8,13616,18976,-344,7,157,720,301,481,13307,765,103,7779,431,5380,4714,4479,132,4858,4,4862,7706,2326,506,75,518,2326,250,1989,74,41.3,73.2,81.4,51.7,35.6,174261,257795,35122,114609,1670,24085,270,60291,160773,3463,10026,24141,22476,233655,1822,40839,57084,140544,23814,296229,56,56,38654,89609,-2077,532345,1095,1180124,1429929,2077708,7549,3682,589,144,51723,-1739,647779,31.1058332141
2020-06-08,59.6020004273,20.2240001678,31.5659999847,64.4339607239,2616.7,304.221428571,699.5,70.95648956,37.246923445,90.994186405,239591,68109,429708,49601,2127664,-600014,568330,40.198,37.866,40.744,40.776,45.686,42.478,45.094,37.974,35.896,41.182,37.666,67.648,206,-2.077,6864,13,89,125,261,6864,8923,177,177,0,125,142,505,45,26,125,781,110,317,629,2059,2439,7057,76,1608,1094,119,1413,308,4618,4425,-2559,206,-16,73.1,13871,18976,71,49,103,765,547,324,13484,837,97,8139,546,5732,4762,4606,59,5128,3,5131,8205,2473,619,72,601,2473,220,2097,-66,40.9,61.7,71.6,54.3,35.1,175829,258661,34807,114091,2137,24482,321,60578,162006,3968,9855,24529,21802,234132,1627,39968,57327,144293,24161,298846,47,47,40185,89251,5720,538065,3840,1188064,1439638,2089637,7900,4197,1263,199,49444,-2279,649999,31.0576410337
2020-06-15,57.0680007935,18.9720001221,33.9199996948,64.0707397461,2615.2,381.571428571,694,66.51327705,52.95764542,70.512533205,249847,66309,432860,51515,2126629,-608563,567909,41.018,38.41,40.828,40.844,47.594,44.24,46.994,36.576,34.862,41.792,39.526,63.254,199,5.72,6642,76,46,35,253,6642,8294,163,163,0,35,121,496,242,27,35,460,60,196,530,1652,2462,6815,99,1681,746,31,1301,495,4353,4180,-2701,199,-7,73.8,13999,18976,-113,23,202,789,606,494,13600,841,88,8356,600,5649,4498,4248,161,5233,4,5237,8240,2591,740,139,412,2591,270,2142,116,40.4,59.2,74.5,54.3,33.6,174471,256995,34368,114964,1814,24666,312,59656,160784,3859,9828,24713,21346,232281,1605,40632,55848,148879,24354,303525,47,47,41507,89756,1215,539280,2646,1191010,1446723,2098453,7870,3759,1073,245,46836,-2608,651730,31.0648382228
2020-06-22,53.1279998779,20.063999939,32.7860004425,63.9835411072,2641.76,302.368571429,726,50.36453819,37.2103462215,64.44357109,247607,62387,416035,61672,2076990,-580309,546272,41.618,39.21,42.16,42.158,48.38,45.544,47.648,37.382,36.074,42.982,41.9,61.386,189,1.215,6540,11,142,65,409,6540,8737,69,69,0,65,77,638,164,23,65,1104,63,93,704,2196,3157,7786,78,1805,1179,153,1128,286,4629,3383,-2433,189,-10,74.6,14162,18976,482,200,113,831,957,163,13840,893,102,8794,622,6222,4561,4356,102,5530,5,5535,8943,2721,694,71,686,2721,284,2154,-149,39.9,60.1,78.7,53.6,32,174720,255322,33076,113857,1602,24431,309,60234,161144,3584,9992,24470,21034,230852,1625,40461,55159,153012,24122,305203,39,39,41864,88523,1442,540722,3031,1194443,1450655,2104376,8608,4596,701,173,45845,-991,653721,31.103620363
2020-06-29,52.8324995041,18.865000248,29.2380004883,65.0088996887,2685.06,335.565714286,680,63.0354180325,64.58565569,78.342949395,261320,59651,419840,54818,2003477,-595878,560883,42.166,39.86,42.186,42.23,48.718,43.516,45.762,37.296,36.476,42.082,42.424,55.605,188,1.442,5969,32,0,26,739,5969,7906,135,135,0,26,214,985,175,63,26,439,59,118,1011,1937,3092,7836,62,1847,1127,159,1066,483,4744,2877,-2807,188,-1,75.5,14320,18976,272,81,-31,829,686,364,14033,900,108,8905,666,6080,4624,4436,79,5508,5,5513,8807,2727,743,76,567,2727,310,2230,98,38.8,58.5,80,49.4,31.2,174127,256521,32611,113605,2212,23636,327,61134,160680,4018,9428,23684,20164,232837,1576,42334,55887,157179,23309,308359,48,48,42149,87975,-7195,533527,2326,1188940,1451779,2107192,8561,3504,695,228,45582,-263,655413,30.9789232652
2020-07-06,50.413999176,17.3119998932,28.4000003815,66.4992996216,2777.62,321.254285714,669,101.800254835,46.2961731,135.0988846,264938,50797,429225,59890,2008618,-570385,543826,43.012,40.464,43.3825,43.52,49.9125,45.39,47.8325,40.055,39.5175,43.425,44.8525,50.89,185,-7.195,7394,58,192,118,236,7394,9631,72,72,0,118,124,611,195,24,118,961,109,135,729,2237,2387,7604,89,1781,1333,130,1360,524,5217,5007,-2980,185,-3,77.5,14698,18976,237,279,241,850,1029,271,14347,914,116,9045,772,6228,4756,4532,107,5628,5,5633,9017,2790,853,80,594,2790,237,2189,28,38.6,54.9,98.6,51.3,29.8,177262,251682,31892,113585,1649,22755,312,59833,164234,3695,9333,22795,20620,228887,1774,42579,53820,161174,22442,313097,40,40,40376,89172,5654,539181,4486,1195204,1461620,2117643,8766,4268,647,496,47788,2206,656023,31.1193349942
2020-07-13,47.9100006104,15.6700000763,28.6299999237,66.4597396851,2853.5,395.9,724.5,66.05934143,57.705054285,61.729108815,254623,55367,418656,60528,1972049,-562326,535317,43.184,40.586,43.314,43.464,49.68,44.856,46.438,39.392,39.19,43.834,42.81,47.968,181,5.654,5567,18,14,166,65,5567,7300,99,99,0,166,229,327,159,29,166,795,58,128,493,1733,2543,7375,44,1828,901,126,1332,601,4832,3024,-3099,181,-4,78.1,14826,18976,-5,56,50,819,631,531,14309,931,117,9095,769,6230,4860,4606,137,5453,4,5458,8899,2669,841,71,772,2669,119,2260,196,37.6,45.1,108.7,50.7,28.7,176809,248535,31100,112346,1429,22836,195,56995,162677,4380,9753,22883,20608,225651,2114,40390,54882,160661,22642,315420,47,47,38545,90485,-7493,531688,3681,1187837,1452344,2108493,8648,3575,913,383,48737,949,656149,30.9897105095
2020-07-20,45,19.6040002823,25.1079998016,67.522177124,2865.28,352.59,725,98.7183939733,49.0567283633,139.158409133,268413,58638,416612,59676,2019705,-560793,539751,43.708,41.406,43.648,43.786,50.418,44.988,46.628,39.218,39.1,44.79,43.248,42.234,180,-7.493,5941,27,21,30,299,5941,7863,52,52,0,30,165,512,247,23,30,928,93,60,542,1923,2993,7893,63,1742,1015,162,1439,479,4900,2948,-2977,180,-1,77.9,14777,18976,19,20,65,839,772,667,14206,908,114,9079,798,6164,4763,4455,193,5533,5,5539,8925,2761,866,65,626,2761,198,2214,153,37.7,41.7,101.2,51.9,28.6,177883,246733,30328,112298,1289,23395,201,58737,164579,4300,9003,23438,19801,223295,2173,40193,50971,164780,23193,319589,43,43,37993,91158,4892,536580,3043,1192727,1461159,2117306,8550,3627,1001,175,50112,1375,656147,31.0848307322
2020-07-27,41.6300003052,25.9719997406,24.7,68.5913192749,2876.7,372.925714286,740,80.1329918,40.432561875,106.999986625,273487,60963,421028,58528,1956768,-578656,548876,43.324,40.82,43.165,43.2025,49.765,44.2525,45.4425,40.1225,39.805,44.435,43.0975,41.706,181,4.892,5146,32,31,122,592,5146,7255,148,148,0,122,147,802,111,25,122,644,98,157,924,2108,3211,7290,51,1597,713,53,1224,441,4079,1935,-1971,181,1,79.5,15090,18976,181,77,-72,853,663,478,14595,958,127,9158,850,6332,4783,4609,47,5644,5,5649,9137,2804,925,73,684,2804,163,2332,22,36.6,37.2,84.6,52.6,28.5,178386,247387,30041,112805,1754,23602,195,58087,165415,4095,8876,23647,20272,223740,2426,39921,51094,169101,23407,321783,45,45,36559,88976,-10611,525969,2894,1182116,1454680,2110827,8809,3726,1429,471,51421,1309,656147,31.1157237214
2020-08-03,42.8975000381,25.8259998322,23.1779998779,70.6859817505,2913.64,318.718571429,718,46.26563072,18.44928932,65.19764328,267765,76140,409201,62518,1992556,-564457,532569,44.648,41.614,43.36,43.5,48.212,44.93,46.322,40.442,39.636,43.536,41.708,38.796,180,-10.612,6010,6,198,71,214,6010,8260,131,131,0,71,168,586,162,31,71,1149,120,19,657,2250,2819,8078,56,1898,1337,85,1113,770,5259,3191,-3009,180,-1,79.6,15104,18976,-217,40,-79,844,221,478,14637,931,171,9300,771,6200,4909,4616,122,5595,6,5600,8988,2788,852,80,599,2788,245,2333,311,35.9,36.1,84,50.5,28.6,179977,247806,29586,113772,1877,23489,189,58732,166443,4614,8921,23538,20346,224269,2253,39563,49888,168957,23299,323537,49,49,36033,91412,-7373,518596,3287,1174737,1452571,2108712,8617,3545,786,255,51953,532,656141,31.1333183197
2020-08-10,43.9739997864,25.3139999389,22.5239997864,70.5416809082,2898.1,347.85,733.5,49.785955425,22.43081665,67.770137785,271763,83759,417180,63450,2032921,-567061,536266,44.936,42.094,43.8425,43.9525,48.3225,46.9825,48.305,41.335,40.52,43.5975,42.465,35.59,176,-7.373,5621,41,136,145,482,5621,7923,148,148,0,145,219,878,210,46,145,588,84,225,1023,2302,3143,7805,28,1443,913,77,1407,794,4662,2478,-2360,176,-4,81,15108,18641,98,92,192,861,852,470,14658,918,125,9600,854,6517,4789,4537,127,5681,6,5687,9361,2844,939,84,830,2844,239,2323,239,35.4,39.5,82.4,49.3,28.4,177655,247084,27853,111828,2336,23983,357,58984,163792,5172,8690,24018,19750,223066,2103,40501,49919,170013,23626,322446,35,35,35565,89007,-4512,514084,3875,1167983,1446420,2100319,8883,4065,1119,453,53289,1336,653899,31.0843197519
2020-08-17,45.2380004883,26.5659996033,22.132000351,72.0134613037,2965.42,291.807142857,726.333333333,124.139933257,30.40929095,183.593366,280470,75362,409582,68544,2060880,-556797,520935,45.09,42.726,43.956,44.186,47.824,47.666,48.854,43.154,41.886,43.154,42.77,32.698,172,-4.512,5730,0,77,60,210,5730,7081,48,48,0,60,209,496,47,35,60,403,69,228,557,1351,2137,7790,50,1989,1172,118,1515,809,5653,3593,-4302,172,-4,80.9,15082,18641,285,193,161,860,1106,466,14487,926,160,9400,938,6700,4742,4524,58,5638,5,5643,9580,2880,1028,89,1057,2880,197,2204,-180,35.1,40.8,80.4,49.2,27.9,177807,243762,26536,108255,1686,24125,345,57901,164495,4877,8435,24173,20270,219590,2514,40820,51747,171224,23780,322952,48,48,36451,89136,-1632,512452,4423,1163680,1443809,2095037,8630,3011,1106,180,52682,-607,651228,31.1419025251
2020-08-24,47.9380004883,23.5360004425,23.0200000763,72.3436401367,2980.96,238.255714286,753.5,75.048080445,31.079429625,105.99474335,283785,79969,405152,70753,2044952,-547747,510695,45.354,43.074,44.416,44.688,47.774,48.012,49.14,43.458,42.246,43.026,44.254,32.974,183,-1.632,5916,25,0,100,238,5916,8048,129,129,0,100,175,439,187,24,100,1051,115,99,539,2132,3363,7882,77,1627,950,151,1094,620,4519,2553,-2387,183,11,82,15290,18641,125,127,-2,854,661,411,14712,931,113,9518,826,6493,5122,4920,89,5660,5,5666,9321,2828,904,76,828,2828,189,2270,197,34.7,38.8,86,48.5,27.1,179195,239179,26345,106173,1856,22985,347,58624,166311,4155,8730,23036,20409,216143,2403,39922,49490,174401,22638,323169,51,51,35566,86406,-4689,507763,3427,1157228,1436037,2085502,9161,3880,1215,263,52403,-279,649465,31.215084606
2020-08-31,45.7959999085,23.3099998474,28.6899997711,72.8677215576,3015.85,260.231428571,693.5,100.6349411,58.41710663,127.0601387,292088,84140,410370,83474,2052448,-536969,500699,44.404,41.604,44.71,44.998,46.582,46.974,48.092,42.93,41.95,41.482,44.6,37.024,180,-4.689,4900,24,45,82,196,4900,6520,166,166,0,82,230,495,77,37,82,469,99,197,577,1620,3002,8071,32,2025,1016,161,1266,569,5069,1898,-3449,180,-3,76.7,14305,18641,162,43,302,861,1027,520,13868,922,108,9534,769,6373,4779,4584,88,5605,6,5611,9274,2901,850,79,763,2901,200,2167,260,34.5,39.1,93.7,47.4,26.5,177520,234859,25782,104574,2163,24812,341,55388,164237,4273,9009,24862,20882,209997,2431,39609,47872,179460,24471,325547,50,50,36243,84189,-9362,498401,1922,1146566,1428283,2076448,8786,2573,623,139,52513,110,648165,31.2564830209
2020-09-07,46.9574995041,21.4025001526,29.2124996185,71.5362987518,3008.58,271.76,712.5,107.275520325,58.745898245,147.79390716,282639,94158,414045,87166,2064137,-527236,490915,40.494,37.36,40.12,40.222,42.206,43.718,45.26,37.996,37.356,37.162,41.884,51.9025,181,-9.362,5423,13,0,142,186,5423,7615,160,160,0,142,234,432,132,33,142,1096,83,146,574,2192,2944,7186,46,1389,804,210,1084,709,4242,2479,-2050,181,1,71.8,13362,18622,262,77,3,830,992,650,12779,941,95,8930,599,6170,4398,4329,-27,5457,5,5462,8932,2762,668,67,708,2762,168,2125,-2,35.8,39.6,96.4,47.4,26.5,175845,231905,24782,103518,1930,24629,327,57260,163675,3711,8459,24673,19993,207232,2406,38842,44524,184765,24302,327363,44,44,33102,82630,2033,500434,4978,1148294,1424862,2072722,8390,4063,1096,552,54351,1838,647860,31.1212224613
2020-09-14,41.0780006409,20.2959999084,25.9540000916,72.2386611938,3039.16,268.345714286,764.5,101.137828805,25.57185936,154.42601775,246065,124898,379171,109683,2046660,-480182,449366,41.762,39.556,40.806,40.81,42.818,45.616,47.398,39.194,38.372,38.754,42.858,42.706,180,2.032,5008,6,152,30,300,5008,7001,112,112,0,30,112,571,231,19,30,889,89,36,600,1993,2595,7010,59,1599,950,89,1212,506,4415,2413,-2422,180,-1,75.8,14123,18622,83,220,121,845,833,408,13488,926,131,8819,663,6321,4403,4288,-17,5571,5,5576,9101,2780,810,144,745,2780,202,2163,-282,36.2,40.2,87.2,49.8,26.6,179306,231524,24516,103501,1479,23693,327,57378,166546,3806,8954,23730,19798,207794,2414,39085,45436,191200,23366,333907,37,37,33359,83076,-4389,496045,2474,1141778,1429163,2074896,8478,3203,1478,112,54277,-74,645733,31.2078179225
2020-09-21,38.1600006103,22.4319999695,27.6220001221,70.8948577881,2961.08,202.24,757.5,74.869672775,30.65739918,113.89147568,228823,147531,395793,100405,2108987,-474847,449744,41.758,39.88,41.468,41.48,42.932,46.24,47.84,39.458,38.1,39.978,43.12,42.62,179,-4.389,5168,23,0,163,157,5168,7202,136,136,0,163,130,311,196,26,163,909,110,199,474,2035,3022,7995,54,1793,1039,213,1128,746,4973,2146,-2938,179,-1,74.8,13931,18622,-58,117,214,839,705,432,13370,906,81,9315,700,6178,4470,4319,70,5513,5,5518,8970,2792,784,88,659,2792,137,2228,345,37,42.4,92.2,48.9,26.6,175942,227499,23873,100345,1533,25200,353,55667,162470,3991,9481,25247,19997,202252,2455,39025,44707,192337,24847,333673,47,47,33253,82383,-1639,494406,2839,1139358,1421684,2066636,8515,3844,1049,137,54281,4,644952,31.1564617282
2020-09-28,38.3700004578,22.4680000305,26.632000351,70.4319198608,2934.22,272.314285714,738,94.3609619333,61.23991457,113.45425668,231691,127495,406145,81649,2028620,-492699,472769,40.922,39.176,40.676,40.822,42.824,46.528,48.18,39.224,37.766,40.498,42.528,47.126,183,-1.639,5122,79,0,151,284,5122,7073,141,141,0,151,218,581,123,47,151,577,161,202,732,1951,3512,8652,42,1668,1315,148,1299,668,5140,1610,-3189,183,4,75.8,14119,18622,-37,88,131,840,565,384,13670,881,43,8892,789,6374,4358,4278,36,5485,6,5491,9183,2810,870,79,883,2810,154,2351,-291,37,44,96.2,48.9,26.9,172758,228182,23509,99797,1108,24127,338,56078,159852,3520,9386,24171,19691,204011,2347,39674,47028,194830,23789,334571,44,44,31852,81338,-1980,492426,3963,1135577,1421111,2064262,8529,3383,615,408,56066,1785,643151,31.1481025064
2020-10-05,53.8740005493,22.5200000763,27.3719997406,71.9299591064,2970.96,360.81,752,83.637405395,47.730015755,113.536274,224395,127173,396111,91297,2078331,-481202,461911,42.424,40.326,40.916,41.182,44.034,46.242,47.816,39.6,38.02,42.192,43.464,45.014,189,-1.98,5732,10,198,165,220,5732,7889,230,230,0,165,257,684,174,34,165,614,96,194,849,2156,2659,7899,78,1944,1172,112,1031,903,5240,3073,-3084,189,6,77.1,14362,18622,-511,121,239,823,289,440,13853,923,77,9522,733,6299,4532,4430,25,5393,5,5397,9044,2745,799,64,902,2745,147,2259,478,36.3,43.4,93.8,48.1,26.4,171796,226747,23125,99725,1351,23342,340,54806,158802,3540,9454,23387,19672,203360,2400,39590,47477,195485,23002,334255,45,45,32305,80746,2410.5,492927,4141,1134933,1419134,2061140,8896,3310,1199,165,56536,470,642006,31.3650990977
2020-10-12,55.4899997711,21.9459999084,26.3839996338,73.0327392578,3033.26,234.4,778.5,100.79617308,30.781089785,152.95922855,216334,133757,395996,93105,2111762,-488364,471536,42.716,40.502,41.596,41.878,44.604,45.186,46.356,42.188,40.328,42.582,43.096,44.306,193,0.501,5286,23,14,11,148,5286,7321,160,115,0,11,201,387,260,19,11,867,99,226,398,2036,2135,7525,48,1892,1391,45,1289,725,5390,3151,-3354,193,4,75.1,13986,18622,-195,54,192,864,462,411,13577,937,1,9240,672,6321,4269,4198,70,5706,5,5712,9176,2856,749,77,609,2856,170,2152,63,35.9,39.4,99.9,42,26.1,164551,225121,21761,99950,1699,22995,300,53397,151975,3520,9056,23036,20008,202085,2399,38120,47039,197175,22695,332570,41,41,32963,80278,-3818,489109,3605,1129956,1402338,2043185,8576,4158,1138,256,59442,2906,640847,31.4507680878
2020-10-19,59.7679992676,21.5900001526,28.5680000305,73.8057403564,3093.6,206.688571429,730.5,82.1988945,77.73566053,75.769786835,225867,105759,379184,85355,2059382,-496915,472797,42.348,40.562,41.618,41.986,43.958,45.038,45.742,43.322,41.466,42.052,41.358,45.542,205,-3.818,5118,22,0,137,245,5118,6968,152,150,3,137,105,372,175,28,137,811,119,84,509,1850,3036,8028,48,1820,1027,155,1243,699,4992,2082,-3142,205,12,72.9,13583,18622,-454,96,282,838,202,278,13026,913,8,8933,665,6162,4131,4052,71,5482,5,5487,8959,2798,782,117,675,2798,211,2157,-26,36.1,38.5,88.9,42.1,26.5,160719,227016,20614,98840,1317,23566,295,53640,147980,3333,9406,23612,19721,203404,2507,37662,49607,194820,23271,330555,46,46,32999,81625,-1002,488107,3227,1128188,1395103,2035184,8289,3653,1473,135,60417,975,640081,31.4886339182
2020-10-26,59.4340003967,21.686000061,36.3399993897,72.4814605713,3044.24,249.955714286,726.5,105.40576552,77.01914978,126.38945008,240937,100807,399465,67205,2008815,-511117,490348,39.178,37.496,38.89,39.296,41.436,42.458,43.458,40.772,38.846,40.132,38.884,59.02,211,-1.001,5664,58,47,110,44,5664,7966,344,343,1,110,201,350,193,33,110,948,134,217,460,2303,3460,8082,50,1848,1201,122,871,530,4622,2204,-2319,211,6,74.6,13890,18622,-173,140,52,853,731,712,13388,941,2,9095,773,6425,4126,4031,93,5602,5,5607,9273,2849,840,66,817,2849,175,2197,-178,36.6,36.8,79.8,39.4,26.4,156228,226124,20315,99121,1061,24475,294,52503,144073,3049,9107,24524,19601,201600,2572,37450,48915,195764,24181,329582,49,49,31421,79912,4320,492427,3165,1131850,1391224,2030647,8545,4216,1121,496,59995,-422,639423,31.7127001112
2020-11-02,51.8620010376,22.1299999237,30.9380001068,72.6178588867,3095.56,383.897142857,755.5,112.7789116,134.407516505,104.812892925,252259,107728,386877,89216,2011744,-498804,472090,40.058,37.91,39.368,39.648,42.002,41.854,43.014,39.848,39.348,41.168,38.87,58.866,221,4.32,5029,12,27,106,293,5029,6767,332,332,0,106,192,524,41,26,106,525,103,78,630,1738,2265,7568,57,1910,1425,124,1071,716,5303,2764,-3565,221,10,75.3,14019,18622,-539,35,86,836,321,740,13552,961,25,9072,865,6166,4275,4184,66,5462,5,5467,8957,2791,919,53,699,2791,114,2204,115,36.2,36.8,77,39.2,27,154644,227665,20393,100707,1121,25358,282,52866,142763,3168,8712,25407,19675,202258,2683,37408,47564,192049,25075,325230,49,49,31669,79053,-4376,484429,4446,1123699,1376547,2015817,8336,4073,1248,33,60931,936,639270,31.8751356814
2020-11-09,44.5624990463,19.6359996796,24.4900001526,73.6323196411,3137.26,207.29,750.5,63.89082527,61.26581955,58.748659135,223063,128668,360921,97049,2013491,-467558,442460,43.224,40.87,42.874,43.182,46.734,45.392,46.79,43.232,43.112,45.152,39.88,50.044,226,-7.998,5499,17,23,85,119,5499,7386,131,131,0,85,206,365,307,26,85,628,130,172,450,1887,2765,7566,52,1613,1193,154,1079,710,4801,2734,-2914,226,5,74.5,13873,18622,-55,53,249,834,489,242,13447,977,12,9319,950,6373,4237,4165,60,5498,5,5503,9177,2804,1035,83,870,2804,166,2226,142,36.6,35.1,73.9,38.2,26.6,149289,225356,20011,99324,983,24895,299,51907,137719,2858,8712,24930,20159,200426,2615,37133,48212,188125,24596,317413,35,35,32124,78245,4277,488706,4543,1127412,1365069,2003775,8762,4619,1297,119,60413,-518,638706,32.0236903696
2020-11-16,43.0060005188,17.8399997711,23.1620002747,73.9037216187,3233.72,230.865714286,748.5,69.98632622,39.603528975,90.727006925,231546,101586,358666,68180,2053450,-485493,463538,44.214,41.696,43.916,44.208,47.964,45.34,46.492,44.672,44.248,46.012,40.736,45.662,236,4.278,5254,26,115,95,54,5254,7078,285,282,2,95,240,435,20,31,95,666,128,195,530,1824,2748,7818,96,1785,1224,195,1080,690,5070,2506,-3246,236,10,77.4,14414,18622,-369,116,30,813,233,455,13841,962,11,9064,997,6282,4275,4174,89,5310,5,5316,9024,2742,1086,87,966,2742,183,2280,40,36.1,35.2,72.4,35.4,26.9,144073,227967,19530,98711,936,26365,284,52667,132688,2775,8610,26412,20203,201555,2597,37298,49242,181600,26080,310488,47,47,32523,78128,769,489475,2805,1127776,1354914,1993215,8258,4499,1470,126,61613,1200,638301,32.0371037844
2020-11-23,41.1700000763,19.4774999619,21.5279998779,74.6279258728,3294.72,251.194285714,678.333333333,66.00926336,79.4224704,60.1838130933,261608,80998,372496,78382,2083804,-504036,480811,47.702,44.8025,46.792,47.188,50.964,48.84,49.982,46.336,46.096,49.43,42.468,43.85,231,0.768,5228,9,0,10,241,5228,7167,186,186,1,10,181,431,212,38,10,776,152,172,441,1939,2831,7386,85,1471,1323,91,825,760,4555,2397,-2616,231,-5,78.7,14653,18622,-453,-67,339,813,210,390,14263,990,3,8850,930,6227,4608,4524,81,5307,6,5313,8969,2742,1020,89,914,2742,145,2295,-119,35.5,33.8,71.4,35.2,27.5,142632,230147,19865,101130,1231,26161,291,51240,131128,2663,8841,26203,20866,203944,2830,37142,50343,179729,25870,309953,42,42,31822,78680,-754,488721,2522,1126911,1353844,1992034,8129,4185,1171,326,59892,-1721,638190,32.0352383104
2020-11-30,42.5419990539,19.4560005188,20.9160003662,74.3558380127,3401.08,210.26,781.5,84.16334534,33.69799614,111.861455905,304506,86916,390750,66623,2083018,-555786,522639,48.244,45.414,47.758,48.03,51.884,49.628,50.72,46.102,45.786,51.178,42.882,44.03,241,-0.754,5399,33,0,60,286,5399,7800,614,613,0,60,143,462,90,34,60,844,120,202,522,2401,3456,8719,57,1913,1521,134,949,689,5263,1943,-2862,241,10,78.2,14563,18622,-317,134,-49,792,98,330,14012,974,59,8584,961,6074,4587,4394,134,5179,5,5184,8767,2693,1110,148,889,2693,169,2291,-182,35.1,32.2,74.1,35.9,28.2,145870,233638,19560,101598,1072,26024,309,54552,133887,2645,9338,26076,21240,207562,2838,37208,50340,176030,25715,306331,52,52,29913,78838,-679,488042,4172,1126232,1353960,1992150,7973,4052,1010,510,59575,-317,638190,31.7144233192
2020-12-07,48.3839996338,19.7620002747,22.0159999848,74.2641387939,3434,224.718571429,764,60.914258955,38.856754305,68.893859875,310291,64427,392782,61877,2122605,-559995,517165,49.342,46.046,49.046,49.262,53.518,51.202,52.108,46.13,45.466,52.82,45.918,38.822,246,-0.679,6479,9,0,89,353,6479,8555,279,279,0,89,338,700,184,40,89,431,149,223,789,2076,1834,6588,123,1461,1347,103,815,905,4754,4645,-2678,246,5,79.9,14692,18386,-675,166,189,755,-99,221,14436,991,42,8340,1023,5691,4671,4515,114,4945,4,4950,8203,2513,1122,98,741,2513,162,2306,136,35.6,31.6,65.6,38.8,29.8,151092,237859,20798,104612,909,25496,272,54328,140396,2670,8026,25543,22083,212316,2704,36324,52467,170994,25224,304253,47,47,31407,80501,15189,503231,2685,1141316,1373886,2011971,7600,4476,1691,69,58211,-1364,638085,31.8131711712
2020-12-14,46.6220001221,19.65,22.7219997406,76.2188598633,3481.34,165.148571429,703.5,84.75992203,23.48770523,129.20641705,335130,62267,389654,60333,2131913,-556475,514629,51.178,47.978,50.848,50.962,55.688,53.456,54.35,48.63,47.994,55.222,48.864,38.398,258,15.189,5424,27,45,90,320,5424,7667,492,492,0,90,130,521,117,48,90,573,175,260,611,2243,2627,7565,80,1533,1356,115,1070,784,4938,2797,-2695,258,12,79.1,14544,18386,-514,45,535,802,552,486,14183,957,80,8522,1033,6187,4604,4415,109,5228,6,5234,8893,2706,1104,70,953,2706,163,2322,-370,35.2,30.5,60.6,39.4,30.2,151259,238879,21025,106292,503,24468,274,54516,140927,3013,7320,24518,22950,214361,2577,36272,53050,166692,24194,302726,50,50,31534,82832,-3135,500096,4434,1138182,1367643,2005729,7975,4249,1671,289,58409,198,638086,31.9833448117
2020-12-21,43.7700004578,19.2899999619,23.1520000457,76.8937263489,3444.275,310.677142857,546.75,67.662596705,37.818621635,89.290683755,340969,58634,384363,53785,2154618,-551938,513804,50.87,47.7775,50.225,50.3025,55.025,53.3425,54.405,48.015,47.1625,54.415,49.1175,40.73,263,-3.135,5564,51,79,114,137,5564,7497,444,444,0,114,190,457,121,40,114,572,148,77,571,1933,3099,8813,82,2135,1501,46,1193,757,5714,2465,-3781,263,5,78,14347,18386,-119,-14,199,802,607,541,14014,976,22,8829,1076,6042,4590,4454,114,5236,6,5242,8726,2684,1143,66,800,2684,148,2312,103,35.3,30.2,57.6,38.8,30.1,148934,237754,21465,103980,723,25625,270,55392,138749,2896,7289,25667,23169,212087,2640,36177,51993,162786,25355,297914,42,42,31890,81079,-562,499534,1495,1137619,1356969,1995054,8022,4278,1292,128,58383,-26,638085,32.2244807777
2020-12-28,46.8824987411,20.1450004577,22.5750002861,77.3150997162,3437.23333333,303.332857143,532.666666667,64.4790306067,36.3595790867,92.0175323367,334629,53782,387696,51051,2120797,-570577,525702,51.2725,48.135,51.0575,51.195,55.93,54.4575,55.8225,48.045,47.51,55.485,51.1975,38.5375,264,-0.562,5326,8,91,89,172,5326,7360,619,619,0,89,240,512,121,32,89,519,138,34,601,2033,3625,9281,52,1753,1634,84,1222,911,5656,1701,-3623,264,1,79.4,14591,18386,15,98,92,818,746,541,14287,934,55,9191,1126,6313,4639,4480,104,5379,6,5384,9051,2738,1199,71,928,2738,150,2329,140,34.7,30,46.9,40.1,29.8,152029,236562,21543,100502,751,27309,257,56942,141213,2951,7865,27353,23504,209209,2630,36534,51015,159736,27052,294132,44,44,30664,79934,-6065,493469,6174,1131554,1342040,1980125,8128,4348,1755,275,58410,27,638085,32.1975698614
2021-01-04,46.6380004883,21.7040000915,24.2619998932,79.8434005737,3534.9,172.738571429,750.5,99.79573822,61.826562885,118.14983368,326488,46190,386011,52227,2121502,-551950,511731,53.872,50.25,53.12,53.158,56.79,57.052,58.072,50.22,49.978,56.236,53.582,38.906,267,-6.065,5369,12,46,16,154,5369,6902,302,257,44,16,217,430,149,33,16,384,181,72,445,1533,3632,8499,56,1499,1075,122,1232,883,4867,1737,-3334,267,3,80.7,14834,18386,-598,26,65,719,-467,40,14376,935,33,8010,1077,5528,4785,4593,159,4687,5,4692,7932,2404,1147,68,835,2404,179,2257,78,34.2,34.7,45.4,43.1,30.6,158419,241081,22855,102678,678,25214,275,59752,147191,3255,7972,25262,23284,215819,2741,38794,52711,158998,24939,293690,48,48,30190,78518,-8010,485459,3323,1123544,1343695,1981780,7441,3857,1702,197,59202,792,638085,32.3514276081
2021-01-11,46.9719993591,19.5419998169,23.4419998169,80.4804214478,3496.68,215.361428571,809.5,113.922605535,109.44396972,128.682250995,352416,60097,398741,67086,2169541,-561851,518649,55.964,52.86,55.714,55.706,59.824,59.814,61.022,52.302,52.068,59.074,56.948,36.858,275,-8.01,6239,21,41,126,112,6239,8026,346,346,0,126,83,256,50,41,126,639,149,220,383,1787,3011,8140,34,2381,1347,55,714,598,5129,3228,-3342,275,8,82,15071,18386,-884,-38,-56,748,-542,436,14650,941,64,7512,1157,5414,4661,4479,118,4957,6,4964,7868,2454,1238,80,451,2454,143,2340,-356,33.6,31.1,38.6,45.6,31.5,163205,245476,24262,106795,1608,21769,272,61890,152294,3328,7583,21821,23692,223655,2617,37300,53363,148823,21497,285665,52,52,30673,79431,-3248,482211,3201,1120296,1334270,1972355,7532,4654,2104,239,57227,-1975,638085,32.3626015254
2021-01-18,43.4649991989,18.772500515,22.0124998093,79.9386520386,3504.34,221.605714286,813.666666667,82.62276459,48.9163119,103.378852833,370912,53604,413104,62960,2234696,-576924,527717,55.648,52.905,55.262,55.26,59.518,59.166,60.314,51.49,51.22,58.818,56.158,35.585,287,-3.247,6045,17,172,46,60,6045,8182,460,460,0,46,209,458,192,39,46,693,174,113,504,2137,2251,7655,57,1920,1480,114,1102,731,5404,3794,-3267,287,12,82.5,15174,18386,-194,13,114,778,353,419,14760,945,97,8885,1173,6038,4529,4342,90,5128,5,5133,8632,2594,1260,88,905,2594,176,2295,253,33.5,33.7,32.2,46.9,31.4,163662,245217,24867,106929,2124,22387,198,61783,152016,3672,7974,22438,23628,222779,2494,39456,51943,142513,22188,284555,51,51,30690,83347,4352,486563,4042,1124648,1333589,1971674,8112,4570,1879,173,52500,-4727,638085,32.5559396888
2021-01-25,44.663999939,18.9759994507,29.3439998627,80.1996383667,3485.1,212.295714286,788.5,56.735406875,12.577913285,83.863311765,367270,53097,414456,59536,2217037,-557701,508584,55.802,52.554,55.178,55.182,59.336,59.808,60.946,51.888,51.452,58.026,55.788,39.202,289,4.351,5064,7,12,64,236,5064,7211,474,474,0,64,145,400,247,28,64,655,144,163,465,2147,3355,8214,73,1845,1261,68,808,804,4859,1709,-2712,289,2,81.7,15024,18386,-283,147,-18,785,211,364,14721,933,140,8673,1147,6198,4518,4296,82,5144,5,5149,8811,2613,1231,85,1049,2613,174,2389,-138,32.6,34.5,31.7,44.4,32,162847,247686,25653,107068,1872,23090,202,62851,151108,3711,8029,23138,23602,224548,2847,40611,52757,138738,22888,281590,48,48,31282,83062,-9910,476653,3966,1114739,1321882,1959968,7833,4537,1588,184,50219,-2281,638086,32.5075259044
2021-02-01,46.713999939,19.5740001678,24.2700000763,81.8238189697,3461.9,159.015714286,738.333333333,119.61138534,92.2272396,146.07544707,391656,53503,413965,71264,2316660,-551051,504612,58.09,55.416,57.342,57.376,62.322,62.288,63.616,54.708,53.718,60.94,58.616,37.04,295,-9.91,6507,12,83,67,248,6507,8958,518,518,0,67,158,501,9,37,67,1038,154,164,568,2451,3483,8902,255,2039,1295,107,943,780,5419,3024,-2968,295,6,82.3,15135,18386,-712,85,91,778,-112,423,14641,936,144,8420,1114,6022,4622,4373,105,5081,5,5086,8636,2614,1252,138,936,2614,215,2408,-216,32.4,37.3,31.8,40.9,32.3,162838,252153,26426,111303,1373,22654,221,64061,150624,3641,8574,22702,24316,229451,2662,42404,52714,134695,22433,279276,48,48,32102,84250,-994,475659,3164,1113745,1324801,1962887,7770,4165,1490,155,48702,-1517,638086,32.6878644854
2021-02-08,46.886000061,18.3520000458,21.2159996033,83.6767410278,3616.38,156.7,762.5,67.29393768,52.09941673,79.26987646,397270,51217,419808,67109,2389677,-548207,499174,61.338,58.544,60.305,60.3475,66.035,64.5825,66.07,57.0525,56.225,64.22,60.4175,34.074,299,-0.994,5857,4,163,64,273,5857,8029,356,356,0,64,153,593,39,52,64,511,288,320,657,2172,2617,7473,42,1868,1098,155,956,737,4856,3240,-2684,299,4,83,15258,18388,-98,162,-192,785,208,335,14793,937,112,8656,1121,6125,4660,4362,186,5189,5,5194,8687,2562,1194,74,932,2562,185,2370,-31,31.8,38.6,28.8,38.8,32.5,161106,256412,26229,113119,1629,23538,231,66565,148542,3518,9047,23580,23796,232832,2375,41900,51518,133069,23307,276674,42,42,33184,85073,-6645,469014,3316,1106935,1313632,1951553,7857,4354,2204,196,48044,-658,637921,32.9368317331
2021-02-15,57.3249998093,19.7449998856,21.8749995232,85.1974010468,3741.48,126.477142857,750,88.45842743,53.89937115,109.51010896,404969,57317,432957,53087,2446808,-571032,514258,63.566,60.2375,62.334,62.492,68.41,67.976,69.478,58.828,57.856,66.932,62.28,36.9225,306,-6.644,5898,21,86,14,203,5898,7931,362,362,0,14,346,656,43,52,14,667,161,129,670,2033,3862,8564,123,1899,1050,83,971,576,4702,2036,-2669,306,7,83.1,15286,18388,-412,161,-25,789,270,547,14819,911,133,9031,1070,6109,4574,4299,142,5193,6,5199,8747,2638,1147,75,910,2638,207,2344,283,31.3,37.2,27.2,36.5,32.3,157684,257084,27086,111308,1763,23970,243,67909,145216,3172,9297,24016,24297,233068,2394,41141,52088,130051,23727,275212,46,46,32755,85861,-7257,461757,3862,1099530,1298579,1936352,8407,4448,1869,315,45016,-3028,637773,33.1734580295
2021-02-22,67.1780006408,19.613999939,24.9480003357,86.6593597412,3951.96,175.392857143,770.5,109.284507735,81.378440855,134.9194374,412560,65028,431337,41445,2507620,-574784,514713,66.132,62.282,63.478,63.514,70.036,70.404,72.108,59.668,58.8,68.368,65.02,40.194,305,-7.258,4599,17,16,48,288,4599,6350,303,258,45,48,162,483,125,24,48,521,135,137,531,1750,2314,6745,46,1710,1326,131,701,517,4431,2285,-2681,305,-1,68.6,12615,18388,-57,76,160,725,733,554,12230,658,135,7736,862,5472,3621,3379,106,4722,4,4726,7939,2467,908,47,746,2467,207,1406,-203,32.8,39.5,26.7,36.2,32.9,152715,257096,28481,112686,1759,24390,231,67588,139740,3585,9390,24437,22785,232659,2223,41197,50625,123723,24159,272195,47,47,32246,88054,1285,463042,2367,1100815,1284767,1922540,7207,5334,951,285,47823,2807,637773,33.2216348778
2021-03-01,65.9520011902,20.8279998779,25.4700000763,85.1094787598,3839.32,175.257142857,751.333333333,107.58240255,62.35918681,138.54561868,414238,65454,431756,44901,2460204,-569824,511840,65.312,62.318,63.312,63.312,68.908,70.172,71.678,59.48,58.838,66.9,65.126,39.446,309,1.285,6292,28,86,61,224,6292,8642,321,321,0,61,207,544,196,67,61,809,188,231,605,2350,2351,6344,75,1726,752,127,820,493,3993,3941,-1643,309,4,56,10300,18388,939,72,419,814,2290,859,9903,849,103,8301,761,5692,2898,2748,47,5353,6,5358,8418,2726,807,46,334,2726,175,1730,-117,37.5,32.9,25.3,34.7,30.8,142996,243472,29272,104187,1750,22441,237,66448,131170,3560,8267,22482,22425,220990,2022,38696,48605,127460,22204,276937,41,41,31603,88577,21563,484605,3484,1122378,1281979,1919752,8148,3682,1487,371,48308,485,637773,33.1988250304
2021-03-08,67.4020011902,19.0599998474,22.9319999695,85.6728790283,3807.76,199.721428571,774.5,35.820885655,17.081991195,49.02659798,408886,63911,431395,48332,2491831,-577836,519019,68.502,65.026,66.948,66.994,71.456,73.638,75.388,63.244,62.65,69.428,67.372,37.958,310,21.563,5655,9,64,110,234,5655,7471,472,472,0,110,159,467,64,36,110,440,157,105,577,1816,2633,6870,38,1649,1123,275,475,677,4237,3022,-2421,310,1,69,12695,18386,463,58,328,818,1572,723,12310,938,92,9005,856,5951,3704,3505,107,5421,5,5426,8683,2732,901,47,525,2732,194,2097,322,40.5,36.6,30.3,33,28.5,137492,231603,30200,99351,1307,20423,247,63353,125053,3627,8811,20471,22070,211132,1972,39241,47121,128582,20176,281811,48,48,31479,92975,13798,498403,4630,1136176,1283298,1921071,8726,3430,1138,41,48834,526,637773,33.1369521234
2021-03-15,69.5260009766,17.4780002594,20.3160003662,85.1588394165,3858.5,189.731428571,736.5,75.847452185,27.860516546,106.83564756,407172,67013,432715,42027,2494636,-594631,537438,66.616,63.242,65.754,65.802,70.022,73.41,75.288,62.462,61.646,68.01,65.896,41.74,309,13.798,5323,16,184,207,336,5323,8215,524,524,0,207,167,703,32,39,207,1002,190,234,910,2892,2520,6847,87,1902,1025,45,688,580,4327,2803,-1435,309,-1,76.1,13989,18386,-62,137,346,836,1019,599,13433,971,176,8877,933,6325,4228,4003,49,5502,6,5508,9124,2798,989,54,818,2798,177,2236,-247,41.8,37.6,32.8,33.9,28.5,137747,232075,30698,100959,1469,20856,247,62454,124910,4128,8709,20899,21340,211176,2016,38709,46294,127967,20609,283675,43,43,31510,95087,2396,500799,4129,1138572,1286885,1924658,8442,3666,1426,361,48210,-624,637773,33.0547385388
2021-03-22,62.0260009766,15.9839998245,19.8099998474,83.8638595581,3849.6,155.705714286,786.5,84.622497555,68.102903365,101.72506332,412478,78075,433810,40791,2523179,-579200,525442,63.268,60.004,62.332,62.416,65.942,69.028,71.36,58.758,57.656,64.004,62.1,49.724,318,2.396,5622,0,66,310,270,5622,8448,664,664,0,310,293,629,107,43,310,745,228,143,939,2826,2481,7703,37,2218,1317,88,1129,433,5222,3141,-2396,318,9,81.6,15011,18386,83,101,177,839,634,273,14389,922,127,8577,981,6159,4601,4450,24,5533,6,5539,8915,2756,1037,54,620,2756,246,2308,-338,40.2,37.5,31.5,35.6,27.4,141553,232279,31164,100090,2165,19717,250,63647,128867,3967,8719,19765,21809,212513,1987,39199,46612,126064,19467,281559,48,48,31294,94611,1912,502711,3801,1140484,1291672,1929445,8616,3941,1185,331,46275,-1935,637773,33.0778311061
2021-03-29,66.6739990235,17.3349995613,18.8819999695,83.4909267426,3795.95,138.958571429,689.333333333,76.2743682833,72.4109001167,82.01274109,375828,92898,419766,43525,2321767,-577756,523055,64.38,60.68,62.97,63.04,66.215,71.09,73.455,58.58,57.545,64.255,62.34,42.855,324,1.912,6145,21,69,125,248,6145,8505,441,441,0,125,156,493,248,36,125,710,148,194,619,2361,3174,7428,58,1746,1130,76,703,541,4254,2971,-1893,324,6,83.9,15419,18386,51,74,336,882,976,515,14941,965,160,9339,1080,6615,4738,4531,47,5836,7,5843,9523,2908,1146,65,772,2908,215,2369,-184,36.4,36.7,28.9,35.5,26.6,144095,230544,32009,98769,2124,19962,210,62923,131470,3882,8743,19995,21114,210549,1807,39029,46732,126100,19752,282210,33,33,32253,94735,-876,501835,2187,1139608,1290325,1928098,8891,4076,1676,196,47057,782,637773,33.0382831384
2021-04-05,61.1820007324,16.1940002441,17.3660003662,83.7607192993,3866.475,168.83,736.5,70.398618695,26.92836189,98.24552538,373755,83976,417150,35546,2327016,-579193,531310,62.84,59.334,61.262,61.342,65.846,69.936,72.27,56.766,55.64,63.796,61.342,41.114,337,-0.876,6264,67,199,161,638,6264,8818,325,293,32,161,232,1136,93,38,161,673,133,34,1297,2555,3434,8179,100,1972,713,76,1092,792,4745,2830,-2190,337,13,84,15445,18386,185,36,160,878,617,235,15044,975,141,9279,1104,6541,4639,4430,67,5794,6,5800,9444,2903,1159,54,741,2903,240,2285,-165,34.5,32.8,26.6,37.8,27,145547,234588,32973,101534,2057,19043,219,64306,133190,3954,8404,19062,20642,215526,2001,38267,47629,127141,18824,284771,19,19,30933,95275,-3522,498313,3247,1136086,1292633,1930406,8781,3485,1659,386,46322,-735,637773,33.1554570035
2021-04-12,61.2800003052,14.901999855,16.6739997864,85.3733810425,3892.84,97.6042857143,731,95.16286087,45.213244435,143.1892471,355296,85795,395047,34400,2340357,-563474,511725,65.448,61.924,62.906,62.95,67.692,71.492,73.846,58.884,57.916,66.448,61.934,34.986,337,-3.522,5852,34,172,237,217,5852,8301,261,241,0,237,179,602,79,46,237,1011,130,128,839,2448,2579,7640,94,1980,1161,89,1074,663,5061,3273,-2613,337,0,85,15419,18143,189,206,223,890,874,256,15051,941,109,9615,1139,6756,4643,4447,87,5894,5,5900,9699,2943,1190,50,857,2943,163,2289,-84,33.1,29.5,28.8,37,26.7,143464,234897,33209,100646,1705,20765,167,65318,131597,3492,8375,20783,20518,214114,1838,36986,46445,126596,20598,283326,18,18,31380,93211,-5890,492423,2716,1129090,1283581,1920248,8944,4648,1112,138,46668,346,636667,33.0681842409
2021-04-19,62.0359992981,15.923333168,17.9020000458,87.4806396484,4001.38,91.38,729.5,135.99817655,122.3776512,158.17697145,371212,79057,405761,36840,2301831,-544688,492678,66.09,62.148,63.892,64.024,68.64,72.88,75.146,60.392,59.556,68.3,62.05,38.256,344,-5.889,5405,1,183,246,446,5405,7873,162,138,0,246,244,874,131,38,246,776,128,152,1119,2468,2548,8015,73,1870,1698,133,1016,677,5467,2857,-2999,344,7,85,15424,18143,229,212,80,890,1036,516,14765,941,79,9386,1130,6766,4555,4369,107,5867,6,5873,9734,2968,1190,60,893,2968,192,2238,-348,33,29.1,31.6,36.1,26.3,142391,234982,33139,98416,1204,19714,184,67392,130273,3180,8938,19738,20447,215244,1870,37487,48232,128841,19530,285941,24,24,32367,93803,594,493017,4444,1128941,1287145,1923069,9104,3878,679,70,45350,-1318,635924,33.0456589731
2021-04-26,59.7180007935,14.8380001068,17.7400001526,90.0633590698,4165.04,132.03,754,84.02758981,85.583436,68.358110425,387074,81330,411861,47395,2346793,-548874,499983,67.03,63.46,63.916,63.966,69.328,72.888,75.038,60.298,59.468,69.288,63.494,38.17,343,0.594,6616,8,255,98,527,6616,9174,135,135,0,98,133,923,184,46,98,926,159,134,1021,2559,2541,7408,120,1957,1194,84,908,604,4867,4075,-2308,343,-1,85.4,15487,18143,325,212,349,880,1093,206,15018,945,162,9629,1155,6648,4626,4393,70,5799,5,5804,9573,2925,1211,54,844,2925,225,2254,56,32.9,30.6,35.7,34.8,26.3,139049,235074,34195,98055,1358,21438,201,65253,127174,3112,8763,21464,19736,213610,1860,38118,48944,128310,21237,287112,26,26,32322,94644,90,493107,4253,1127582,1285520,1919995,8877,4573,1149,281,46072,722,634475,33.105392855
2021-05-03,56.9300003052,16.0579996109,18.4039997101,92.2897994995,4291.775,165.042857143,755.5,74.902448655,39.9419236205,94.96924208,391604,86505,415600,43322,2353470,-542141,489711,68.354,65.084,66.208,66.226,71.578,75.224,77.252,61.762,60.718,71.674,66.05,38.2,342,0.09,5451,107,125,242,304,5451,7886,169,169,0,242,242,778,147,32,242,904,101,94,1020,2434,4122,9226,78,2271,990,254,956,555,5104,1329,-2670,342,-1,86.5,15698,18143,107,87,165,887,910,551,15243,952,94,9146,1198,6616,4498,4292,113,5798,5,5803,9583,2967,1255,55,813,2967,177,2310,-436,32.3,33.1,38.6,33.1,26.4,136153,235811,34577,100865,1953,21225,194,64517,124561,2853,8739,21245,20440,214566,1597,39795,47230,129971,21031,289546,20,20,31606,95481,-7990,485117,4120,1118544,1279938,1913365,8864,4145,1353,120,46326,254,633427,32.9894130598
2021-05-10,56.7080001831,17.1540000916,22.2059997559,92.9161575317,4352.28,114.53,778.5,108.27186585,76.437416075,134.1326752,399764,83194,427509,43073,2419641,-556470,500013,68.39,65.094,66.025,66.1425,72,74.075,75.675,60.1575,59.16,71.89,65.185,37.452,344,-7.99,5488,0,139,192,428,5488,8176,208,208,0,192,177,744,178,46,192,1082,130,154,936,2688,1796,7854,119,2250,1455,97,1143,994,6058,3692,-3370,344,2,86.1,15572,18090,31,108,199,888,804,466,15020,979,113,9588,1275,6635,4655,4431,111,5824,5,5829,9579,2944,1344,67,807,2944,147,2322,9,32.3,34.4,46.1,33,26.5,134419,236189,34812,101394,1567,21124,168,64300,122829,3166,8424,21146,19393,215043,1685,40640,47781,135728,20957,292922,22,22,31558,93382,-426,484691,3970,1116719,1283823,1915851,8800,2587,635,211,45905,-421,632028,32.9268643169
2021-05-17,56.5420005798,17.2340003967,20.8119998932,91.9253005981,4279.52,133.408571429,705.5,132.220417,116.618515,143.1143036,385312,89479,409021,48793,2444466,-556851,496561,67.276,64.15,65.994,66.022,72.104,73.528,75.238,57.918,56.82,71.404,64.834,38.204,352,-0.427,6411,24,186,257,408,6411,9244,267,267,0,257,205,824,176,69,257,1055,87,167,1081,2833,3306,8713,142,1971,1292,75,1094,833,5407,3105,-2574,352,8,86.3,15619,18090,510,438,105,923,1300,248,15116,1032,116,9753,1141,6943,4553,4354,84,6062,5,6067,10033,3090,1268,129,875,3090,197,2315,-280,32.2,35,42.4,32.1,26.2,132095,234226,33640,101501,778,20787,165,62487,120602,3232,8260,20812,19433,213414,1692,41457,48647,138312,20622,294627,25,25,31315,93752,1320,486011,4376,1116138,1283590,1913717,9224,3428,1050,324,45763,-142,630127,33.0014534731
2021-05-24,53.3980003357,16.6079998016,17.6200000763,92.0408813477,4257.12,107.84,737,155.4853592,44.841316225,236.54663085,381189,95189,392320,44491,2458804,-532529,475947,69.014,66.3,66.8625,66.95,72.5975,74.9525,76.6525,58.77,57.5525,71.8025,66.185,34.566,356,1.321,6273,38,173,257,373,6273,9141,273,273,0,257,194,777,278,55,257,990,83,210,1034,2868,3433,8936,62,2278,1408,114,908,733,5503,2840,-2635,356,4,87,15742,18090,-12,170,261,906,901,482,15239,1011,87,9748,1219,6722,4665,4404,175,5933,6,5939,9753,3031,1291,70,783,3031,228,2331,-5,32,34.1,43,31.1,25.6,129082,232481,33460,103489,936,19337,163,60374,117090,3377,8615,19360,18980,213121,1678,42216,48322,136408,19174,291736,23,23,33013,93044,-1662,484349,3112,1112830,1275923,1904404,9479,3479,1058,82,44755,-1008,628481,32.9453874159
2021-05-31,53.4849996567,15.879999876,17.4600000381,94.1331253052,4275.9,97.5914285714,726.5,72.74134827,35.83597946,94.76025009,362727,104275,410240,44385,2426045,-524540,475490,70.824,68.745,69.264,69.424,74.554,75.818,77.326,62.842,61.6,73.986,68.988,32.9625,359,-1.662,5631,102,124,183,296,5631,8267,516,516,0,183,228,750,261,34,183,792,79,56,933,2636,2544,7178,58,2203,789,46,978,560,4634,3087,-1998,359,3,88.7,16052,18090,283,112,463,916,947,88,15597,1034,134,9566,1167,6952,4807,4533,140,6003,6,6009,10017,3065,1247,77,943,3065,226,2325,-450,31.4,31.9,51,32.6,25.5,132802,233980,32797,103161,1267,19641,166,60225,120016,3675,9111,19666,19588,214314,1586,42277,49661,136969,19475,289074,25,25,32703,90660,-5079,479270,2822,1107103,1277845,1905678,9146,3428,1031,281,45539,784,627833,32.6328422395
2021-06-07,50.2859992981,15.4600000381,16.6259998321,94.7509994507,4257.96,109.24,751,95.60602571,69.76547432,111.975193005,374269,106987,424289,42050,2507073,-546592,491297,72.228,70.088,70.48,70.71,75.892,77.432,78.772,63.35,61.996,74.994,69.74,32.204,359,-5.08,6638,32,170,196,379,6638,9387,189,189,0,196,273,854,66,43,196,1110,105,231,1050,2750,2931,8468,81,2502,868,66,1063,957,5537,3707,-2787,359,0,91.3,16517,18090,-275,240,351,905,506,190,15925,1067,64,9431,1225,6904,4918,4698,157,5984,5,5990,9877,2974,1287,57,914,2974,205,2299,-446,30.6,34.8,55.2,34.9,26.5,137214,241026,33062,106717,1362,20986,185,60921,124250,3282,9682,21004,19960,220022,1712,43960,51023,139162,20801,291026,18,18,32447,91214,-5241,474029,3794,1100513,1293312,1919796,8480,3632,750,406,45704,165,626484,32.6807215541
2021-06-14,55.3179992676,16.8499996185,18.0020000458,92.4610794067,4139.42,104.041428571,752.5,79.007400515,30.589629175,113.5202675,394065,103320,439921,29829,2511533,-560953,510499,73.566,71.566,71.982,72.034,77.276,78.84,80.226,65.166,64.052,76.328,69.998,33.862,365,-5.241,6746,17,135,178,536,6746,9594,371,371,0,178,184,872,149,47,178,967,64,247,1050,2848,3884,9630,78,2014,1445,137,1237,835,5746,2862,-2898,365,6,92.6,16742,18090,-160,176,105,910,424,303,16337,1025,92,9926,1292,6841,5056,4843,121,5938,5,5944,9913,3072,1370,72,897,3072,203,2305,13,29.6,35.3,62.3,34,26.7,136191,242980,32432,108590,1424,20345,187,60489,123687,3340,9165,20370,20602,222610,1662,45240,52107,137590,20158,289428,25,25,32356,91847,-7355,466674,3724,1092267,1288664,1914257,9360,4587,703,327,43554,-2150,625593,32.7200543334
2021-06-21,57.3020004273,16.1520000458,16.4919998169,92.0257400513,4091.62,130.904285714,742.5,112.69617653,39.905139925,154.135980595,413200,100934,443950,19441,2474859,-571900,523956,75.328,73.43,72.986,73.104,78.212,81.068,82.608,65.928,65.098,77.396,71.6,33.464,373,-7.355,6943,20,249,73,244,6943,9794,276,276,0,73,254,767,281,38,73,1124,77,235,840,2852,3651,9133,140,1920,1182,155,1190,895,5482,3292,-2630,373,8,92.2,16678,18090,346,112,370,922,968,139,16112,1048,124,10327,1322,6986,5112,4845,142,6016,5,6022,10098,3113,1390,64,964,3113,212,2267,229,28.7,33.8,64.3,35.6,26.4,137945,240050,32037,104570,1575,20802,181,59720,125455,3126,9364,20827,21120,219223,1771,44866,53358,140420,20621,291215,25,25,32360,91070,-7614,459060,3957,1082948,1282857,1906745,9440,4475,1012,292,41721,-1833,623888,32.7493394754
2021-06-28,56.0660003662,15.7200000763,15.6319999695,94.0941604614,4145.98,119.228571429,752.333333333,79.5918680833,88.7872607033,70.84479142,416126,106394,447183,25426,2348317,-574438,526161,75.316,73.95,73.508,73.648,78.212,82.25,84.094,66.628,65.522,77.144,73.53,32.386,372,-7.614,6406,70,97,158,193,6406,8760,245,245,0,158,271,631,108,34,158,961,103,125,790,2353,3717,8711,55,1897,1213,155,1228,446,4994,2689,-2641,372,-1,92.9,16800,18090,371,136,326,938,1061,229,16299,1058,115,9578,1286,6971,5029,4822,92,6085,6,6091,10143,3173,1359,70,879,3173,192,2280,-565,28,33.7,66.5,34.6,26.5,137076,241572,30965,105684,1643,21633,179,59016,124132,3564,9380,21647,21572,219925,1747,44706,53583,142392,21454,292427,14,14,31100,91386,-6718,452342,4596,1074829,1278275,1900762,9173,4790,993,342,40261,-1460,622487,32.8790204835
2021-07-05,59.6999998093,15.4375,16.9550004005,92.8361492157,4155.4,112.3,749.5,47.842847825,30.698082925,65.42515755,419482,111081,433673,26117,2369631,-576084,522490,74.958,73.2675,73.502,73.602,78.514,84.128,86.44,66.418,64.882,77.634,75.36,38.855,376,-6.718,5875,104,175,179,189,5875,8526,131,86,45,179,369,837,136,40,179,1186,70,113,1016,2652,2628,7828,61,1994,1139,131,1027,848,5200,3247,-2548,376,4,92.2,16670,18090,261,61,411,949,1226,493,16115,1067,89,10554,1297,6981,4967,4783,94,6180,6,6186,10166,3184,1351,49,795,3184,267,2266,388,27.5,31.9,60.5,34.1,24.8,138692,235497,30282,103151,1167,20519,185,56207,126370,3315,9007,20540,21149,214957,1685,45091,54432,144264,20334,292889,21,21,31599,90695,-6866,445476,4870,1066780,1268363,1889667,10043,4988,1128,178,39647,-614,621304,32.8357530585
2021-07-12,58.8220001221,14.8560001374,17.0160003662,94.2828186035,4170.42,153.248571429,717.5,73.81406784,54.802755355,80.94807623,414262,110657,400770,26900,2413946,-551362,497351,74.694,73.188,73.406,73.484,78.43,83.49,85.572,66.306,64.604,77.674,75.914,37.504,378,-6.866,6221,16,117,207,481,6221,8658,77,77,0,207,223,837,117,37,207,1016,81,102,1044,2437,4025,9620,137,2119,1071,205,1316,747,5595,2196,-3158,378,2,91.8,16643,18128,92,177,147,916,708,292,16093,1041,114,9858,1403,6792,4926,4704,108,6014,7,6022,9810,3018,1477,70,771,3018,243,2333,48,27.1,29.9,56.1,37.7,24.9,142349,236535,30115,104432,1574,20761,227,56205,130750,3260,8338,20783,21134,215752,1690,44390,53541,149506,20534,298673,22,22,30630,91187,-7896,437580,3148,1058884,1270853,1892157,9283,3904,1116,279,38058,-1589,621304,32.7591597722
2021-07-19,66.4819992066,15.0040000916,19.0060001373,94.2593597412,4158.02,129.808571429,769,64.612094875,33.886900905,79.188940055,415410,102783,408594,27103,2413536,-547555,499096,71.618,69.624,71.0075,71.165,76.09,80.67,82.9025,64.915,62.9925,75.6175,74.075,42.404,380,-7.897,7097,66,109,697,230,7097,9688,87,87,0,697,272,677,129,38,697,771,96,118,1374,2591,2463,7985,88,2040,1186,85,1257,866,5522,4634,-2931,380,2,91.4,16569,18128,78,128,137,907,842,499,16007,1028,157,9130,1374,6733,4902,4617,129,5913,6,5919,9767,3035,1448,70,814,3035,229,2316,-637,27.3,31.2,62.3,37.4,25,141000,236414,29639,106028,2197,18428,237,56517,128650,3424,8926,18446,22518,217968,1657,44974,53226,151342,18192,299370,18,18,28659,90518,2107,439687,5513,1060991,1275277,1896581,9295,4627,784,544,36711,-1347,621304,32.8709665473
2021-07-26,64.9540000916,15.3239999771,18.2380001068,96.4875,4308.76,132.848571429,724,80.053703305,95.24441146,87.874858875,357036,95195,351801,35012,2243475,-500536,448740,75.22,72.704,73.002,73.2,78.048,83.622,85.932,66.332,64.696,77.612,76.53,34.312,387,2.108,6507,55,33,208,345,6507,9259,188,188,0,208,268,701,279,31,208,1076,88,176,909,2752,2489,8144,61,2194,1531,139,1012,718,5655,4018,-2903,387,7,91.1,16515,18128,377,100,25,930,1220,718,15875,1014,133,9779,1388,6923,4739,4481,126,6063,7,6069,10042,3119,1447,56,854,3119,242,2331,-263,27.2,30.1,70.7,36.1,24.7,137912,234161,28586,105923,1849,18034,238,56934,125526,3352,9033,18055,22733,216106,1718,45053,51400,151422,17796,299452,21,21,29399,91473,-4089,435598,2404,1056902,1268826,1890130,9325,4994,622,174,35443,-1268,621304,32.8913090318
2021-08-02,63.7179992675,15.1879999161,17.7799999237,95.1870819092,4261.32,122.184285714,749,57.221042635,31.485865595,72.42674637,391275,79616,367953,46718,2326985,-487889,449764,71.534,69.468,71.21,71.276,76.402,81.668,83.792,66.01,64.252,76.004,74.146,38.89,385,-4.089,6432,79,156,205,227,6432,8616,162,162,0,205,178,640,57,57,205,931,74,116,845,2184,1904,7329,102,2084,1232,80,1302,625,5425,4528,-3241,385,-2,91.3,16545,18128,261,180,228,932,1048,379,15920,1013,117,10151,1393,6751,4877,4660,100,6067,6,6073,9886,3135,1438,41,678,3135,252,2322,265,27.5,27.7,75.9,36.8,24.3,138744,228870,27546,104956,834,17718,228,54584,126970,3422,8352,17742,22649,211128,1716,43298,50753,153420,17490,299767,24,24,29134,90794,3627,439225,2138,1060529,1267657,1888961,9775,4849,956,326,34900,-543,621304,32.8936772861
2021-08-09,61.1540008545,16.1720001221,16.1219999313,94.523260498,4241.92,144.297142857,717.5,99.33197782,86.754217155,100.514095295,384480,74815,352687,47901,2313202,-474358,430527,70.602,68.31,69.8075,69.9175,74.1725,80.1975,82.5175,64.36,62.655,74.1325,72.4475,38.658,387,3.626,6396,22,274,302,90,6396,8343,185,141,44,302,236,622,27,58,302,492,83,236,925,1947,2663,9095,221,2844,1438,99,1084,746,6432,3732,-4485,387,2,91.8,16648,18128,-23,108,-13,930,719,647,16197,986,127,9961,1365,6710,4885,4585,174,6103,6,6109,9782,3072,1413,46,601,3072,239,2378,179,27.4,28.7,75.2,36,24.1,140511,227469,27379,104365,1132,18334,227,54299,127342,3608,9561,18355,22276,209115,1872,42899,49318,153554,18107,301398,21,21,28861,90430,-448,438777,3775,1060081,1267521,1888825,9430,3545,1114,415,34575,-325,621304,32.9860947042
2021-08-16,59.4120002747,15.6850001017,19.1659999847,93.1171203613,4139.28,128.214285714,674,113.172393775,93.22522356,122.726375565,353506,74160,335915,49012,2194794,-446519,400413,67.68,65.07,67.33,67.51,70.808,76.584,78.572,62.062,60.526,71.474,67.424,40.17,397,-0.447,6350,37,92,126,365,6350,8690,142,142,0,126,124,617,324,44,126,833,87,210,743,2340,3431,8429,91,2027,1058,119,1052,651,4998,2919,-2658,397,10,92.2,16716,18128,1,223,89,921,711,397,16006,973,89,10000,1345,6930,4848,4634,125,6023,7,6030,9997,3066,1452,105,901,3066,256,2341,3,27.2,27.5,69.2,34.4,24.1,137814,228165,26828,104865,497,19328,221,56096,125642,3451,8722,19349,21558,208816,2011,42993,47358,151894,19106,299309,21,21,30080,90462,-3233,435544,1370,1056846,1262225,1883527,9333,4797,1165,173,33595,-980,621302,33.0701955622
2021-08-23,62.2319999695,15.7800001145,17.2779998779,94.7162399292,4201.3,102.284285714,699,118.5384407,146.480072,118.3565254,331848,77030,328084,47970,2135698,-447254,404323,71.164,67.54,69.07,69.19,73.068,77.558,79.268,66.252,64.348,73.818,69.048,36.464,405,-3.234,6157,23,198,70,515,6157,8986,288,288,0,70,270,1006,275,32,70,1001,73,109,1076,2829,2812,7939,74,1875,1083,105,1079,911,5127,3345,-2298,405,8,92.4,16759,18128,190,25,46,926,845,585,16072,933,75,10249,1353,6880,4988,4809,105,6054,7,6060,9970,3091,1405,50,819,3091,236,2380,279,27,29.7,63.7,35.1,23.7,138459,225924,26561,104412,1147,18175,231,55696,126485,3551,8423,18197,21223,207726,2017,44443,46472,151367,17944,295855,22,22,30216,87845,-2980,432564,2577,1053866,1257435,1878737,9572,5435,1085,221,33665,70,621302,33.3116725054
2021-08-30,57.3659996033,15.1640001297,16.3200000763,96.4123809814,4258.175,114.692857143,728.666666667,127.246014907,111.379425053,151.64293669,325172,79208,326725,53799,2042879,-408022,374312,72.726,69.116,70.75,70.814,75.932,79.018,81.094,69.448,67.108,76.36,71.406,34.788,410,-2.979,6340,71,281,332,195,6340,9458,364,354,0,332,259,806,232,33,332,1144,81,126,1138,3118,3040,7946,131,2127,1082,68,1032,466,4906,3300,-1788,410,5,91.3,16549,18128,-45,186,270,926,718,307,15938,905,116,9885,1330,6803,4810,4600,94,6031,7,6038,9917,3113,1409,77,765,3113,234,2393,-31,26.5,27.6,59.2,33,24,136727,227214,24972,106072,876,19383,227,54008,124784,3515,8429,19408,21110,207806,2080,42436,46851,150461,19156,292916,25,25,28735,87387,-7169,425395,3104,1046697,1243816,1865118,9578,5236,1316,503,34501,836,621302,33.4982992106
2021-09-06,54.6024999619,15.1875,18.9624996185,96.538225174,4303.8,126.368571429,764.5,91.86061477,86.56801605,87.869836825,340265,66371,327177,54260,2074185,-394313,356528,72.176,68.8775,70.324,70.39,76.534,79.642,81.642,72.208,68.742,76.556,72.658,33.0575,394,-7.169,5810,24,100,123,349,5810,8316,142,142,0,123,304,776,232,35,123,979,95,160,899,2507,2342,8125,44,2450,1412,53,1090,734,5783,3468,-3276,394,-16,81.9,14845,18128,499,96,101,906,1150,453,14302,923,65,10122,1266,6554,4185,4032,88,5924,6,5931,9581,3028,1338,69,623,3028,254,2294,540,27.2,25.7,63.3,32.4,23.1,133586,219999,24475,100612,1717,18707,169,54302,121652,3106,8828,18729,20390,201271,2043,41764,44640,153626,18537,294337,22,22,29384,86312,-1528,423867,3735,1045169,1233425,1854727,9608,3910,861,269,36419,1918,621302,33.6386666414
2021-09-13,53.7040000915,15.4180002213,19.3020000458,98.2504196167,4323.625,105.06,694,110.847461685,42.978471755,160.3100624,340520,61088,323789,52597,2107706,-391251,349158,74.716,71.62,72.486,72.652,78.838,82.018,83.896,73.876,70.218,79.05,74.886,32.846,401,-1.529,5761,13,94,71,315,5761,7759,164,164,0,71,146,568,259,27,71,688,74,175,638,1998,2624,7117,83,1562,1300,147,767,634,4493,3137,-2495,401,7,82.1,14886,18128,303,91,-6,898,945,557,14387,937,28,9271,1228,6550,4156,4027,102,5853,7,5860,9565,3015,1262,31,690,3015,179,2217,-295,27.5,27.3,68.3,33,23.2,131897,218142,24423,101549,1852,17412,168,54356,120014,3395,8488,17435,20010,200707,1933,42199,42949,155173,17244,294467,23,23,29666,85143,-6422,417445,3809,1038218,1224642,1845415,8892,4794,888,166,35316,-1103,620773,33.6424802634
2021-09-20,57.9900001526,16.5959999085,21.463999939,97.2355194092,4272.54,115.941428571,746.5,88.730449675,48.559227945,114.40644455,360460,61813,340733,44671,2145165,-397188,355064,75.962,72.072,73.442,73.57,80.718,83.124,85.104,74.824,71.422,81.19,76.5,33.684,411,-6.422,6465,19,291,285,300,6465,8946,184,184,0,285,187,797,219,43,285,660,88,214,1082,2481,2809,7096,89,1908,1035,55,579,621,4287,3656,-1806,411,10,87.5,15863,18128,15,262,-57,899,620,401,15347,926,22,9643,1298,6620,4454,4319,113,5880,7,5887,9613,2993,1382,82,733,2993,186,2163,30,27.6,27,64.5,31.8,24,129343,221616,23261,101088,1928,20279,182,55552,117577,3110,8655,20304,20111,201312,2357,42377,42745,154011,20097,294402,25,25,29968,87061,-3481,413964,4699,1033533,1222058,1841627,8896,4744,1293,302,33840,-1476,619569,33.4123788395
2021-09-27,60.5739997864,16.7700000763,21.7719997406,100.604782104,4251.3,138.892857143,734,82.09657288,67.464897155,101.936931635,371637,51986,339628,53665,2101558,-396180,355978,79.012,75.296,76.162,76.258,85.426,86.192,88.186,76.136,73.262,85.828,78.754,36.48,421,-3.481,6552,5,265,109,348,6552,9260,300,300,0,109,262,880,221,54,109,906,80,211,989,2708,3020,7568,82,1788,922,111,920,725,4548,3532,-1840,421,10,88.1,15977,18128,-382,91,74,910,436,653,15415,914,46,9889,1187,6685,4648,4475,127,5927,7,5935,9738,3052,1321,132,751,3052,206,2321,151,28.2,28.8,70.4,32.7,24.1,129727,221809,23211,103245,1640,19402,179,55077,118333,3105,8289,19423,20220,202386,2444,42609,42424,157091,19223,297994,21,21,29165,87623,4578,418542,2566,1037231,1232987,1851676,9399,4070,1102,421,33971,131,618689,33.3648022588
2021-10-04,60.9300010681,16.3740001678,20.713999939,102.492279053,4283.4,137.032857143,742.5,133.150016785,73.04458522,164.07843015,391095,62141,352208,54166,2175199,-418880,373814,81.848,78.326,79.186,79.196,90.132,90.172,92.36,79.064,77.116,90.31,81.126,39.928,428,4.578,7035,49,169,200,485,7035,9620,298,298,0,200,184,887,279,37,200,738,91,92,1088,2585,2114,6955,115,2181,1250,123,768,404,4841,4921,-2256,428,7,89.6,16237,18128,-136,68,51,911,515,532,15744,978,46,9366,1257,6698,4778,4664,68,5955,6,5961,9745,3047,1342,83,737,3047,189,2350,-379,27.6,27.6,63.4,31.2,24.6,129331,225065,21462,105856,2181,17547,178,55541,118053,3205,8073,17573,19931,207492,2664,41291,43915,156156,17369,296825,26,26,28175,88978,2345,420887,1875,1038657,1233792,1851562,9427,4460,1281,299,35519,1548,617770,33.2476146236
2021-10-11,61.4600000381,15.3140003204,18.3299999237,103.571618652,4557.28,110.238571429,736.5,94.356529225,129.87208935,63.499608995,395059,62382,361307,45150,2230794,-443259,398307,83.822,81.038,82.16,82.212,94.428,95.386,97.692,80.332,79.282,93.948,84.652,36.538,433,2.346,5994,12,82,92,147,5994,8325,190,190,0,92,211,451,171,43,92,994,89,343,543,2331,2514,8012,133,2239,1370,89,968,699,5498,3480,-3167,433,5,86.7,15715,18129,-420,217,156,904,513,559,15061,1032,53,9605,1236,6543,4706,4506,147,5868,8,5876,9599,3057,1313,74,667,3057,198,2313,6,27.7,27.9,59.9,31,24.2,129307,223107,21303,105319,1553,16237,234,55324,117623,3344,8340,16261,19847,206846,2662,41408,44649,154763,16003,297134,24,24,29233,90848,6088,426975,5636,1043945,1238712,1855682,9186,4006,1116,302,33551,-1968,616970,33.3630664636
2021-10-18,69.1899993896,15.401999855,15.5879999161,103.922619629,4637.12,102.895714286,731.5,109.94092179,48.606331825,153.02799225,364041,63120,370741,44136,2231227,-453684,404776,85.074,83.106,83.034,83.114,95.906,98.268,101.892,76.644,75.61,95.124,85.542,35.748,445,6.088,5825,0,104,164,141,5825,7719,202,202,0,164,197,442,174,52,164,715,110,85,606,1894,3060,7325,145,1525,1046,116,900,533,4265,2765,-2371,445,12,84.7,15357,18129,-79,128,226,901,976,701,14990,1096,35,10060,1256,6737,4417,4257,125,5851,6,5857,9777,3040,1328,70,880,3040,261,2298,283,27.9,27.9,64.2,30.3,23.1,125394,217739,20828,103601,1177,16638,249,53641,113697,3320,8377,16659,20080,201080,2756,41005,42661,153372,16389,296209,21,21,28314,91608,-431,426544,3829,1041820,1228907,1844183,9634,5056,1088,361,31231,-2320,615276,33.2445456755
2021-10-25,70.6259979248,16.1279998779,16.1979999542,104.850239563,4448.96,84.6642857143,729.5,100.21759413,65.70944117,115.869442,344905,67738,381310,34474,2205089,-473181,429594,85.134,83.49,83.25,83.264,95.046,101.34,104.86,74.678,72.844,94.258,86.896,36.87,443,-0.431,6254,9,0,67,251,6254,8279,325,325,0,67,167,427,253,38,67,533,99,286,493,2024,2787,7897,74,1977,1098,49,1099,813,5110,3467,-3086,443,-2,85.1,15433,18129,-72,86,52,913,661,595,15048,1106,56,10072,1250,6864,4581,4372,153,5961,7,5969,9921,3057,1328,76,896,3057,248,2272,150,28.3,28.1,67.8,30.4,23,124962,215746,19886,102903,1145,16654,238,53158,113195,3420,8346,16675,19925,199071,2650,41391,41865,153504,16416,295056,21,21,29736,91285,4268,430812,4626,1044998,1233293,1847479,9323,3927,980,281,27332,-3899,614186,33.173748946
2021-11-01,70.4220001221,16.3139997482,15.8920000076,103.2604599,4354.58,181.974285714,749.666666667,88.0469411033,37.0756759667,132.305582683,339794,80268,371907,31063,2144359,-472412,423718,82.94,81.78,81.6675,81.93,93.78,98.4025,101.8525,72.675,70.95,92.6725,87.08,37.628,444,4.267,6172,66,111,112,201,6172,8215,190,190,0,112,177,555,241,41,112,560,125,260,667,2044,2925,8261,108,2255,1083,102,1028,760,5336,3247,-3292,444,1,86.3,15646,18129,-210,77,47,902,408,494,15023,1107,52,10176,1234,6792,4833,4667,114,5879,7,5886,9812,3020,1299,65,906,3020,245,2302,364,28.9,27,68.2,32.3,22.8,127122,214258,19045,101453,881,16820,239,53419,115026,3409,8687,16841,20129,197416,2416,39642,41663,152717,16581,293194,21,21,29378,91197,3290,434102,2374,1046643,1233922,1846463,9504,3389,1282,454,26416,-916,612541,33.0809990375
2021-11-08,75.2274990082,16.8040000916,17.536000061,102.679179382,4370.78,153.32,712.5,92.89677048,27.812524795,135.12045285,328886,79050,357229,33526,2121461,-461516,419293,83.178,81.96,82.32,82.546,94.888,95.838,98.878,72.344,71.038,92.836,86.566,36.686,450,3.291,6108,18,203,95,96,6108,7966,278,278,0,95,175,491,125,44,95,656,124,87,587,1857,3053,9249,132,2361,1582,49,1239,833,6196,3055,-4339,450,6,86.7,15715,18130,-449,100,280,893,370,438,15366,1039,64,10054,1280,6757,4868,4696,108,5858,8,5865,9726,2969,1349,70,892,2969,228,2416,328,28.8,24.7,66.5,30.9,22.6,124509,212703,19381,101028,830,17221,204,51507,112496,3356,8657,17244,20286,195459,2870,37897,42093,152106,17018,298340,23,23,29142,94380,1002,435104,4170,1044500,1232737,1842133,9259,2710,1149,300,26382,-34,609396,33.1225696881
2021-11-15,78.5300003052,16.5200000763,17.0940002441,102.752520752,4337.36,125.391428571,716,115.8100319,68.924129485,157.87985225,325795,85762,369417,26732,2081385,-461964,421312,80.978,79.022,80.682,80.92,91.144,92.26,94.672,71.714,70.694,88.824,84.296,35.934,454,1.001,6191,31,192,56,151,6191,8624,239,239,0,56,393,767,189,25,56,852,117,214,823,2433,3626,8769,176,1776,1392,119,849,831,5143,2565,-2710,454,4,87.9,15940,18130,-153,223,-116,898,536,582,15397,1060,68,9922,1295,6590,4842,4652,122,5804,7,5811,9653,3063,1384,89,779,3063,250,2442,269,28.5,24.9,64.8,30.6,22.7,123685,211996,19396,99119,1201,16565,193,51605,112142,3470,8072,16585,20081,195411,2894,37983,43485,152177,16372,294823,20,20,27728,90585,-2101,433003,3490,1039150,1223865,1830012,9241,4913,1194,546,26598,216,606147,33.170964315
2021-11-22,83.0949993134,17.0349998474,20.8659999847,102.256498337,4431.96,86.9628571429,683.333333333,75.8578338633,54.8450606517,88.4735794033,315288,93736,333516,26457,2057633,-470324,415785,79.84,75.4475,79.514,79.736,88.576,87.902,90.194,70.43,69.268,86.816,81.568,43.055,461,-2.101,6436,81,0,31,205,6436,8431,332,332,0,31,166,452,85,33,31,724,131,240,483,1995,2605,7496,59,2089,1048,80,1007,608,4891,3831,-2896,461,7,88.6,16058,18130,-238,150,-105,886,377,570,15640,1079,52,10099,1317,6712,4784,4618,114,5771,8,5779,9698,2985,1414,96,933,2985,321,2405,402,28.3,24.3,56.1,29.1,22.6,121717,211393,19475,99712,698,17887,195,49947,109823,3446,8447,17905,20164,193488,2672,37494,43131,148711,17693,291972,18,18,27516,91174,1017,434020,3117,1038525,1217887,1822392,9334,4382,1624,511,27385,787,604505,33.02199636
2021-11-29,83.6220016479,18.0599998474,27.9780002594,96.1264205933,4335.64,140.411428571,752,95.3016967833,26.05801773,146.392456067,308522,96702,336427,33625,2028573,-454965,407657,70.486,66.892,71.62,71.672,81.126,80.382,82.768,63.4,62.284,79.368,75.43,67.714,467,1.017,6604,70,93,174,100,6604,8777,234,234,0,174,206,469,187,30,174,735,116,258,643,2173,2704,7511,107,2132,1034,59,588,887,4807,3900,-2634,467,6,88.8,16095,18130,-555,75,89,883,104,496,15631,1035,58,9649,1299,6794,4872,4668,147,5750,5,5755,9782,2988,1444,143,1039,2988,245,2455,-133,27.9,23.2,51.5,28.8,23.5,123877,215422,19848,100670,561,18862,202,51132,112111,3366,8400,18884,20301,196538,2897,36072,44175,149541,18660,292831,22,22,27881,90436,-909,433111,5763,1035667,1222155,1824711,8796,3424,1673,392,28544,1159,602556,32.8841815609
2021-12-06,82.0440002441,16.5980003357,21.8479999542,96.6179595947,4350.36,101.994285714,741.5,183.705925,134.23848725,241.3399811,259068,91902,310522,52891,2033286,-432885,387234,74.782,71.302,72.876,72.896,84.398,84.736,87.148,64.644,63.562,82.794,76.778,48.648,467,-0.91,6499,28,89,10,144,6499,8472,269,238,31,10,286,547,45,42,10,779,138,185,558,1973,2270,7533,206,2111,891,45,1218,792,5263,4229,-3290,467,0,89.8,16287,18130,-624,179,-310,862,-419,336,15785,1090,61,9563,1410,6428,4917,4694,163,5636,5,5641,9338,2910,1473,60,787,2910,218,2456,225,27.7,25.1,48,30.6,24.1,126610,219304,21552,104253,1539,17596,214,52297,115671,2625,8314,17617,20464,201686,2657,36716,43597,144803,17383,290298,21,21,26820,89668,-241,432870,3653,1033737,1226355,1827222,8963,3952,1615,509,30917,2373,600867,33.1001997341
2021-12-13,74.2020004272,15.6420000076,20.7259998321,96.2915390015,4320.94,139.237142857,773.5,112.672370905,86.55675125,151.55834195,244705,90648,312225,52161,1972536,-400431,367232,74.102,71.226,73.248,73.276,85.588,86.38,88.85,65.972,65.112,84.782,78.49,51.09,471,-0.24,6471,12,129,53,140,6471,8771,450,450,0,53,165,446,259,30,53,864,139,90,499,2300,3645,8001,261,1803,847,51,773,621,4356,2826,-2056,471,4,89.8,16280,18130,-242,74,109,879,279,337,15670,1087,61,10042,1394,6749,4812,4638,114,5690,5,5695,9775,3026,1451,55,1054,3026,230,2425,267,27.3,23.5,40.7,29,23.9,123758,218585,21878,103667,1768,17606,219,51687,112766,2500,8491,17631,20883,200954,2794,35608,43832,140951,17387,285756,25,25,26742,88200,-4584,428286,3338,1027203,1210489,1809406,9472,4878,2060,280,32211,1294,598917,33.1344683343
2021-12-20,77.669998169,15.0739999771,19.6859996796,97.5373744965,4430.44,165.615714286,668.666666667,124.144673633,46.4474385567,198.210398333,245999,91581,304987,59698,1953397,-385527,347137,74.756,71.475,72.228,72.234,83.884,85.836,87.644,65.346,64.454,82.77,76.48,50.565,475,-4.584,6194,56,123,59,153,6194,8453,203,203,0,59,297,629,51,51,59,752,195,370,688,2259,2879,8766,94,2125,1550,121,1176,821,5887,3315,-3628,475,4,89.6,16242,18130,-694,201,-159,882,-240,412,15818,1051,55,9942,1394,6602,4852,4676,121,5738,5,5743,9627,3025,1473,77,859,3025,164,2427,315,26.9,23.6,42.8,30.1,24.8,124154,224118,21823,105875,2239,18966,212,52897,113225,2468,8460,18992,20705,205125,2625,35403,44114,136955,18754,279058,26,26,26468,85405,-4715,423571,2932,1019952,1203500,1799881,8986,4542,1193,452,33674,1463,596381,33.4357900084
2021-12-27,78.0720001221,15.0020000458,17.3440002441,99.843460083,4497.33333333,138.254285714,571,67.740625385,7.33860302,106.535785655,242502,87946,308410,58040,1892701,-375816,340255,78.774,76.062,76.935,76.96,89.305,90.36,92.3225,70.16,69.125,87.1175,81.5225,41.574,480,-4.715,6759,15,45,30,57,6759,8698,162,162,0,30,285,402,118,41,30,897,149,181,432,1939,2929,8485,138,2127,1347,38,1292,614,5556,3830,-3617,480,5,89.7,16262,18130,-503,-7,149,910,176,538,15703,1059,65,10113,1428,6832,4935,4745,125,5921,4,5925,9916,3084,1494,64,907,3084,254,2435,197,26.7,23.5,40.2,30,24,122428,222659,22719,106131,2887,17597,222,53065,112283,2515,7630,17621,20676,205038,2401,34589,42956,131590,17375,272152,24,24,25623,82875,-3576,419995,4442,1015023,1184586,1779614,9724,4589,1746,518,34729,1055,595028,33.1956522833
2022-01-03,79.658001709,15.5579998017,18.3220001221,100.654359436,4523.15,142.425714286,678.5,103.96136094,41.707307815,160.93362425,263790,76136,313288,46448,1867339,-373092,338429,80.704,77.856,78.434,78.518,91.29,91.514,93.486,71.1,69.084,88.588,80.632,39.08,480,-3.576,5884,77,43,45,165,5884,7562,217,217,0,45,265,550,110,44,45,456,119,181,596,1678,2554,6615,146,1704,851,79,811,470,4061,3330,-2383,480,0,89.8,16281,18130,-903,32,-34,782,-827,78,15867,1048,87,8506,1493,5995,4965,4737,141,5093,5,5098,8635,2640,1557,63,897,2640,246,2372,-129,26.5,22.8,39,30.7,25.6,126846,232787,24581,111038,3833,16966,209,54671,117070,2495,7281,16986,21359,215801,2349,34957,46259,127512,16757,269306,20,20,25915,81981,-2144,417851,3548,1011533,1194751,1788433,8172,4234,1745,307,37306,2577,593682,33.2678309826
2022-01-10,75.936000061,15.1979999542,18.986000061,102.92651825,4625.575,156.901428571,749,161.2421417,48.29556656,238.83207705,276107,69199,312738,46361,1887131,-369956,332825,83.958,81.606,81.846,81.874,95.814,94.096,95.818,73.528,71.84,94.464,83.062,36.928,481,-2.144,6069,29,119,164,175,6069,7915,216,216,0,164,101,425,78,38,164,664,135,164,589,1845,1955,6620,83,1649,1467,48,892,526,4665,4114,-2820,481,1,88.4,16029,18132,-924,114,-117,755,-869,57,15573,1006,52,8574,1451,5783,4788,4602,134,4973,4,4977,8267,2485,1539,87,806,2485,228,2418,307,26.3,22.5,39.9,33.7,27.7,129383,240748,25644,115550,1120,19106,220,56529,119821,2446,7115,19127,22911,221621,2285,34453,48422,120709,18886,260455,21,21,26642,80794,-4553,413298,2955,1006680,1190269,1783651,7906,5764,1564,240,34838,-2468,593382,33.2451899724
2022-01-17,81.6899986267,15.2550001144,25.2700004578,105.163976669,4682.22,99.6271428571,720.5,162.2864685,101.35695646,196.989418,314703,64776,321751,33925,1966615,-396940,360505,87.74,86.1075,85.872,85.912,100.416,97.808,99.522,78.842,76.176,98.484,85.654,42.1875,492,-4.553,6745,36,78,15,72,6745,8596,306,306,0,15,190,376,177,47,15,630,150,197,391,1852,2610,6411,124,1648,860,93,683,393,3801,4135,-1949,492,11,88.1,15968,18132,-498,48,3,806,-267,180,15453,1053,52,8688,1447,6102,4728,4512,164,5290,6,5296,8772,2669,1491,50,806,2669,255,2435,-84,26.4,22.4,32.1,31.8,29,127952,246621,26111,118559,1356,19706,205,57491,118115,2475,7362,19732,23592,226889,2175,34664,49484,117716,19501,256833,26,26,26616,79848,515,413813,5207,1005847,1188777,1780811,8224,5006,2253,363,33524,-1314,592034,33.2746821968
2022-01-24,85,16.6919998169,30.2339996338,106.039241028,4661.98,173.097142857,755.5,236.907074,102.32053755,340.1669464,318059,70181,338731,27135,2059564,-427052,385781,88.76,85.938,86.744,87.06,102.394,100.048,102.042,80.02,78.31,99.88,87.182,47.156,491,0.515,6236,0,0,8,186,6236,8056,226,225,1,8,120,305,198,37,8,740,132,175,314,1820,2796,6729,96,1705,1023,70,627,412,3933,3440,-2113,491,-1,87.7,15897,18132,-469,19,-77,795,-215,312,15497,1035,53,8917,1431,5888,4756,4536,168,5147,5,5152,8611,2723,1505,73,736,2723,268,2422,306,26.7,25.2,27.9,29.8,30.2,125154,247918,26726,117724,949,19773,209,59701,115848,2551,6755,19797,24476,228121,1837,36968,49748,113515,19564,253805,24,24,26101,80784,2377,416190,3267,1006972,1184688,1775470,8505,5244,2190,447,31701,-1823,590782,33.3130257556
2022-01-31,85.7259994507,16.0800001144,23.2899997711,109.12374115,4652.38,132.488571429,776.5,141.58044434,59.24359131,196.93563465,313823,71306,322719,25277,2095994,-420646,373415,90.844,89.438,88.69,89.08,105.81,103.54,106.36,81.1633333333,79.1566666667,103.46,91.3033333333,42.31,495,2.377,7085,35,82,99,20,7085,8813,250,250,1,99,197,334,128,34,99,581,183,153,433,1729,2376,6720,127,1766,1249,35,527,640,4344,4709,-2615,495,4,86.7,15714,18132,-301,107,-4,819,110,308,15248,1041,40,8650,1420,6130,4602,4416,146,5267,5,5273,8960,2829,1510,90,857,2829,292,2373,-309,26.9,25.4,25.1,27.7,30.4,122744,250037,27197,120926,1344,18955,209,59030,113444,2584,6716,18979,25854,231058,1836,37288,49758,110904,18746,252960,24,24,25123,82120,-1047,415143,5453,1004055,1178901,1767813,8226,4575,1925,549,30528,-1173,588912,33.4125926145
2022-02-07,86.8940002441,16.2739997864,23.1060001374,109.48835907,4766.58,98.4771428571,772.5,168.8328781,77.16054535,238.24822235,303138,73547,325614,21742,2093735,-414658,368904,92.174,90.664,90.314,90.776,108.488,106.156,108.17,80.72,79.118,104.656,92.576,43.05,497,-1.046,6389,33,0,8,200,6389,8434,440,440,0,8,273,506,52,32,8,631,144,264,514,2045,3100,7453,107,2204,641,119,976,306,4353,3289,-2308,497,2,88.2,15987,18132,-304,9,148,819,366,513,15577,994,41,9390,1478,6290,4699,4471,186,5377,4,5382,9006,2716,1612,133,908,2716,294,2330,384,26.6,27.1,22.6,26.7,29.2,121814,248393,27646,119161,1362,18717,191,59363,111753,2887,7175,18739,24799,229654,1559,38361,49768,108835,18526,252234,22,22,27024,82002,-4756,410387,5689,997902,1170849,1758364,9126,4780,2106,168,27727,-2801,587515,33.4993902463
2022-02-14,95.9099990844,18.6100006103,26.8360004425,111.166741943,4790.16,135.171428571,756.5,227.7060394,117.686271685,349.73272705,299624,76727,321714,25565,2170681,-412144,363383,94.216,92.804,92.114,92.422,110.01,108.454,110.906,82.196,81.024,105.902,95.12,50.344,516,-4.756,5790,35,106,37,135,5790,8251,437,437,0,37,243,518,50,73,37,944,152,322,555,2460,2271,6579,97,1601,1244,133,794,439,4308,3519,-1848,516,19,85.3,15460,18132,-53,8,3,835,554,595,14902,1009,73,8830,1360,6034,4455,4268,114,5376,7,5383,8902,2868,1458,96,651,2868,140,2311,-72,26.9,26.7,20.2,26.7,28.7,120262,247061,28380,120148,1880,17723,192,57747,110759,2799,6705,17746,25483,229315,1657,37692,49540,106644,17530,251053,23,23,25997,82346,1121,411508,4397,996336,1160959,1745787,8570,5800,2067,477,25827,-1900,584828,33.4412470988
2022-02-21,96.1949996948,18.0350003243,29.4349999428,113.886051178,4831.26,148.357142857,692,397.6630249,141.9856987,618.56056215,291603,68250,310349,18968,2122758,-392000,348093,97.216,92.2125,95.174,95.632,112.25,111.004,113.84,84.688,83.234,108.01,98.776,49.79,520,1.121,6828,12,14,55,170,6828,8784,416,416,0,55,165,361,119,30,55,608,147,250,416,1956,2686,7460,84,1655,1273,117,960,685,4774,4142,-2818,520,4,87.4,15847,18132,-163,47,109,871,592,598,15246,1024,32,9270,1403,6464,4693,4454,207,5651,7,5658,9409,2945,1463,59,806,2945,247,2448,-138,27.3,25.9,19.1,27.3,28.5,119678,246479,28982,120062,1921,17600,204,58074,109816,2652,7209,17624,25507,228855,1739,37847,48797,102770,17397,249114,24,24,26482,83764,4514,416022,3423,998406,1159130,1741514,8657,4926,1880,311,23778,-2049,582384,33.4264439005
2022-02-28,115.188002014,22.9500003815,31.3339996338,121.180880737,5079.2,181.3,746,445.45030215,257.20030215,637.6208801,301844,65097,302678,30318,2058132,-382891,339041,109.492,106.616,106.222,106.368,126.822,121.006,124.062,91.902,89.816,119.098,114.258,63.424,522,4.515,5767,12,42,141,247,5767,8043,403,403,0,141,160,461,168,22,141,738,221,142,603,2276,3796,8965,207,2146,1281,126,749,660,5169,1971,-2893,522,2,87.7,15904,18132,204,-4,11,876,662,452,15398,997,45,9274,1502,6455,4713,4551,118,5702,6,5708,9414,2959,1557,56,747,2959,193,2416,-139,27.1,26.1,19.7,27.5,28,119104,246011,29389,119702,1779,17696,205,59037,109695,2472,6937,17714,24933,228298,1761,38188,47780,102073,17490,249939,18,18,26439,85025,-2597,413425,5565,993445,1155193,1735213,8743,4474,1477,215,22806,-972,580020,33.485910307
2022-03-07,117.727998352,28.0380001068,33.0020004272,128.171278381,5361.28,197.54,745,381.2180328,325.00756835,452.97389225,315522,60728,306514,25724,2028476,-410955,368663,116.866,113.43,120.372,120.432,154.206,138.422,142.32,110.048,106.598,144.058,122.554,72.666,519,-2.597,6319,38,104,245,295,6319,8840,274,258,16,245,78,515,146,57,245,951,153,238,760,2522,2422,8166,182,2250,1503,68,1074,667,5744,3897,-3222,519,-3,89.3,15967,17877,258,163,192,896,1030,417,15377,1028,42,9577,1478,6743,4640,4476,122,5851,6,5857,9753,3009,1528,49,886,3009,179,2306,-175,27,27,21.5,25.9,28,113874,244606,29682,115092,1630,19040,197,60945,104404,2533,6937,19062,25271,225544,1351,39163,47877,102297,18843,249553,22,22,27540,84888,-1863,411562,2788,989058,1147098,1724594,8962,4928,1188,192,22221,-585,577496,33.4789971304
2022-03-14,98.0419998169,22.9239997864,27.5620002747,122.815681458,5175.84,166.46,693,298.5991516,204.8813324,397.43649295,251973,94301,302461,24927,1896974,-408809,361665,103.88,100.434,103.932,104.032,121.198,121.17,125.096,96.718,92.702,119.914,103.282,65.052,527,-1.863,6395,52,45,66,315,6395,8504,222,222,0,66,54,465,149,50,66,821,138,249,531,2109,2936,9305,129,2580,1290,175,1415,780,6369,3459,-4260,527,8,90.4,16159,17877,357,92,124,897,917,344,15601,1026,67,9380,1295,6677,4945,4736,142,5860,8,5868,9675,2997,1369,74,809,2997,239,2366,-294,27,27,21.9,26.9,27.3,114206,240991,30532,113752,1158,17102,201,60712,104557,2589,7059,17123,25945,223868,1404,38768,48245,100282,16901,247530,21,21,26859,84224,4345,415907,3739,991420,1143514,1719027,8944,4617,1532,410,24007,1786,575513,33.4471219538
2022-03-21,110.28999939,22.9259998321,22.5040000915,127.813739014,5168.84,204.562857143,727.5,297.79221345,264.5463181,360.14413455,240762,88157,283230,24491,1850794,-382602,341815,118.476,113.01,112.066,112.224,143.262,129.28,133,106.29,101.904,141.924,106.528,70.196,524,4.345,6486,23,97,65,267,6486,8608,172,127,0,65,268,655,139,44,65,738,147,206,721,2122,3844,9529,98,2332,1130,136,931,1058,5685,2642,-3563,524,-3,91.1,16280,17877,3,7,182,865,761,569,15878,1042,102,9804,1269,6468,4979,4756,122,5625,9,5634,9361,2893,1352,82,834,2893,240,2360,443,26.6,24.2,24.2,26,27,112135,238043,31076,111756,990,18324,208,60144,102290,2470,7375,18344,26148,219699,1309,36356,46809,100617,18116,250514,20,20,26656,86671,-2508,413399,2867,984722,1136815,1708138,8637,4555,1340,339,25242,1235,571323,33.2941606541
2022-03-28,115.079998779,20.9780002594,19.6099994659,124.914498901,5177.74,149.074285714,625.5,210.7586975,174.70360565,244.9183502,249298,88861,286506,22649,1788211,-380080,339969,109.692,103.514,107.39,107.558,136.354,122.652,126.426,107.93,102.412,137.766,101.734,60.512,531,-2.508,6259,98,0,143,233,6259,8378,155,155,0,143,183,514,163,39,143,830,126,188,656,2119,2988,8598,208,2311,1071,161,1251,608,5610,3271,-3491,531,7,92.1,16458,17877,29,83,-36,847,526,450,15913,1036,143,9054,1311,6344,5099,4808,148,5530,8,5539,9175,2831,1391,78,806,2831,307,2366,-122,26.1,24.4,24.7,27.3,27.3,113530,238828,32166,112298,879,18950,208,60056,103774,2620,7136,18971,26529,219857,1124,36082,46624,101794,18741,252293,21,21,27729,86615,-3449,409950,3599,978272,1138650,1706972,8499,4605,1401,180,24233,-1009,568322,33.0469862141
2022-04-04,119.238000488,18.6739997864,20.8819999695,125.524761963,5184.6,160.425714286,613,215.94721985,145.0061569,270.0123291,245998,93077,280507,22599,1795929,-360162,318731,103.72,99.152,101.304,101.298,134.99,120.548,123.728,110.434,103.384,131.004,96.756,53.726,533,-3.449,6300,78,93,67,139,6300,8324,88,88,0,67,107,416,49,40,67,941,130,332,484,2024,3693,9631,203,2100,1211,71,1373,980,5938,2607,-3914,533,2,92.5,16529,17877,-233,45,121,858,459,527,15948,1003,137,9124,1452,6245,5042,4795,110,5609,7,5616,9127,2881,1504,51,629,2881,229,2447,-2,26,23.5,24.8,29.2,27.3,114301,236787,32661,113521,1083,16483,199,59257,104486,2646,7169,16515,25903,220272,1351,35384,46410,103738,16285,255911,32,32,28803,87794,2421,412371,4242,976951,1143836,1708416,8562,4548,1271,337,25887,1654,564580,32.7523350046
2022-04-11,120.912500381,18.7575001717,23.1700004577,129.547849655,5103.175,123.72,571,220.114690133,236.3398336,242.249913567,243142,93866,273968,20847,1823366,-355435,308594,105.9,101.5225,101.025,101.0275,136.345,120.2,122.9875,111.965,102.4825,130.6,98.2175,53.66,546,2.421,5995,26,0,76,204,5995,7951,154,154,0,76,133,363,72,67,76,817,116,358,439,1956,2180,8987,150,2322,1570,140,1739,886,6807,3815,-4851,546,13,90,16148,17941,367,157,23,887,916,370,15523,995,168,9501,1541,6531,4654,4385,102,5773,9,5782,9485,2954,1612,69,749,2954,235,2423,16,26.7,22.6,29.2,28.8,27.1,111399,233139,33854,110304,856,16165,217,58172,101016,3164,7219,16197,24803,216941,1096,34903,47610,106998,15949,261604,32,32,28241,86797,9382,421753,4596,982434,1151200,1711881,8736,3586,829,534,26337,450,560681,32.7222989301
2022-04-18,125.797999573,18.5199996948,22.95,131.535562134,5111.125,135.108571429,573.5,230.1572571,230.9843292,271.2158203,235657,89658,280679,25810,1783725,-350603,304778,108.438,103.876,106.714,106.71,144.386,127.938,131.604,112.78,105.61,139.246,98.872,50.904,548,9.382,5837,53,0,235,151,5837,7696,104,103,0,235,157,362,102,46,235,669,93,295,597,1860,4270,10600,197,2411,1205,121,1478,918,6330,1567,-4470,548,2,91,16332,17941,92,88,-185,886,338,343,15717,947,115,9836,1542,6473,4816,4612,89,5805,9,5814,9409,2935,1684,140,659,2936,152,2428,427,26.2,23.7,32.3,29.5,26.8,108735,232378,33526,111153,587,18170,217,57718,97475,3307,7953,18198,24342,214180,1078,35351,44723,109594,17953,263876,28,28,27703,86931,-8020,413733,4893,969713,1143106,1699086,8868,3332,1083,403,26152,-185,555980,32.5929828469
2022-04-25,129.630001831,19.3379997253,31.1060005188,128.687937927,4863.98,137.795714286,632,154.7408142,151.7045288,169.9595566,253935,80618,269278,28954,1740300,-351252,307697,105.912,102.462,102.108,102.114,143.252,125.926,129.68,110.07,103.032,136.32,92.804,52.97,549,-8.02,5934,48,149,96,321,5934,8347,125,125,0,96,232,750,134,49,96,823,105,380,845,2413,3721,9781,163,2174,1397,87,1281,958,6060,2213,-3647,549,1,90.3,16195,17941,324,114,55,885,892,399,15684,963,121,9514,1621,6628,4782,4586,75,5785,9,5794,9554,2925,1687,65,834,2926,158,2470,-40,26.4,23.2,38.7,29,26.5,107286,230805,33430,109063,601,17559,238,58123,96989,2899,7398,17589,23965,213216,1002,35820,45428,108649,17321,264359,30,30,27984,88642,691,414424,4977,967494,1143829,1696899,8739,4382,864,411,27450,1298,553070,32.420332229
2022-05-02,125.551998901,19.3299995422,29.6800003052,130.356500244,4653.775,149.078571429,608.5,165.77077485,167.8897934,190.02690125,232972,73844,271717,19388,1733586,-358321,316063,109.196,106.684,106.393333333,106.366666667,153.53,137.393333333,141.676666667,114.176666667,106.62,148.853333333,94.36,54.176,552,0.692,6332,88,219,125,502,6332,8621,91,87,4,125,193,1002,214,47,125,588,102,168,1127,2289,3574,9458,305,2254,1205,95,1189,836,5884,2758,-3595,552,3,88.4,15867,17941,356,68,605,895,1496,467,15466,969,71,9689,1540,6855,4719,4559,89,5866,9,5874,9810,2955,1582,41,980,2955,252,2316,-121,26.7,23.5,43.5,27.8,26,104942,228575,33087,105874,980,18425,230,57147,94698,2655,7589,18452,23887,210123,1124,36178,46122,112327,18195,268087,27,27,28230,89025,1303,415727,5722,965712,1146435,1696420,8856,3944,981,290,28829,1379,549985,31.953642579
2022-05-09,120.674002075,20.6960002899,32.1880008698,126.450260925,4422.72,133.631428571,604.5,152.66449735,165.8964615,184.70360565,232684,69593,275017,20634,1751564,-366213,321701,106.982,105.036,104.704,104.74,144.45,135.396,139.218,102.78,96.16,142.696,96.396,54.264,557,1.302,6269,80,86,50,314,6269,8087,122,121,0,50,165,645,145,59,50,515,91,249,695,1817,2879,8787,124,2047,1195,243,1357,942,5908,3390,-4091,557,5,90,16147,17941,395,127,348,904,1241,371,15696,991,147,9716,1633,6823,4882,4687,47,5928,9,5937,9788,2966,1726,93,885,2966,270,2369,-72,27.1,25.6,47.7,27,25.6,104029,224968,33024,104176,1129,19275,268,55976,94612,2547,6871,19307,24140,205661,848,38321,44380,113960,19007,268169,32,32,28259,87625,8487,424214,4727,967208,1156324,1699318,8702,4262,777,272,28242,-587,542994,31.8074186803
2022-05-16,115.683999634,20.0919998169,28.6619998932,130.75166626,4485.08,152.972857143,642,157.79225155,124.29951479,210.47237395,231177,70545,273410,24458,1736594,-354479,310803,111.974,112.326,108.565,108.84,138.43,146.4,152.0075,101.3175,97.5325,135.935,95.4125,51.2,563,8.487,6568,38,104,256,421,6568,8563,114,114,0,256,57,619,70,56,256,584,87,230,876,1995,3520,9564,225,2437,1313,110,1002,957,6044,3048,-4049,563,6,91.8,16464,17941,519,165,288,911,1292,320,15935,991,80,9574,1700,6717,4880,4690,111,5981,10,5991,9705,2989,1782,82,726,2989,265,2329,-131,26.8,25.1,48.3,27.4,24.9,105264,220189,32676,102241,442,18202,266,54727,95200,2627,7437,18231,23791,201958,952,38331,44549,117370,17936,271144,29,29,29339,87459,-3394,420820,5456,958804,1153395,1691379,9027,3900,1061,231,25839,-2403,537984,31.5535471963
2022-05-23,105.600001526,18.4679996491,27.9040000915,132.70340271,4532.9,113.01,610,188.93894195,209.7988968,223.27075955,245874,61441,300126,15296,1730665,-363869,325637,115.568,111.91,109.578,109.622,142.918,141.438,149.61,103.458,98.098,141.564,93.442,47.276,576,-3.394,6486,63,182,135,228,6486,8490,80,79,1,135,239,712,85,63,135,627,81,285,847,2004,4341,10576,156,2472,1641,68,1124,774,6235,2145,-4231,576,13,93.2,16729,17941,360,98,386,915,1175,331,16269,1014,165,9423,1645,6872,5147,4875,107,6015,11,6026,9868,2996,1711,65,845,2996,253,2452,-445,26.5,25.9,53.7,27.7,24.8,106921,219707,32434,102585,850,18105,272,53628,95404,2728,8789,18135,23712,201572,1000,39087,44510,117628,17833,271362,30,30,27127,87638,-1019,419801,5444,951814,1154051,1686064,8798,4069,633,786,24778,-1061,532013,31.3212523219
2022-05-30,103.375,16.9425001145,25.5860004425,132.94865036,4554.26666667,122.025714286,582.333333333,167.145268767,147.5882314,205.091145833,254705,57633,295362,19344,1711863,-374627,334761,119.626,116.4175,112.812,112.826,159.854,148.142,154.152,102.178,95.788,155.078,89.706,48.2475,574,-1.019,6218,92,220,52,334,6218,8970,263,262,1,52,191,838,250,45,52,929,72,348,890,2751,3990,10377,178,2300,1342,151,1353,1063,6387,2228,-3636,574,-2,92.6,16617,17941,275,259,343,923,986,109,16033,1071,106,9968,1613,6868,4984,4818,60,5981,10,5991,9922,3054,1715,100,877,3054,208,2354,46,25.9,25.1,64.1,27.6,24.7,106392,218996,31807,102533,476,17966,253,53768,94550,2787,9054,17997,22961,200999,941,39589,44222,121935,17714,275515,31,31,26913,88195,-5068,414733,4262,941325,1154669,1681261,8977,3794,621,436,25034,256,526592,30.8213987061
2022-06-06,105.936001587,16.672000122,25.3779998779,136.160760498,4580.86,116.47,590,116.688205705,80.362379075,161.5468254,262141,51704,299558,16355,1787928,-373761,332976,121.748,120.44,117.11,117.136,169.62,150.988,156.644,99.386,93.148,166.728,86.592,44.988,574,-5.068,6154,74,115,118,622,6154,8774,220,220,1,118,247,1058,206,40,118,588,85,344,1176,2620,2232,8106,217,2318,1023,158,1201,957,5874,3922,-3254,574,0,94.2,16904,17944,114,249,109,898,668,196,16387,1039,105,10041,1596,6756,5001,4843,53,5901,10,5911,9653,2896,1629,32,846,2896,178,2399,388,25.8,25.2,54.6,28.5,24.2,108984,218184,31860,100965,1220,17989,223,53028,97713,2725,8547,18021,23636,200163,1035,40257,44950,126992,17766,279711,32,32,27856,88113,2025,416758,4219,936081,1165620,1684943,9199,4259,1366,230,23441,-1593,519323,30.4136480125
2022-06-13,138.216000366,20.6319999695,32.0819999695,129.770402527,4281.34,140.441428571,611,125.2070694,97.988685595,163.46448515,278277,49484,302985,18106,1790618,-369033,328256,118.976,116.464,116.382,116.46,173.044,150.734,157.172,103.704,95.802,169.762,82.1,47.338,580,2.025,6985,75,122,101,136,6985,8456,158,158,0,101,215,549,7,60,101,372,76,207,650,1471,3725,9771,169,2015,1448,109,1379,926,6046,3260,-4575,580,6,93.7,16809,17944,197,66,156,901,672,252,16320,1060,116,10019,1651,6870,4944,4801,27,5841,11,5852,9860,2990,1730,79,1018,2990,191,2440,160,25.8,25.8,59.9,29.1,24.1,109709,217474,31219,100539,978,18707,207,52073,98964,2572,8173,18738,23197,198737,1011,40611,45146,128807,18500,280203,31,31,28836,87422,1956,418714,3615,930326,1170567,1682179,9093,4483,841,149,22615,-826,511612,30.0645996602
2022-06-20,130.457502365,18.2750000953,29.2900001526,123.321048737,4095.78,134.678571429,580,133.0642395,102.19306948,178.67461395,285167,45831,290072,24088,1715674,-341654,302946,112.738,107.1825,107.966,108.002,171.934,147.628,154.774,94.818,88.664,166.69,81.266,47.78,584,1.956,6226,30,176,100,291,6226,8214,95,94,1,100,186,684,231,30,100,502,67,309,783,1988,3572,9708,180,2276,1364,122,1264,930,6136,2654,-4148,584,4,94,16858,17944,248,238,43,903,686,157,16263,1055,115,9354,1610,6613,5051,4857,79,5864,12,5876,9588,2974,1651,39,738,2974,217,2396,-234,25.7,25.2,59.6,29.1,24.5,109842,218963,30842,99675,574,18836,218,52660,99427,2509,7906,18864,23476,200099,915,40661,47190,130509,18618,280080,28,28,28990,86188,-386,418328,3297,923146,1174293,1679111,8505,4663,795,383,22043,-572,504818,29.6613244254
2022-06-27,135.707998657,18.7380001068,27.7760002136,120.1995224,3914.48,144.175714286,603,159.92046355,148.4726257,197.0814972,253890,45002,261295,27283,1658636,-323915,289502,115.154,109.06,111.44,111.464,161.592,145.164,152.418,94.852,89.75,156.266,85.858,48.09,594,1.956,5998,58,111,137,282,5998,8344,97,96,1,137,236,687,151,52,137,836,76,363,824,2346,3380,9491,186,2227,1294,135,1299,969,6111,2618,-3765,594,10,95,17042,17944,260,127,36,908,529,106,16666,1051,105,9497,1523,6916,5136,4943,89,5935,12,5947,9877,2960,1623,97,969,2961,214,2341,-381,25.3,26.7,52.5,30.6,24.8,112401,221608,29698,101037,564,17029,207,55026,101988,2557,7856,17061,22746,204548,1105,41417,47921,133787,16822,284584,32,32,28316,88336,-2762,415566,3858,913434,1180641,1678509,8922,4373,1116,538,21261,-782,497868,29.3258711583
2022-07-04,150.565002442,20.663999939,26.5040000915,113.418674469,3730.3,147.201428571,602,110.03419115,110.97399904,104.400283815,240029,42830,267187,23876,1651566,-327938,299692,105.726,101.3875,104.68,104.754,144.402,126.974,134.724,83.056,77.628,138.59,86.292,53.0625,595,-2.762,6839,106,76,162,376,6839,9006,104,103,1,162,226,784,25,33,162,795,67,231,945,2167,2612,9573,104,2615,1683,262,1282,1015,6961,4227,-4794,595,1,94.5,16958,17944,306,80,91,904,714,237,16438,1044,99,10346,1623,6934,5379,5113,168,5900,13,5913,9899,2965,1667,42,1021,2965,216,2335,447,25.8,24.6,65.7,28.8,24.4,111135,219112,29176,100758,192,17589,209,54072,100401,2925,7810,17621,23490,201491,963,39931,46469,135118,17380,284945,32,32,28442,87996,8234,423800,6370,915828,1185767,1677795,9413,4112,589,168,21330,69,492028,28.661844271
2022-07-11,139.908001709,19.3460002899,26.1819999695,113.439878845,3560.26,172.03,602,152.83579635,148.08737945,176.45751575,200283,57281,245477,44520,1637862,-304217,280523,101.284,97.92,99.1575,99.3325,136.93,111.3975,115.91,74.8675,69.1175,134.99,80.5925,52.812,597,8.235,6675,123,77,43,242,6675,8874,137,136,1,43,230,672,126,22,43,747,101,373,715,2199,3024,8851,179,1686,1552,49,1521,840,5827,3651,-3628,597,2,94.9,17023,17944,-96,284,197,887,602,217,16640,1005,96,8921,1586,6769,5133,4905,132,5825,12,5837,9646,2877,1619,31,933,2877,213,2421,-726,25.9,26.1,75.6,30,25.8,113803,224937,29432,104084,272,18023,225,54020,103822,2790,7191,18052,23606,206885,1015,41344,48509,139756,17798,289714,29,29,29251,87775,3254,427054,5201,912201,1207511,1692658,8062,4948,557,421,21646,316,485147,28.4314387291
2022-07-18,124.027999878,18.8639995575,23.963999939,116.623939514,3610.48,150.798571429,626,138.27799605,64.641010285,211.83284,189261,49633,249002,33713,1612803,-294526,268328,105.52,100.026,103.296,103.384,131.528,109.768,113.472,78.008,72.176,131.49,79.546,48.982,599,3.254,6519,70,96,112,519,6519,8693,122,121,1,112,68,753,83,48,112,885,81,138,865,2174,3759,9360,275,1683,1095,100,1642,806,5601,2760,-3427,599,2,93.7,16812,17944,-58,-16,242,887,627,459,16319,1034,128,9368,1602,6643,5031,4785,118,5780,12,5792,9539,2896,1624,20,851,2896,166,2347,-171,25.8,25.4,69.8,30,26.2,112508,228435,29743,106386,873,19089,232,53285,102745,2869,6893,19122,23553,209313,839,39861,48769,140037,18857,289245,33,33,29233,86846,-445,426609,2693,906758,1208647,1688796,8521,5823,1133,207,22789,1143,480149,28.2477518529
2022-07-25,122.078001404,17.4159996033,22.9900001526,119.892480469,3720.4,117.011428571,593.5,114.55417632,103.38147354,132.82756805,206170,51378,257160,29527,1577616,-293689,271091,106.664,96.796,103.982,104.264,131.402,112.858,116.828,78.87,73.538,131.056,78.768,47.624,599,-0.446,6164,59,139,74,253,6164,8288,124,123,0,74,74,524,133,36,74,1093,70,105,599,2124,4548,10868,85,2449,1441,82,1495,768,6320,1616,-4196,599,0,92.2,16540,17944,-355,88,412,895,556,412,16027,1021,109,9658,1707,6568,5009,4763,137,5828,11,5839,9515,2947,1762,53,729,2947,211,2369,143,25.8,24.4,85.1,29.4,25.6,111724,225131,28522,108378,903,17130,171,52581,101814,3029,6881,17158,23328,207973,868,40137,46112,143271,16959,291869,28,28,29325,87780,-4523,422086,2027,896631,1205394,1679939,9245,4363,627,220,23540,751,474545,27.9879674167
2022-08-01,122.983999634,16.9880004883,22.2620002747,118.270318604,3776.48,141.724285714,553,166.447855633,115.556780467,210.8223419,215086,48697,248311,33215,1597451,-283489,259260,97.278,91.304,97.488,97.774,126.894,107.024,111.146,79.036,74.182,124.63,76.076,51.352,605,-4.523,7342,24,66,104,308,7342,9412,234,231,4,104,107,505,120,49,104,760,105,241,609,2070,3512,9958,199,2211,1482,80,1634,840,6446,3830,-4376,605,6,91,16320,17944,276,27,284,908,914,326,15853,1043,79,9292,1646,6709,4933,4744,111,5905,12,5917,9702,2994,1732,82,792,2994,164,2383,-410,26.3,26.8,83.1,29.8,26.2,109324,225294,27331,108817,551,17248,167,52757,99827,2593,6904,17266,23394,208028,888,41631,45903,145010,17081,290922,18,18,28188,86222,4467,426553,4458,896408,1208920,1678775,8541,4858,746,487,24466,926,469855,27.5459476639
2022-08-08,116.378001404,16.1500003815,20.5060005188,120.701538086,3900.04,122.337142857,589,197.555687,156.81008915,230.33975985,215902,55724,228214,35779,1606910,-272866,253752,97.622,91.924,95.8675,96.3825,124.8675,106.4125,109.925,80.405,77.065,123.2275,73.425,45.712,598,4.467,6171,55,51,125,236,6171,8173,204,204,0,125,127,469,80,52,125,781,121,186,595,2002,2110,8549,199,2182,1565,74,1293,1126,6439,4061,-4437,598,-7,94.3,16916,17944,534,56,149,909,885,145,16581,1022,118,10150,1708,6867,5122,4884,120,5971,11,5981,9835,2967,1763,51,886,2967,206,2344,315,26.7,24.5,84.4,29.6,24.9,111490,220316,27381,106878,552,17426,165,50413,101824,2725,6941,17453,23256,202864,985,40665,45021,151750,17260,299379,27,27,29146,85925,5457,432010,3219,896568,1221926,1686484,9123,4057,606,181,25189,723,464558,27.5494153554
2022-08-15,118.483999634,15.4459999085,19.9400001526,121.615740967,3838.1,102.214285714,556,107.1083565,112.64434054,123.5613098,196704,59024,214172,47390,1570131,-238073,210651,94.88,89.064,92.876,93.538,131.49,106.898,110.916,77.068,75.512,129.43,69.6,49.236,601,5.458,6132,56,90,91,281,6132,7979,164,164,0,91,196,623,88,48,91,591,80,211,714,1848,5000,10709,232,1961,1141,165,1308,902,5709,1132,-3861,601,3,93.5,16783,17944,609,79,-63,929,983,358,16423,983,116,9965,1638,6886,5178,4946,115,6025,11,6036,9955,3069,1666,23,849,3069,211,2360,9,26.2,24.3,92.4,29.4,23.8,112256,215674,26537,103250,706,16059,164,50058,102433,2633,7190,16091,23446,199583,1128,40084,45569,154391,15895,300925,32,32,27425,85545,-7056,424954,2267,886110,1212767,1673923,9348,4876,965,502,25381,192,461156,27.1752691345
2022-08-22,130.430001831,15.7799998919,23.613999939,124.158300781,3862.78,117.56,579.5,126.79751965,115.61515809,153.11849975,192627,68173,210189,56786,1557349,-239291,214940,99.65,92.888,97.93,98.238,145.916,109.758,113.436,78.232,74.664,143.472,71.126,48.436,601,-7.056,6171,42,84,48,264,6171,8465,173,173,0,48,178,567,1,54,48,1346,68,90,615,2293,4177,11076,172,2370,1722,136,1579,920,6899,1994,-4606,601,0,93.8,16826,17944,380,54,19,919,868,415,16255,987,99,9429,1676,6715,5200,5000,101,5974,11,5985,9734,3018,1711,31,730,3019,324,2418,-304,25.9,24.7,88.3,29,24.3,111594,215647,27100,102488,998,16920,152,51044,100708,2851,8035,16953,23807,198694,1037,39650,44164,157209,16768,305362,33,33,28387,86708,-3282,421672,4381,874737,1214131,1667196,8434,4510,763,141,25807,426,453065,27.0441404402
2022-08-29,125.994000244,16.8479999543,25.8639995575,121.674821472,3683.275,87.0657142857,592,129.03779603,117.659578943,150.74097443,207131,52773,215812,32381,1503506,-268256,246220,97.254,90.336,97.932,97.942,140.192,101.162,104.354,73.742,69.718,138.172,68.278,51.476,605,-3.282,5956,50,29,63,285,5956,7878,208,208,0,63,157,521,207,89,63,616,119,153,584,1923,3967,9942,187,1838,1272,94,1544,1040,5975,1989,-4052,605,4,92.7,16628,17944,96,62,361,906,879,360,16238,970,80,9778,1580,6806,4919,4769,71,5887,12,5899,9782,2976,1649,64,907,2976,297,2403,-4,25.5,22.6,96.9,29.6,24.2,111706,214475,25770,101850,781,18395,167,49960,100813,2752,8141,18424,23533,196050,988,38567,43459,159983,18229,307071,29,29,28011,87037,-3326,418346,2644,868344,1213941,1663939,8591,5035,646,410,25284,-523,449998,26.5330989872
2022-09-05,129.39999644,16.6900000572,24.7880001068,116.969800949,3646.82,94.04,576.5,106.74241637,75.174188615,138.90688325,228314,56495,214090,41378,1470207,-256248,229189,91.712,84.7875,92.282,92.346,133.736,98.274,103.136,68.794,62.206,131.826,66.312,50.8625,596,-3.326,6779,66,185,103,534,6779,9116,172,127,0,103,143,928,24,75,103,809,121,180,1031,2337,3433,9802,147,2219,1235,27,1565,1176,6369,3346,-4032,596,-9,90.9,16309,17944,150,10,141,905,891,591,15929,989,71,9852,1542,6814,5031,4859,101,5872,10,5881,9817,3003,1577,32,933,3003,273,2454,35,26.4,24,86.1,29.8,24.5,111801,214808,24916,101430,892,18771,165,52616,101620,2765,7416,18792,23138,196016,954,38722,41077,163193,18606,308099,21,21,27272,85758,8845,427191,4919,869662,1225148,1667619,8727,4508,1070,531,24783,-501,442471,26.0745634586
2022-09-12,125.261997986,17.5719999313,25.9740001679,119.355181885,3719.52,124.782857143,587.5,129.83433915,124.84358595,178.2691727,210777,57049,218282,43875,1480320,-240417,214478,92.692,86.756,92.87,92.948,123.64,97.328,101.496,66.646,60.756,120.676,67.302,45.73,591,8.844,5792,38,89,21,200,5792,7416,125,125,0,21,174,501,117,42,21,612,67,181,522,1624,3515,9816,142,2134,1460,86,1409,1070,6301,2277,-4677,591,-5,91.5,16416,17944,-67,77,20,894,741,712,16022,963,99,9453,1541,6641,5019,4878,42,5808,11,5819,9572,2931,1580,35,821,2931,334,2445,-119,26.7,24.7,104,32.7,24.9,116020,213040,24800,99296,824,18135,191,55520,105986,2579,7455,18163,22843,194877,1035,39201,39237,161901,17944,303682,28,28,28323,84115,2442,429633,3413,863690,1230619,1664676,8494,5406,515,279,24648,-135,434057,25.6240477019
2022-09-19,133.639996338,18.5580001831,27.636000061,115.922341919,3640.22,104.282857143,574,148.7861595,91.866859435,208.61188505,205617,48918,219511,34712,1498059,-244007,227057,89.812,83.07,91.15,91.244,120.574,90.998,94.682,65.888,59.13,115.634,68.312,48.31,599,2.442,6947,6,69,81,395,6947,8982,107,107,0,81,223,694,50,35,81,854,73,176,775,2035,3540,10196,439,1972,1190,108,1758,1189,6656,3407,-4621,599,8,93.6,16793,17944,0,135,217,879,780,428,16355,901,97,9459,1590,6863,5236,5009,130,5700,11,5711,9792,2929,1628,34,1152,2929,261,2442,-334,26.7,26.2,105.3,34.2,25.1,117250,214610,24197,102150,935,18331,193,55203,106565,2783,7902,18365,22501,196245,1123,39186,37957,163972,18138,304974,34,34,29375,83872,1141,430774,4046,857932,1239862,1667020,8322,4935,852,178,24991,343,427158,25.5560756481
2022-09-26,152.15,19.618000412,31.6999996185,111.573181152,3501,160.127142857,613,159.31329345,102.28735353,233.86265565,205018,42684,225063,32323,1481545,-261568,239878,87.22,79.616,86.128,86.194,117.968,87.878,91.278,61.87,56.036,111.05,66.09,55.536,602,1.142,6449,53,0,230,125,6449,8290,94,94,0,230,117,295,140,64,230,835,112,135,525,1841,4646,10984,108,2363,1475,120,1287,985,6338,1803,-4497,602,3,90.6,16255,17944,88,13,111,911,659,447,15751,855,62,9625,1435,6800,4958,4752,144,5890,12,5902,9853,3053,1522,83,898,3053,273,2515,-228,26.9,24.2,98.7,31.9,24.7,114359,212188,24255,100462,1129,18658,187,52435,103751,2290,8318,18681,22691,193507,1141,36750,39480,164088,18472,303800,23,23,27795,82529,-215,430559,4172,853142,1230969,1653552,8825,4432,918,515,25683,692,422583,25.4306032782
2022-10-03,151.582000732,19.7720001221,29.9200000763,115.761018372,3617.72,140.825714286,625.5,154.2268448,64.99469566,247.0718079,202350,44477,211808,42146,1504991,-246872,226080,93.274,87.8,91.198,91.2,132.146,90.726,93.692,62.794,59.026,119.762,71.778,55.396,604,-0.215,5947,58,42,49,174,5947,7319,81,81,0,49,158,431,6,61,49,567,82,156,480,1372,4551,10612,130,2048,1385,46,1656,796,6061,1396,-4689,604,2,91.3,16388,17944,-51,64,-87,896,439,512,15961,889,57,10014,1487,6552,5188,4965,166,5834,10,5844,9555,3002,1521,31,708,3002,312,2457,459,26.8,23.7,105,29.9,23.6,110916,207460,23948,99059,1335,17270,185,51190,99644,2455,8817,17294,21685,190166,925,36213,38581,163716,17085,302351,24,24,28747,81998,-1356,429203,5868,845592,1220965,1637354,9465,4572,930,286,25956,273,416389,24.9557152514
2022-10-10,156.065002441,20.3340000152,32.7220005035,115.147299194,3593.6,171.891428571,598,187.7381821,175.537452675,208.61553955,226784,41452,219497,30136,1495538,-260854,241999,93.826,88.494,93.3,93.328,136.082,92.214,95.552,62.69,58.674,126.078,71.254,51.136,602,-1.356,6063,46,62,54,309,6063,7926,79,79,0,54,229,646,76,58,54,755,75,178,699,1862,2872,9928,139,2915,1518,166,1266,1052,7056,3191,-5194,602,-2,89.9,16147,17962,179,96,-135,904,393,253,15683,932,69,9168,1535,6524,4863,4662,133,5887,11,5898,9510,2986,1568,30,626,2986,260,2494,-341,27.6,23.5,95.1,26.4,24,106063,209482,23075,99546,1024,16525,236,51315,94367,2448,9248,16552,21863,192931,1154,36069,41046,161127,16289,301884,27,27,29071,84030,9879,439082,4115,847781,1228998,1637697,8276,3981,895,225,25647,-309,408699,24.8305344447
2022-10-17,151.299996948,19.3679996491,30.4600002289,111.76946106,3530.72,95.8914285714,596,151.6653061,87.1608658,216.11956025,236737,35574,232159,23493,1499498,-283626,259220,91.988,84.972,88.992,88.986,133.25,91.214,95.034,60.778,55.438,123.954,70.022,48.468,610,9.88,5908,11,99,83,190,5908,7739,111,111,0,83,91,391,64,60,83,927,80,148,475,1831,4138,9468,147,2194,1086,78,1044,781,5330,1770,-3499,610,8,89.5,16080,17962,335,88,78,908,797,296,15550,1016,87,9381,1484,6722,5023,4815,121,5916,12,5928,9739,3017,1517,32,794,3017,301,2560,-358,27.8,23,81.3,25.4,23.8,106187,209368,23072,98824,944,16568,222,50724,94880,2601,8706,16591,21844,192777,940,36227,42285,160026,16346,300454,23,23,29064,83899,-1725,437357,3263,842492,1226465,1631600,8678,4743,1486,372,26230,583,405135,24.6978537131
2022-10-24,145.876000976,18.8200000763,27.7459999084,112.671180725,3578.12,130.734285714,593.5,171.70352175,98.9466133,230.53289035,214300,37423,212701,36651,1454431,-273757,251545,95.04,86.958,91.2625,91.3425,133.66,91.0325,95.735,62.455,56.3,123.6425,72.4575,48.098,612,-1.725,6180,31,134,61,336,6180,8419,139,139,0,61,93,594,371,57,61,734,96,243,655,2239,5129,11426,159,2069,1827,151,1215,876,6297,1051,-4058,612,2,88.9,15965,17962,133,82,10,915,834,609,15436,1033,93,9437,1354,6830,4978,4818,67,5939,11,5950,9850,3020,1445,89,879,3021,214,2572,-413,28.1,23.7,86.2,25.9,23.5,106357,207890,22810,101156,630,14404,244,50816,95352,2585,8420,14433,22291,193457,1004,36057,40854,155588,14160,295438,29,29,30017,83500,2588,439945,5413,841663,1224812,1626530,8930,5208,720,170,26897,667,401718,24.6193863997
2022-10-31,140.445999145,18.1240005493,25.4799995423,114.610821533,3587.48,118.947142857,645.5,126.3872719,139.64440535,132.00088505,241221,35770,217534,35605,1436942,-268026,249079,95.776,89.136,91.048,91.046,132.538,93.76,98.75,66.56,60.912,122.79,73.532,47.234,610,2.588,6205,19,19,118,47,6205,8088,121,121,0,118,84,168,74,44,118,1034,123,245,286,1883,3925,9462,212,1986,1451,130,921,837,5537,2280,-3654,610,-2,90.6,16266,17962,234,113,-87,905,653,392,15842,1040,83,9480,1463,6663,5117,4923,112,5855,11,5866,9680,3016,1495,28,798,3016,198,2539,-200,28,24.6,85.2,25.8,23.9,106784,206633,22635,100780,787,15122,238,50454,95840,2907,8037,15142,22232,191491,868,36394,39470,157282,14884,296867,20,20,30308,83527,-3115,436830,2537,836622,1224099,1623891,8660,4951,1034,272,28164,1267,399792,24.4654385136
2022-11-07,122.687501907,18.2400001526,24.4060005188,116.384539795,3801.92,178.032857143,643.5,168.4148903,128.6448517,215.76955795,267511,39846,231845,33801,1459052,-275761,254809,95.118,88.392,90.658,90.658,133.06,96.332,102.514,68.072,63.852,126.878,73.952,44.214,613,-3.115,6454,28,68,147,86,6454,8587,328,328,0,147,160,342,116,55,147,882,95,221,489,2133,3521,9692,126,2056,1443,108,1446,992,6171,2933,-4038,613,3,92.1,16551,17962,127,40,-197,884,312,343,16089,1051,84,9754,1615,6717,5204,4978,142,5760,10,5771,9673,2956,1640,22,947,2956,229,2509,81,28,24.9,79,26,23.3,106263,205733,22223,99105,914,14403,190,50988,95895,2547,7821,14426,22192,191307,1186,36975,40301,155542,14213,293319,23,23,30308,84603,3925,440755,3011,836974,1223286,1619505,9011,5000,1205,342,27241,-923,396219,24.3723991758
2022-11-14,128.189997864,17.0249999364,23.8860004425,116.181539917,3917.06,144.168571429,636,137.111225125,84.27046585,184.48698809,281003,42916,244997,31186,1446658,-301325,274790,91.452,84.02,87.492,87.488,128.94,94.772,100.512,67.458,63.938,123.154,75.936,45.506,622,3.925,5559,0,156,99,209,5559,7854,110,110,0,99,108,473,201,53,99,1139,102,171,572,2294,3862,9887,127,2030,1631,127,1183,927,6025,1697,-3731,622,9,92.9,16688,17962,-73,100,116,893,421,278,16152,1011,91,9789,1593,6749,5097,4932,74,5778,11,5789,9730,2981,1618,23,960,2981,234,2483,60,27.4,24.1,90,26.6,23.5,107383,207940,21404,100609,635,15933,188,49638,96320,2645,8418,15958,21298,191982,1482,37279,41100,153158,15745,290293,25,25,29385,84315,-5400,435355,5161,827474,1216746,1608865,8742,5481,943,409,25617,-1624,392119,24.2466650731
2022-11-21,132.865001678,16.0659999847,20.9840003967,115.783374786,3783.44,162.751428571,590,97.12153369,107.861124687,111.641517637,257700,49150,229574,37741,1469437,-307395,278267,86.038,78.725,80.84,80.842,119.684,91.344,96.306,62.88,60.766,117.134,73.528,48.7825,623,-5.4,7063,65,21,165,241,7063,8670,122,122,0,165,93,420,43,30,165,646,98,114,585,1607,4242,9927,141,1842,1507,155,1142,898,5685,2821,-4078,623,1,93.9,16863,17962,-82,89,30,886,307,269,16410,1041,67,9164,1553,6695,5111,4895,149,5731,11,5742,9652,2957,1634,80,953,2957,243,2456,-488,26.8,24.9,87.8,27.1,24.3,109101,210998,21935,101085,556,16665,197,51182,97441,2280,9379,16687,22829,194311,1540,37430,41489,151446,16468,289316,22,22,29721,84296,-3690,431665,4317,822183,1220087,1610605,8327,5163,874,154,24730,-887,390518,24.3131854399
2022-11-28,125.723997498,15.6540000916,20.7159996033,115.236180115,3903.34,144.424285714,638,91.8645477467,81.9025611833,106.516873693,205023,66975,217421,45707,1405565,-276994,252475,84.82,79.438,80.086,80.094,116.184,86.848,90.832,59.614,56.34,114.318,70.242,47.192,627,-3.691,6037,27,46,112,210,6037,7946,152,152,0,112,140,423,149,42,112,697,173,180,535,1910,4948,11776,254,2436,1586,114,1300,1138,6828,1089,-4918,627,4,95.2,17106,17962,-177,121,-174,891,344,573,16638,1018,140,9360,1607,6640,5311,5051,120,5764,9,5774,9646,3006,1669,59,867,3006,206,2553,-287,25.7,22.5,92.2,29,24.9,112648,213768,22256,102900,595,16780,190,51174,101145,2853,8650,16804,22934,196964,2342,36258,42296,149367,16589,286356,24,24,29634,82124,-12581,419084,4809,808200,1211316,1600432,8317,4820,910,284,24315,-415,389116,24.1252381237
2022-12-05,129.803997803,16.2520002365,22.1440002441,110.95145874,4056.58,132.052857143,618,128.20269775,94.61106298,169.6484146,183827,84616,206157,40568,1412121,-262654,239739,78.29,73.134,75.754,75.756,108.316,82.464,87.104,57.56,55.012,104.67,64.982,46.756,627,-12.58,6012,31,61,119,173,6012,8331,372,372,0,119,135,400,52,50,119,989,144,233,519,2319,3430,9725,130,2219,1544,116,1274,1012,6295,2582,-3976,627,0,95.5,17162,17962,-497,66,-223,848,-310,344,16585,1077,122,9065,1683,6435,5332,5135,74,5520,11,5530,9245,2810,1709,24,905,2810,230,2556,-180,25.2,24.2,89.3,31.9,26,118807,219087,23219,105926,785,15476,196,52799,107963,2899,7946,15502,23257,203586,1859,37972,44075,147783,15280,285491,26,26,28998,82143,-5186,413898,4023,800917,1217189,1604208,8358,4602,1293,438,23942,-373,387019,23.692931682
2022-12-12,124.436000061,14.5620002746,22.8279998779,113.749279785,3982.58,116.407142857,578,125.711360925,136.99076845,123.532917025,181292,86267,229669,58392,1436728,-259553,231720,80.324,75.248,75.622,75.784,113.252,83.246,87.516,57.982,54.844,108.792,64.796,43.234,625,-5.187,6867,63,78,155,318,6867,9100,277,277,0,155,176,635,77,42,155,841,124,124,790,2233,4316,10824,176,1938,1494,214,1483,1203,6508,2551,-4275,625,-2,92.2,16614,18022,-466,50,-5,879,13,433,16126,1061,105,9194,1613,6497,5168,4943,120,5643,10,5653,9458,2961,1650,35,844,2961,252,2581,-263,25.8,22.8,86.2,32.4,26.9,120171,223583,23210,110722,798,14716,174,53581,108445,3277,8449,14740,24409,208843,1896,36487,43742,144966,14542,283361,24,24,28692,81811,10231,424129,2866,806400,1231168,1613439,8255,4847,1117,206,24368,426,382271,23.6901183555
2022-12-19,115.691999817,14.8079998016,21.3619998932,112.103399658,3950.52,129.638571429,519.5,123.83493425,147.04212955,104.575099945,183328,93935,233664,58011,1450482,-247747,229559,81.378,77.324,76.976,77.6,111.046,85.356,88.778,60.818,57.298,110.768,64.692,41.69,620,10.231,5819,34,86,86,198,5819,7704,188,188,0,86,146,465,188,26,86,618,174,166,551,1885,4360,10704,138,2426,1490,93,1310,887,6344,1459,-4459,620,-5,90.9,16383,18022,-385,125,57,876,107,310,15976,1029,110,9552,1587,6546,5102,4894,97,5633,10,5642,9516,2970,1664,75,904,2970,238,2626,36,25.6,22.1,69.3,32,26.9,119929,226113,23582,110995,992,14978,166,53594,109121,2598,8211,15001,24067,211112,2473,36498,45532,140750,14812,277955,23,23,29401,79313,-5895,418234,5181,796858,1219612,1598236,8714,4547,1727,210,25221,853,378624,23.689816034
2022-12-26,121.704999924,16.1799998283,21.5540000915,112.804224014,3999.56666667,177.852857143,401,148.523613,161.38371275,132.5164032,185853,86320,231821,43238,1395622,-256558,238191,83.94,79.2875,79.3875,79.4475,115.1675,90.94,94.33,62.5625,59.18,116.9675,66.6775,42.8275,622,-5.894,6252,90,41,173,92,6252,8428,160,160,0,173,139,363,139,31,173,1142,117,84,536,2176,3465,9221,214,1989,1255,118,1324,856,5756,2787,-3580,622,2,92,16586,18022,92,91,-317,916,578,712,16149,963,137,10144,1532,6881,5085,4850,98,5895,9,5904,10003,3122,1563,30,976,3122,259,2403,141,25.8,22.7,57.9,31.6,25.7,120212,223008,24373,106873,1031,15918,170,55119,109082,2908,8222,15940,24636,207068,2338,36276,44046,133084,15748,270452,22,22,30408,78458,718,418952,4173,794080,1208371,1583499,9327,6322,1692,81,25026,-195,375128,23.6038049552
2023-01-02,122.287500381,16.9575004578,22.1249995232,108.588348389,3942.725,160.772857143,497,143.589126595,136.77447895,152.164123535,211159,67456,231788,36379,1413545,-266554,247618,79.3,74.3025,77.39,77.55,108.64,88.6975,92.145,58.4925,55.7275,110.06,66.715,44.21,621,0.718,5712,96,114,119,23,5712,7467,113,113,0,119,199,432,48,48,119,842,119,83,551,1755,4207,10554,249,1942,1409,137,1553,1057,6347,1505,-4592,621,-1,79.6,14343,18022,-62,60,27,789,435,410,13820,844,118,8466,1320,5760,4035,3785,132,5103,9,5112,8442,2682,1334,12,648,2682,268,1899,24,27.1,21.2,56.8,32.9,26.3,118785,222662,25514,106524,1252,16018,177,53041,108165,2874,7746,16038,24444,206625,2334,34131,45808,130048,15841,273867,20,20,30032,83411,1694,420646,3170,793026,1205247,1577627,7514,5026,1145,268,25270,244,372380,23.2349463398
2023-01-09,115.449998474,16.4300001144,20.163999939,110.016159058,4187.12,238.824285714,576.5,109.1597443,91.623786925,119.46266935,227206,65750,221499,56013,1459936,-249040,227607,82.346,77.082,78.114,78.358,111.598,91.302,94.346,59.21,56.268,111.358,71.014,40.602,618,1.694,6350,129,75,55,170,6350,7988,209,209,0,55,86,460,26,29,55,530,175,183,516,1638,2137,8740,185,2705,1637,124,1085,867,6603,4213,-4965,618,-3,84.1,15160,18015,-260,116,-226,768,-73,297,14651,943,139,8533,1514,5860,4544,4332,73,5023,9,5031,8403,2543,1533,17,828,2543,330,2383,130,29,22.3,54.3,32.4,27.4,117716,226776,26444,107237,1082,17157,237,53610,107120,2445,8151,17177,23800,209599,2768,33904,47669,131081,16920,277609,20,20,29650,84963,18961,439607,6346,811187,1227649,1599229,7558,3178,1221,444,27781,2511,371580,23.2003856127
2023-01-16,116.042499542,16.447499752,19.9120002747,111.896026611,4320.1,160.631428571,553.5,139.88663865,106.339294415,169.219162,232987,75875,210664,54479,1557092,-225502,205236,85.83,80.325,82.668,82.858,117.32,99.636,103.084,63.116,60.844,118.228,75.074,39.045,623,18.962,6861,38,73,53,290,6861,9265,148,148,0,53,101,503,199,42,53,1068,180,253,556,2405,3872,10189,202,2697,1339,143,1002,934,6317,2989,-3912,623,5,85.3,15374,18015,-370,148,33,834,256,445,14853,1008,38,8865,1530,6285,4601,4520,43,5375,9,5384,9125,2839,1565,34,901,2839,281,2396,-260,30.1,23.4,55,31.9,28.4,115777,230259,26779,109034,670,16667,230,57153,105628,2259,7890,16688,23402,213571,2304,34356,46714,127177,16437,270998,21,21,30602,82339,8408,448015,4855,819594,1230028,1601607,8054,4965,1518,255,31427,3646,371579,23.1427457468
2023-01-23,108.033999634,15.8620002746,19.0659999847,112.034280396,4371.84,155.087142857,582.5,105.37777709,119.63970564,103.834625235,261824,49372,217767,35715,1613466,-255599,239218,86.914,80.518,83.64,83.7833333333,119.943333333,103.44,107.33,64.9033333333,63.0333333333,121.83,76.2133333333,38.164,613,8.408,5905,6,41,141,93,5905,8129,320,320,0,141,171,311,89,50,141,1011,153,199,453,2224,4707,10494,194,1791,1619,184,1106,893,5787,1198,-3563,613,-10,86.1,15517,18015,-545,76,37,830,18,451,14981,1012,78,8831,1664,6194,4592,4456,58,5350,10,5359,9000,2806,1681,15,834,2806,252,2375,-169,30.8,24.7,61.3,31.8,29.7,115270,232022,27478,110032,813,16230,217,57174,105399,2215,7656,16249,25077,215773,2501,35504,47754,124982,16012,270858,19,19,31120,83452,533,448548,4946,820127,1234017,1605596,8142,4770,1052,193,35694,4267,371579,23.1197497749
2023-01-30,99.4779998779,15.3520002365,18.8540000915,109.723179626,4296.18,129.964285714,593.333333333,124.451375333,122.272659327,132.946807867,284481,32339,219944,31470,1660450,-273246,249799,82.868,76.49,81.562,81.692,111.746,97.422,100.698,61.016,59.526,115.014,74.442,38.938,609,0.533,7283,65,41,87,174,7283,9304,313,313,0,87,134,414,110,46,87,723,171,204,501,2022,3492,9270,178,2193,1389,111,981,926,5778,3791,-3756,609,-4,85.7,15439,18015,-582,62,-236,838,-156,600,14961,1028,92,9443,1619,6126,4692,4499,101,5361,9,5370,8986,2860,1647,27,756,2860,266,2352,457,30.5,24.1,55.5,30.5,29.1,117590,234598,27836,112094,835,17020,223,56857,107946,2315,7328,17044,24442,217554,2107,35471,47768,120538,16797,266321,24,24,31323,83349,4140,452688,4355,824267,1235614,1607193,8491,4527,1482,330,38009,2315,371579,23.0716023811
2023-02-06,104.321998596,15.5740001678,19.7919998169,107.89223938,4135.38,135.848571429,544,142.9530716,139.20710755,167.08868405,292452,24437,230234,45746,1726378,-266622,243820,84.132,77.5,81.512,81.666,104.4,96.666,99.842,60.394,59.778,107.68,74.684,36.978,599,4.14,7058,49,70,147,462,7058,10040,692,692,0,147,262,842,103,39,147,802,188,208,989,2982,2900,9162,174,2492,1344,133,1176,943,6262,4158,-3280,599,-10,87.9,15836,18015,-623,100,-9,819,-271,261,15410,1000,79,9093,1564,6121,4664,4488,97,5335,7,5342,8873,2752,1661,92,779,2752,259,2394,220,30.2,23.7,46.7,31.4,28.9,120522,239606,28905,115753,914,16105,207,58950,110984,2324,7213,16125,24417,223481,1723,35818,47863,115672,15898,261870,20,20,32751,83109,2423,455111,4912,826690,1238968,1610547,8428,4822,1853,130,39052,1043,371579,22.7996706255
2023-02-13,110.203999329,14.9939998627,19.5340000153,107.739498901,4079.46,135.978571429,561.5,94.381523135,47.040267945,142.24989315,282357,30632,231397,56782,1791955,-244548,224151,85.142,78.524,83.778,83.996,103.818,97.204,100.6,65.044,63.946,106.656,77.766,36.242,609,2.423,6232,20,50,148,241,6232,8485,221,221,0,148,130,441,231,32,148,811,153,248,589,2253,3146,9206,209,2075,1845,125,1020,786,6060,3086,-3807,609,10,86.5,15566,18002,-267,36,-1,874,424,656,15027,1014,63,9089,1493,6358,4509,4318,128,5626,11,5637,9314,2956,1520,26,721,2956,255,2356,-225,31.2,24.4,48.9,31.3,29,119237,241922,29340,114051,1230,17344,142,60684,110436,1937,6864,17363,25339,224559,1479,36532,48594,115632,17202,266642,19,19,30814,86802,16283,471394,3768,842973,1258177,1629756,8274,4007,1032,655,39711,659,371579,22.7535702957
2023-02-20,119.529998779,14.9825000763,21.8400001526,106.176822662,4100.44,100.685714286,573,142.97730255,110.420612345,184.203392,323748,23840,243466,52215,1821601,-247370,227541,82.618,75.455,81.456,81.806,99.298,94.52,98.216,66.786,64.014,101.928,77.292,37.3375,607,16.283,6326,47,27,77,181,6326,8391,414,413,0,77,145,399,135,50,77,766,165,110,476,2065,4597,10589,246,2210,1675,135,958,768,5992,1729,-3927,607,-2,85.9,15460,18002,-541,23,63,854,-28,428,15010,1029,107,9428,1510,6072,4700,4435,158,5516,10,5526,8950,2878,1543,30,547,2878,267,2404,477,31.7,25.3,44.6,32.3,28.2,121935,240066,29485,113739,1451,16126,161,59900,112429,2045,7461,16148,25588,223919,1581,37291,48829,111738,15965,263926,22,22,30294,87863,7647,479041,3995,850620,1261479,1633058,8910,4582,1316,316,40411,700,371579,22.7951948253
2023-02-27,122.269999695,14.1100000382,20.0620002746,106.933880615,4044.62,111.034285714,568.333333333,131.45098623,152.62270098,133.471387267,305050,28497,226610,62318,1756029,-241297,219671,84.246,77.652,82.542,82.792,103.048,94.818,98.572,70.496,66.848,105.14,78.902,36.082,600,7.648,6208,51,44,30,387,6208,8063,197,196,0,30,159,642,126,32,30,540,140,180,672,1854,5629,11128,93,2207,1571,32,945,651,5499,579,-3645,600,-7,85.8,15450,18002,-226,144,-3,873,466,552,14979,1003,108,9730,1491,6327,4609,4349,153,5637,10,5647,9287,2960,1517,23,680,2960,252,2382,442,31.8,25.8,43.7,32,27.6,122114,239192,29912,113141,1174,16108,155,59144,112294,1811,8009,16127,24775,223065,1276,37551,49607,110083,15953,263375,19,19,30693,88976,1166,480207,5594,851786,1258497,1630076,9112,4267,1343,343,40718,307,371579,22.7693395599
2023-03-06,132.123999023,14.6199998856,20.9440002442,105.379760742,3965.92,99.8714285714,548.5,137.43764115,78.990066525,172.7679062,307855,21855,238553,66336,1750212,-231298,215314,83.3,77.42,82.546,82.644,102.598,96.964,100.948,70.624,68.828,103.436,77.898,34.362,592,1.165,6271,23,0,114,224,6271,8377,141,141,0,114,85,332,293,66,114,963,121,143,446,2106,3362,9372,275,2179,1377,216,1132,831,6010,2909,-3904,592,-8,86,15480,18002,2,47,-238,870,580,768,14967,1010,87,9557,1567,6628,4525,4295,142,5735,8,5743,9495,2867,1590,20,885,2867,239,2414,62,31.9,25.1,48.8,32.6,27.3,122252,238058,30649,112377,1029,18046,155,58491,112729,2164,7359,18071,25320,219987,1382,37248,48090,112500,17891,267898,25,25,31007,90436,-1694,478513,4719,850092,1260348,1631927,8562,3967,1234,122,39828,-890,371579,22.7962436833
2023-03-13,178.004000854,19.5819999695,24.9779998779,103.36946106,3882.12,194.374285714,588,101.26874162,106.573715185,126.2922821,320337,22046,232357,56264,1755027,-234489,206901,75.916,69.766,77.608,77.758,97.354,93.406,97.676,66.036,64.184,98.328,71.724,47.09,590,-1.694,6216,32,41,79,180,6216,7685,155,154,1,79,118,371,158,35,79,514,167,26,450,1469,5027,11230,177,2020,1756,150,1209,891,6203,1189,-4734,590,-2,88.2,15885,18004,-120,76,-30,878,499,573,15398,1014,112,9111,1535,6429,4428,4201,115,5697,9,5706,9379,2950,1583,45,723,2950,300,2433,-268,31.8,24,52.9,32.2,26.8,119715,235997,32217,111152,886,15989,234,59622,110998,2093,6624,16011,26394,219987,1103,36711,48326,112123,15755,267726,22,22,30845,89291,1550,480063,2802,851642,1258422,1630001,8594,4231,713,199,37912,-1916,371579,22.9431217993
2023-03-20,162.569998169,20.1339996338,22.4279998779,102.684521484,3929.84,159.484285714,577,101.26207351,98.48357583,120.365108505,270872,37488,206008,82034,1767660,-212633,176219,75.34,69.418,73.98,74.078,95.378,91.342,95.76,62.374,60.904,94.17,67.444,48.298,589,1.55,6172,50,47,95,197,6172,8249,222,221,1,95,82,376,157,59,95,1042,115,70,471,2077,4932,11944,174,2664,1804,253,1225,892,7012,1240,-4935,589,-1,88.6,15946,18004,336,50,-28,881,1178,819,15376,997,128,9503,1599,6739,4503,4298,78,5735,9,5744,9679,2939,1639,36,995,2939,211,2400,-176,31.7,23,54.3,30.9,26.1,116402,229598,32492,107423,1136,14213,248,59212,107247,1954,7202,14237,26188,215360,1024,36840,47589,111906,13965,268348,24,24,30729,90218,1117,481180,4915,852759,1247987,1619566,8960,4410,1034,45,36849,-1063,371579,23.0955361438
2023-03-27,149.076000977,18.336000061,19.482000351,104.433900452,4029.04,162.891428571,573.5,83.60367584,46.088100435,110.2066307,227992,58067,197887,126585,1791902,-178904,154341,78.818,73.804,77.312,77.306,97.304,94.868,99.354,65.832,65.234,94.832,70.062,43.082,593,1.117,5325,84,25,107,394,5325,7600,146,145,1,107,263,766,125,42,107,789,172,169,873,2275,4584,10622,140,1982,1802,262,1026,826,6038,741,-3763,593,4,90.3,16261,18004,177,52,235,888,990,525,15813,1003,145,10038,1604,6638,4633,4414,74,5780,10,5790,9597,2959,1662,55,848,2959,247,2370,441,30.8,24.1,55.2,31.2,25.7,116683,226694,33314,102660,1120,15432,232,58192,107105,2541,7037,15456,25527,211238,1066,38249,49266,113058,15200,269539,24,24,30673,89679,-7489,473691,4146,845270,1237299,1608878,9145,4918,1091,162,35217,-1632,371579,23.2358326682
2023-04-03,145.349996948,18.8499999046,18.6859996796,106.481199265,3941.55,121.977142857,517,154.0432307,111.223762517,199.3898926,225060,63953,193134,79858,1785807,-191616,181069,84.995,80.61,84.66,84.715,101.6925,101.875,104.6625,72.71,72.6775,99.4975,72.615,38.2025,592,-7.489,7144,80,46,80,304,7144,9058,115,114,2,80,204,633,134,34,80,724,122,106,713,1914,5239,11169,160,2270,1314,193,1134,859,5930,1905,-4016,592,-1,89.6,16139,18004,186,66,144,888,631,235,15615,1003,104,9851,1586,6528,4740,4529,107,5770,9,5780,9490,2963,1686,97,748,2963,246,2416,360,30.2,23.8,53.8,28.9,24.7,113051,222575,34113,102966,1182,13866,241,56619,104390,2345,6316,13889,25136,208686,1168,38021,47919,116335,13625,272361,23,23,29445,88606,-3739,469952,4949,841127,1226250,1597425,9295,3736,1301,335,34247,-970,371175,23.0375176642
2023-04-10,130.249996948,18.0400001526,18.4059997559,107.309521484,3981.875,143.937142857,526.5,106.27771761,50.30592537,139.76740645,269296,34835,211536,35122,1858446,-239970,226127,85.904,81.842,85.658,85.684,99.706,100.81,104.194,75.304,75.254,98.788,72.556,33.514,590,-3.739,6193,100,84,149,382,6193,8468,233,233,0,149,98,664,137,47,149,897,104,90,813,2275,2727,8671,154,2307,1457,101,1140,785,5944,3466,-3669,590,-2,89.3,16133,18061,278,149,-146,891,592,311,15585,959,115,9818,1639,6531,4583,4377,91,5828,9,5837,9501,2970,1677,36,694,2970,293,2395,317,30.2,24.9,51.1,28.7,24.5,112445,222245,34314,101865,863,15595,174,57869,103053,2062,7331,15617,25128,206628,1344,38977,46031,120832,15421,278326,22,22,30810,88373,597,470549,4438,840124,1234656,1604231,8936,3770,975,87,33838,-409,369575,22.9661807708
2023-04-17,122.187998962,17.0699996948,16.836000061,107.216519165,4043.1,117.92,520,123.45521165,121.80235293,125.44229509,267766,33725,222967,24474,1875140,-255411,235632,83.082,79.202,83.342,83.414,95.852,94.382,98.992,72.928,72.82,96.232,70.134,34.528,588,0.597,6294,72,97,152,258,6294,8538,113,113,0,152,121,547,260,45,152,955,106,110,700,2244,4571,11084,131,2358,1851,81,1149,943,6513,1723,-4269,588,-2,91,16440,18061,223,40,-34,882,595,366,15844,1024,117,9475,1587,6663,4750,4548,86,5778,10,5787,9583,2920,1625,36,876,2920,291,2511,-108,29.7,25.4,52.4,29,24.9,112090,223544,35609,100766,1005,16750,183,57104,102534,2485,7071,16771,25293,206773,1135,39891,47898,120096,16567,280143,21,21,31848,89999,-4581,465968,4549,833931,1234232,1602195,8519,4368,869,172,32750,-1088,367963,22.922685864
2023-04-24,127.738000488,17.2179996491,17.4600000381,104.342340088,3894.32,135.714285714,547.5,149.0592384,145.5025177,136.60056685,276559,34572,234597,22156,1913192,-273247,244575,79.82,76.334,80.35,80.46,92.246,90.292,94.192,70.916,70.594,93.208,68.574,36.712,591,-4.581,6376,61,95,188,479,6376,8835,93,93,0,188,200,835,89,43,188,1041,92,121,1022,2459,4819,10516,112,2163,1388,184,1116,734,5697,1557,-3238,591,3,91.3,16483,18061,197,82,181,899,830,370,15833,967,179,10016,1643,6719,4669,4351,138,5882,10,5892,9714,2995,1682,37,827,2995,316,2463,302,29.3,25.6,61.6,28.8,24.4,111513,221136,35127,100845,652,16451,178,56089,101478,2814,7221,16477,24306,204658,1213,40782,47073,122289,16274,283937,26,26,32362,92162,-5054,460914,5072,827856,1233839,1600781,9511,4580,676,180,33069,319,366942,22.8201206358
2023-05-01,134.230001831,18.5740001679,17.8960002899,102.428779602,3876.9,181.421428571,520.333333333,83.7940445,74.6705061767,95.7576866033,254128,46895,224505,31589,1826195,-271197,236438,74.952,71.164,74.6275,74.6375,85.86,84.1025,87.915,66.515,66.1475,87.355,62.57,39.95,591,-5.054,6396,116,74,63,339,6396,8348,144,144,0,63,205,735,125,44,63,772,78,34,798,1951,4737,10657,99,2307,1538,117,1018,841,5920,1659,-3969,591,0,90.7,16378,18061,7,63,506,911,937,361,15735,976,125,9378,1578,6793,4576,4391,59,5967,11,5978,9792,2998,1631,50,815,2998,308,2480,-414,29.2,26.8,64.3,29.2,25.1,110323,222878,34467,103484,761,16321,183,54609,99628,2826,7869,16347,23363,206531,1106,41605,47677,125612,16138,285846,26,26,32315,91672,-1281,459633,5033,824571,1234256,1599194,8618,4438,1105,233,33610,541,364938,22.6718847561
2023-05-08,128.666000366,18.1820003509,17.1180000305,102.457341003,3774.925,189.857142857,570.5,131.28368,125.31829455,143.4561577,211745,73909,204320,47273,1908299,-252905,214845,76.002,72.068,75.512,75.51,88.842,84.214,88.786,68.578,67.388,89.826,62.968,35.572,588,-1.28,5553,50,73,155,443,5553,7610,111,111,0,155,133,698,88,64,155,809,81,114,853,2056,2876,9237,102,2523,1642,56,1278,760,6361,2677,-4305,588,-3,91,16402,18031,-28,108,220,897,711,412,15745,965,115,9823,1601,6552,4606,4460,31,5867,9,5876,9546,2994,1685,81,676,2994,290,2459,277,29.3,24.1,79.1,27.6,24.4,106153,219711,35537,101432,1171,15732,195,54459,96202,2498,7453,15753,23291,203957,1135,39886,46895,125750,15537,288577,21,21,33134,91149,2951,462584,4534,824598,1234739,1596753,9303,4224,454,230,34007,397,362014,22.4469361486
2023-05-15,125.796000671,17.2600002289,16.9680000305,101.390939331,3708.54,162.445714286,606.5,149.18921665,141.68811035,139.08099365,213029,100287,221673,49748,1885886,-239456,216628,75.708,71.642,74.294,74.288,89.332,85.346,89.844,68.512,67.174,89.034,60.622,35.89,586,2.951,6860,102,148,138,278,6860,8881,128,128,0,138,179,707,146,44,138,714,74,116,844,2022,4310,10806,179,2359,1617,175,1236,930,6496,2550,-4474,586,-2,92,16594,18031,132,82,338,909,850,298,15990,987,201,9482,1624,6722,4856,4587,68,5926,11,5937,9723,3001,1655,27,784,3001,345,2482,-241,29.5,26.1,89.2,27.6,24,106233,218330,35382,103224,1128,14200,189,52727,95615,2712,7907,14224,23191,204105,938,41602,47027,127301,14012,289203,24,24,32514,90539,5040,467624,4869,827210,1242352,1601938,8908,4544,618,375,35468,1461,359586,22.5193593866
2023-05-22,136.237994385,17.181999588,18.572000122,100.263859558,3625.4,244.538571429,567.5,122.517602935,101.04812048,139.38207625,201602,94880,221809,61516,1856570,-215612,191469,76.88,72.748,75.612,75.66,89.63,88.216,92.998,67.476,66.972,88.458,61.852,35.836,575,5.04,5850,33,76,115,400,5850,7864,156,156,0,115,139,649,132,47,115,774,88,100,763,2014,4549,10100,189,2275,1303,159,914,711,5551,1301,-3537,575,-11,91.7,16540,18031,209,218,129,929,812,256,16069,983,152,10315,1566,6779,4875,4685,38,6053,10,6063,9836,3057,1626,57,716,3057,214,2470,479,28.7,27.2,89.1,26.7,23.9,105672,216277,35315,100627,801,16185,194,52097,94664,2619,8388,16204,22041,200073,982,42577,46548,129749,15991,290294,19,19,32843,89168,-12456,455168,5657,813122,1231585,1589539,9437,4710,818,108,37230,1762,357954,22.2376826102
2023-05-29,130.739999771,15.3324999809,16.6219997406,98.8266487122,3662.75,125.054285714,552.333333333,141.087397267,109.86613467,175.2889862,218092,81217,214885,71718,1847901,-217386,193119,74.736,69.8475,73.7725,73.775,87.8675,85.7025,91.0775,65.475,65.1975,86.4375,60.6675,40.115,570,-12.456,7217,31,112,178,338,7217,9313,199,199,0,178,174,655,159,53,178,804,72,30,833,2096,4915,11194,216,2097,1339,169,1453,951,6279,2302,-4183,570,-5,93.1,16784,18031,149,169,-14,926,814,510,16165,1004,129,9971,1553,6945,5040,4899,12,6044,9,6053,10018,3072,1675,118,892,3073,241,2519,-47,28.7,25.5,109.7,27.3,23.5,106657,216070,35132,101113,567,16883,192,51422,96851,2707,7099,16901,22332,199169,1085,41441,46067,133026,16691,293003,18,18,33086,88643,4489,459657,4262,815093,1242914,1598350,9098,4164,687,67,38858,1628,355436,21.9706191771
2023-06-05,116.975999451,13.9299999237,14.0219997406,100.703579712,3707.58,89.1814285714,582.5,114.90005872,93.206346535,127.88238145,226958,66658,209546,98208,1920740,-192877,162591,76.14,71.576,75.464,75.466,91.034,88.642,93.828,67.046,66.154,89.692,60.056,35.306,555,4.488,6400,90,176,199,426,6400,8544,172,172,0,199,82,774,48,46,199,828,102,22,973,2144,2475,8652,187,2326,1507,196,876,988,6177,3925,-4033,555,-15,95.8,17279,18031,-91,-23,202,887,-78,-165,16647,1036,143,10065,1723,6703,5243,5033,66,5831,9,5839,9584,2881,1758,32,863,2881,257,2563,481,28.3,27.9,95.1,29,23.9,111731,218815,35767,101188,677,17283,197,51688,102143,2851,6737,17305,22948,201510,1111,42332,47958,135363,17086,295624,22,22,32713,88250,-452,459205,4393,812774,1255712,1609281,9218,3642,920,136,40579,1721,353569,21.7152267216
2023-06-12,112.948001099,13.0779998779,14.3079999924,102.194578552,3784.9,111.15,606,94.303230285,75.036619185,113.2651672,244508,62449,212408,92984,1951628,-198377,172442,74.322,69.442,73.548,73.554,90.626,87.57,92.96,65.724,65.06,89.06,56.756,33.69,556,-0.451,6381,104,161,192,477,6381,8443,136,136,0,192,121,862,51,41,192,721,76,24,1054,2062,3270,9661,216,2068,1649,178,1247,957,6391,3111,-4329,556,1,93.7,17114,18270,-99,87,272,913,565,306,16586,1018,87,10171,1678,6809,4988,4815,87,5945,10,5955,9830,3021,1709,27,854,3021,221,2588,341,28.5,27.1,100.8,29.9,23.9,113854,220923,34899,102441,865,18777,194,50267,102655,3057,8142,18796,22226,202128,1301,42337,48554,136127,18583,293723,19,19,32205,85737,7919,467124,2719,818811,1267854,1619541,9193,5389,570,139,42133,1554,351687,21.6143705474
2023-06-19,109.617498398,12.8499996662,13.5239997864,103.488424301,3781.46,171.937142857,575.5,94.59692573,74.37763978,109.52973937,226892,52622,216383,112159,1886782,-184272,155074,75.42,70.425,76.442,76.468,93.314,88.298,93.158,68.284,67.666,92.128,55.284,34.575,552,7.919,6161,86,192,174,302,6161,8618,144,144,0,174,170,751,84,33,174,1079,96,128,925,2457,4543,10589,199,2086,1392,242,1181,859,6046,1618,-3589,552,-4,93.1,17011,18270,-143,121,92,903,410,340,16470,1052,102,9819,1712,6833,5077,4884,92,5903,10,5914,9808,2975,1745,29,919,2975,173,2545,11,28.1,24.6,95.8,30.5,24,114288,221402,33840,104390,663,17091,192,50297,103217,3308,7763,17113,22804,204290,1383,40910,48940,140711,16899,298254,22,22,31274,86698,-3831,463293,4002,813261,1269177,1619145,9375,4510,1036,192,42035,-98,349968,21.619068999
2023-06-26,110.451998901,12.5479999542,13.7100000382,101.152099609,3673.48,122.472857143,586.5,110.48968885,90.27456665,146.5275993,239888,49502,218958,112158,1846816,-189918,166477,73.942,69.426,75.21,75.225,91.84,86.2025,90.9575,67.0375,66.765,90.2225,54.49,36.306,546,-3.831,6580,58,176,160,304,6580,8924,119,119,0,160,158,697,234,41,160,1042,77,15,857,2344,5338,11775,87,1892,1895,96,1496,867,6437,1242,-4093,546,-6,92.2,16847,18270,-101,164,85,897,206,57,16254,1052,86,10117,1705,6620,4709,4582,41,5868,11,5879,9583,2963,1822,113,741,2963,156,2521,534,27.5,24.1,111.3,31.2,23.9,114411,222005,32891,103148,729,17817,190,51144,103784,3394,7233,17839,22979,204166,1375,41093,49145,143184,17627,299235,22,22,30967,86200,-9603,453690,2903,802307,1263927,1612544,9306,5291,333,119,43244,1209,348617,21.5851944887
2023-07-03,121.585000992,12.2625000477,14.3439998627,101.645200729,3693.52,87.0242857143,513.333333333,91.95645649,109.124636317,83.1752929733,227633,67833,207303,135760,1865745,-166658,138388,76.508,71.81,76.2,76.28,93.432,85.408,91.366,71.236,70.506,91.626,57.238,34.3675,545,-9.603,7038,112,141,108,352,7038,9246,113,113,0,108,137,743,200,51,108,772,61,211,851,2208,3901,9843,187,2098,1250,163,1301,863,5942,3137,-3734,545,-1,91.1,16648,18270,94,213,140,923,692,244,16030,1060,81,10265,1660,6755,4850,4746,24,6031,11,6042,9780,3025,1716,51,712,3025,199,2568,485,27.7,23.6,104.9,30.9,23.4,113366,219456,32723,103470,555,17182,181,49607,103065,3130,7172,17211,22260,202245,1400,41358,48613,145689,17001,300520,29,29,30901,85158,-1508,452182,4000,799341,1261161,1608320,9599,4724,1154,257,42844,-400,347159,21.34033276
2023-07-10,119.419999695,12.5899999618,14.0799999237,103.550878906,3774.56,83.0414285714,554,146.3588791,119.62967685,158.14387515,244514,59608,207518,112155,1816043,-170148,141429,79.686,75.176,80.008,80.018,98.732,90.886,96.746,74.258,74.186,96.78,62.032,32.702,540,-1.508,5880,26,134,76,448,5880,7758,71,71,0,76,95,704,32,35,76,887,91,17,779,1877,2144,9177,204,2437,1612,114,1499,1116,7033,3736,-5156,540,-5,93.7,17127,18270,260,103,119,891,597,116,16659,1032,101,10107,1745,6797,5086,4985,0,5923,9,5932,9656,2859,1772,23,865,2859,238,2530,451,28,23.9,106.4,33.6,23.7,118181,219452,32984,101333,880,19361,186,48509,107879,2691,7611,19387,22658,200065,1410,41797,49344,148502,19175,303577,26,26,30551,85089,5946,458128,2010,804886,1278137,1624895,8756,4621,626,191,41239,-1605,346758,21.3554689521
2023-07-17,110.530000305,12.55,13.6260000229,105.25289917,3756.82,123.212857143,542.5,131.9111824,122.2663689,147.890625,269537,36508,229288,101077,1796348,-196688,173433,79.66,75.59,80.572,80.664,100.632,95.15,100.912,74.348,74.178,98.606,62.014,30.572,537,5.946,7174,38,207,140,183,7174,9049,63,63,0,140,149,577,79,49,140,839,94,82,717,1874,3814,10375,200,2092,1564,122,1424,1073,6561,3360,-4687,537,-3,94.3,17228,18270,34,138,209,897,673,293,16585,1070,119,9523,1741,6761,5032,4839,74,5877,10,5887,9717,2956,1776,31,874,2956,230,2513,-193,27.9,25.1,111.8,34.3,23.9,118194,218386,32349,102625,662,17516,177,48183,107600,2761,7833,17540,23166,200846,1360,42377,49376,148276,17339,303368,24,24,29397,85746,-708,457420,3327,804179,1276989,1623748,8855,5401,916,355,38348,-2891,346759,21.3619285178
2023-07-24,109.751998901,12.1899999619,13.7399997711,107.517739868,3821.88,115.2,546.5,96.02770043,76.072341915,115.497879045,238646,45950,247874,74589,1768189,-233490,206099,83.706,79.564,83.972,84.002,108.604,99.758,105.39,78.886,77.952,106.09,65.528,29.848,530,-0.708,6367,93,131,146,271,6367,8520,160,160,0,146,112,608,120,61,146,896,66,157,754,2152,4591,10931,189,1942,1640,230,1258,995,6340,1776,-4188,530,-7,93.4,17068,18270,262,243,10,913,803,287,16478,1094,75,9488,1687,6767,4781,4673,33,5978,9,5988,9784,3017,1721,30,779,3017,259,2554,-297,27.8,25,97.1,33.3,24.1,117949,217600,31289,103393,642,15415,187,48828,108460,2657,6831,15443,23228,202157,1492,41258,49295,150755,15228,306118,28,28,27821,85978,-600,456820,3541,803579,1276498,1623257,8939,5564,834,411,35739,-2609,346759,21.5001940703
2023-07-31,116.813999939,12.2899999619,15.334000206,106.099299622,3828.58,87.8985714286,532.5,118.1429863,99.40365602,129.76968385,246123,49483,246884,54780,1743598,-250976,225196,85.01,81.406,85.772,85.824,116.666,99.16,104.78,85.512,84.526,112.284,69.532,28.434,529,-0.6,6668,26,233,92,479,6668,8637,113,113,0,92,115,852,60,51,92,724,79,48,945,1969,5283,11779,154,2656,1277,189,1261,818,6496,1385,-4527,529,-1,92.7,16930,18270,420,174,110,924,1036,332,16517,1067,40,9829,1673,6834,4861,4754,66,6001,12,6013,9904,3069,1799,123,821,3069,248,2500,-75,26.6,24.7,108.7,33,24.8,117153,219081,30389,101827,554,17268,174,50598,108047,2045,7061,17297,22860,201784,1350,41081,48805,155652,17094,309982,29,29,27508,85943,-17049,439771,3901,786530,1266059,1612818,8838,4591,885,152,34480,-1259,346759,21.4540595364
2023-08-07,114.6,12.0319999695,15.6820001602,105.892799377,3720,77.2542857143,562.5,125.32688145,82.664253235,163.72924805,252472,37104,256814,50855,1752072,-267239,241859,86.454,83.054,87.9275,87.965,117.285,101.595,107.215,86.3975,85.74,115.9675,70.9675,27.748,525,-17.049,6682,95,72,139,228,6682,8483,65,65,0,139,150,546,206,46,139,697,104,43,684,1801,2360,8771,196,1879,1798,70,1458,941,6411,4322,-4610,525,-4,93.8,17138,18270,394,74,133,921,806,205,16579,1023,109,9921,1716,6884,4911,4770,33,5983,9,5992,9954,3070,1821,101,892,3071,254,2687,-33,26.9,23.8,104.6,30.8,24.1,115447,216420,30187,101476,1289,15966,183,49613,106055,2165,7227,16017,22880,200403,1246,41224,48025,159856,15783,312840,51,51,28786,84960,5851,445622,4703,793376,1273170,1620924,9302,5003,803,45,34639,159,347754,21.5815731972
2023-08-14,120.126000977,12.4060001373,16.6499996185,104.068901062,3625,108.351428571,574,96.03244018,52.630910875,125.42440415,259791,48804,255153,44995,1703711,-278338,255928,84.694,80.904,86.228,86.256,116.342,102.598,108.218,85.47,84.344,116.244,69.252,28.424,525,5.851,7158,0,145,55,278,7158,8691,129,129,0,55,108,531,27,36,55,701,83,8,586,1533,4599,10455,177,2048,1398,106,1167,881,5856,2559,-4323,525,0,94.7,17302,18270,144,97,91,926,767,435,16746,1069,113,9585,1691,6817,4729,4625,-10,5994,12,6006,9891,3074,1716,21,811,3075,227,2654,-306,26.5,24,96.3,31,24.1,115743,216158,28799,101959,1181,15331,208,50516,106678,1939,7126,15371,23435,200788,1266,41342,47131,162174,15123,311849,40,40,26961,85530,-5960,439662,3154,788016,1265773,1614127,8851,5982,1244,389,33802,-837,348354,21.650564891
2023-08-21,120.73400116,12.5559999466,16.5919998169,104.639300537,3687.42,117.064285714,553.5,60.677770615,36.829057215,74.97398758,275625,44890,231591,52771,1702766,-270101,242108,83.908,79.768,85.854,85.986,117.388,102.988,109.008,84.754,82.922,117.99,70.38,28.724,520,-5.96,6933,93,218,65,448,6933,9041,88,87,0,65,68,827,45,40,65,898,64,120,893,2108,4258,10544,119,2425,1460,176,1182,830,6286,2675,-4178,520,-5,94.5,17258,18270,208,96,78,915,688,306,16776,1048,108,9715,1811,6598,5066,4934,23,5952,10,5962,9614,3016,1835,20,636,3016,271,2608,100,26,24.6,94.5,31,24.2,116688,217626,27837,104206,1553,15610,206,50217,107013,2047,7628,15649,22790,201977,1252,41788,46001,162672,15404,311838,39,39,26235,86127,-6134,433528,3502,782476,1262779,1611727,8910,5427,974,319,30669,-3133,348948,21.7879424618
2023-08-28,108.363998413,12.0319999695,14.013999939,106.061979675,3733.975,107.605714286,536.5,94.560390455,42.884931565,127.14564516,264484,46713,227435,65560,1623347,-256341,234371,86.236,82.414,86.6725,87.0725,118.3325,103.3175,109.1025,82.515,80.4,119.9725,71.205,27.392,512,-6.135,6617,67,178,94,351,6617,8725,163,162,0,94,157,754,133,58,94,859,101,5,848,2108,4528,10409,136,1868,1547,99,1308,854,5881,2089,-3773,512,-8,93.3,17041,18270,321,260,110,920,957,266,16603,1007,115,10005,1663,6788,5023,4831,77,5979,12,5991,9815,3027,1706,39,797,3027,270,2539,190,25.4,23.9,104.3,31.6,24.1,117923,217412,27190,103165,1286,16861,208,49928,107964,2161,7798,16887,21609,200526,1246,41065,46146,166071,16653,311418,26,26,26911,83090,-10584,422944,2454,772486,1254749,1604291,9068,6135,639,79,29165,-1504,349542,21.8213618139
2023-09-04,107.622497559,11.192499876,14.1039999008,106.279474258,3717.56,59.6357142857,582,100.964172365,60.078720095,135.56915664,254673,52446,236158,48509,1658521,-260948,240905,90.042,87.1525,90.364,90.364,119.294,103.334,109.086,83.102,82.29,120.316,71.774,27.9325,512,-10.584,6770,81,237,188,412,6770,8833,130,130,0,188,63,794,118,47,188,655,93,63,982,2062,4932,11426,191,2180,1694,160,1184,1003,6494,1838,-4432,512,0,93.1,17014,18270,-37,282,32,906,702,425,16623,1012,115,9788,1777,6643,5017,4791,111,5916,12,5928,9618,2974,1825,44,715,2975,224,2663,170,25,25.2,99.8,31.5,23.8,118602,214746,26995,103635,1087,14437,212,52442,108456,2396,7751,14453,21621,200293,1433,42007,43130,172241,14225,319278,16,16,26282,84904,-6307,416637,2868,766977,1255151,1605491,9321,4194,989,216,27415,-1750,350340,21.6948502342
2023-09-11,101.58400116,10.4920000076,13.6239997864,107.127279663,3724.24,93.1185714286,561.5,135.82673265,75.43477249,181.76215365,272356,44709,279404,30414,1703130,-308997,299322,92.442,89.116,93.444,93.456,125.098,107.712,113.94,86.256,84.578,125.422,75.066,25.476,513,-6.307,7582,74,140,150,398,7582,9483,185,185,0,150,137,749,41,71,150,637,61,77,899,1901,3090,9052,125,2076,1668,58,1056,911,5962,4492,-4061,513,1,93.7,17124,18270,412,79,-243,899,570,322,16800,1039,125,9212,1720,6551,5011,4800,85,5801,11,5812,9546,2995,1773,51,739,2995,277,2557,-334,25.2,23.9,127.7,32.7,24.8,122533,220307,26668,105487,1469,15448,326,52901,112417,2253,7863,15469,21171,204838,1129,41290,44981,168941,15122,313360,21,21,27194,84389,3955,420592,2466,771222,1265560,1616190,8307,6646,502,166,24965,-2450,350630,21.6839160079
2023-09-18,100.955999756,11.0260000229,15.5980003357,106.880921936,3697.56,79.6857142857,573.5,169.52098845,103.328739155,239.34313965,288376,40749,299873,20561,1791696,-348713,326871,93.774,90.524,94.348,94.356,122.848,106.494,112.134,82.446,80.634,123.55,75.054,30.114,515,3.954,6517,25,107,14,280,6517,8404,83,83,0,14,85,497,100,57,14,870,120,184,511,1886,5067,10694,177,1729,1229,131,1108,1144,5627,1450,-3741,515,2,91.9,16792,18270,79,23,102,891,750,546,16304,980,124,9711,1768,6752,4782,4563,95,5745,10,5756,9748,2996,1846,74,996,2996,274,2580,-37,25.2,24.8,119.4,31.3,25,119666,219476,25992,104630,1422,16650,324,54213,109698,2214,7754,16668,21681,202808,1358,42326,42544,172340,16326,317439,18,18,28796,85540,-2136,418456,2000,769686,1268542,1619772,8410,5376,1245,98,22901,-2064,351230,21.6918238177
2023-09-25,117.186000061,12.9899999619,17.7840000153,105.531599426,3667.36,116.16,552.5,83.833236695,58.40781593,95.492481255,290652,25121,314868,20472,1692990,-354835,328426,94.898,91.25,94.846,94.68,123.224,100.578,105.908,84.238,82.244,122.244,74.678,31.72,507,-2.135,7229,41,88,232,203,7229,8629,114,114,0,232,146,478,88,43,232,367,86,36,710,1400,4012,10335,136,2104,2041,134,1017,814,6323,3217,-4923,507,-8,89.5,16353,18270,-2,94,165,892,721,464,16065,1009,84,9139,1655,6620,4932,4765,83,5789,12,5800,9604,2984,1775,117,819,2984,322,2603,-464,25.3,25.8,123.7,30.8,25.5,120064,220503,24769,106110,1464,16218,308,53013,109639,2154,8271,16234,22048,204269,1153,42985,43682,173176,15910,315006,16,16,28724,83722,-2169,416287,3178,767267,1267049,1618029,8619,5140,544,234,21958,-943,350980,21.6443094653
2023-10-02,130.86199646,14.55,18.3820003509,102.611601257,3592.7,117.301428571,566,134.17825315,87.44800949,184.35889435,283492,39950,335926,21407,1750559,-375404,350055,87.218,85.474,89.198,89.198,116.012,91.798,96.728,76.186,73.07,115.06,71.23,34.574,502,-2.17,6215,0,236,195,351,6215,8228,85,85,0,195,137,724,160,33,195,705,71,73,919,2013,4956,11500,138,2203,1977,127,1140,837,6544,1259,-4531,502,-5,87.3,15953,18270,30,74,166,893,698,427,15602,1009,70,8826,1602,6549,4689,4536,83,5785,11,5795,9539,2990,1641,34,753,2990,228,2626,-713,25.6,25.3,134.6,30.6,27.2,118795,226984,24008,108441,1669,17401,294,53448,108664,2163,7968,17426,21884,209559,1278,42662,46001,174779,17107,318385,25,25,27506,86158,-2224,414063,1107,765343,1271687,1622967,8014,4547,724,348,22090,132,351280,21.5602741113
2023-10-09,129.512500763,15.3879999161,17.3660003662,103.808079529,3582.14,204.547142857,562.5,273.1990204,287.4655762,308.02749635,261078,42743,326582,19920,1787495,-381946,349560,87.702,85.288,87.978,87.978,111.998,92.612,97.722,75.91,72.326,112.5,69.298,40.218,497,-2.224,6329,0,151,65,236,6329,8329,120,120,0,65,138,524,131,47,65,955,101,104,589,2000,3067,10086,160,1925,2129,67,1440,1178,7019,3262,-5019,497,-5,85.7,15662,18272,207,81,11,904,726,427,15203,1004,130,9684,1529,6636,4727,4555,43,5850,8,5858,9677,3040,1560,27,778,3041,235,2631,7,26.9,26.6,131,29.9,26.8,116958,225671,23322,106693,1201,17336,275,54292,107393,2030,7535,17352,21526,208320,1358,42935,46134,173960,17061,317458,16,16,27690,86166,10176,424239,4783,775513,1277991,1629265,8581,5089,587,246,21771,-319,351274,21.7187055608
2023-10-16,131.913998413,17.6299995422,19.4839992523,105.466479492,3565.24,161.844285714,571,286.5755005,315.73136905,327.87417605,208515,55341,290366,21458,1753314,-363010,321974,91.118,87.952,91.804,91.824,115.38,94.846,99.664,78.55,75.538,115.636,70.702,43.192,501,10.176,5942,21,183,62,332,5942,7771,77,77,0,62,107,644,52,41,62,761,105,129,706,1829,5301,10656,144,1905,1146,157,810,1081,5355,641,-3526,501,4,86.1,15735,18272,154,51,-76,915,748,619,15396,1035,131,9761,1539,6600,4694,4441,122,5926,9,5935,9660,3060,1579,37,664,3060,241,2649,101,27,27.3,122.2,28.7,26.1,113773,223301,22534,105029,1296,15925,273,54359,103826,2272,7675,15944,21112,207357,1520,43061,46672,174261,15652,316001,19,19,26790,85031,-4491,419748,3874,771022,1266106,1617380,8943,5235,1493,341,21013,-758,351274,21.725327744
2023-10-23,130.254003906,16.8620002747,20.2960002899,104.947061157,3580.6,86.8485714286,567.5,250.9348755,285.230545,243.1076126,253604,26142,253635,32763,1654168,-340550,306388,89.288,84.674,90.338,90.394,111.802,95.712,101.314,75.68,72.384,112.56,70.586,43.66,502,-4.491,6013,25,44,82,351,6013,7716,116,116,0,82,150,571,135,58,82,589,104,107,653,1703,4833,10852,225,1996,1843,36,1021,833,6019,1180,-4316,502,1,85.6,15634,18272,197,20,-119,908,750,653,15189,1040,95,9824,1594,6744,4733,4511,127,5874,11,5884,9790,3046,1631,36,860,3046,273,2581,35,27.4,26.1,112.9,28.1,26,112087,223457,21592,103849,1416,17396,263,55130,102174,2274,7638,17415,21398,206042,1352,41769,45647,176084,17133,316003,19,19,27350,84316,1372,421120,3457,772394,1265613,1616887,8864,4355,826,264,21226,213,351274,21.7664000555
2023-10-30,123.337998962,15.4459999085,17.0659999847,104.704881287,3615.8,84.0957142857,574.666666667,199.578252167,244.0837911,176.741584767,252487,35791,255519,41250,1628044,-340958,300765,86.246,81.348,87.87,87.88,109.028,94.464,99.684,73.366,70.542,110.55,68.782,40.968,504,1.371,6425,47,150,54,204,6425,7906,71,71,0,54,102,503,102,47,54,531,102,117,557,1481,4897,11286,130,2244,1893,136,1082,835,6389,1528,-4908,504,2,85.4,15607,18272,-32,52,-9,902,717,707,15251,1052,108,9494,1542,6537,4580,4407,64,5822,10,5832,9564,3027,1554,21,705,3027,271,2552,-70,27.6,25.3,105.3,28.1,25.5,111295,223522,20832,104539,1846,17515,261,54500,100978,2376,7942,17533,21012,205988,1305,40470,45103,174235,17254,315712,18,18,27460,86679,773,421893,3769,773167,1262562,1613836,8697,4605,937,236,21498,272,351274,21.7507120743
2023-11-06,118.553999329,13.7340000152,14.7220001221,102.82691803,3637.22,150.655714286,585.5,160.5995865,202.1818695,135.52620695,242367,42084,228870,75396,1671255,-308767,262258,81.554,77.286,83.516,83.53,102.824,93.202,98.832,70.756,68.716,105.782,67.734,39.198,496,0.774,6394,17,170,147,224,6394,8295,216,216,0,147,146,557,132,40,147,709,85,56,704,1901,4525,10722,165,2018,1753,99,1088,982,6197,1869,-4296,496,-8,85.2,15562,18272,188,44,27,891,813,554,15235,1042,121,10228,1570,6596,4700,4494,85,5712,9,5720,9619,3023,1624,51,876,3023,291,2566,609,28.5,23.1,86.6,26.2,24.1,108001,217210,20910,102270,1771,16816,263,52917,98334,2158,7510,16834,20989,200376,1233,38854,43418,172354,16553,316868,18,18,27594,89626,13869,435762,2348,787036,1263726,1615000,9492,4591,1291,228,23085,1587,351274,21.7515201803
2023-11-13,119.992001343,13.3279998779,14.2440000534,102.717759705,3645.84,126.915714286,534,148.85591885,160.0876999,140.04869845,221791,45753,231309,95756,1688562,-276714,235970,80.84,76.394,81.87,81.8675,101.9525,91.03,97.52,71.6425,68.4575,104.435,69.1775,40.032,494,0.774,6373,52,42,150,211,6373,8018,152,152,0,150,58,364,72,50,150,760,69,78,514,1645,4889,10879,166,2041,1659,107,1000,933,5990,1484,-4345,494,-2,86.1,15740,18272,-259,45,-10,903,534,758,15399,1047,102,9415,1543,6518,4753,4567,84,5835,9,5844,9516,3099,1582,37,674,3099,295,2629,-101,28.8,20.8,102.1,26.4,24,106579,215670,20813,102672,1597,15304,199,52370,96797,2420,7362,15324,20954,200346,1405,36720,43708,172382,15105,317788,20,20,26861,89968,3592,439354,2485,790628,1263666,1614940,8949,4005,854,371,25010,1925,351274,21.6915739936
2023-11-20,111.719999314,13.2700002193,12.9740001678,102.307926178,3671.58,98.3457142857,542.666666667,146.906878157,166.6134898,142.978411357,218596,47611,223625,99329,1639133,-246762,215734,81.746,77.0025,83.222,83.218,102.938,91.46,97.096,73.234,69.726,106.198,70.218,40.915,500,3.6,6529,67,87,63,174,6529,8223,75,75,0,63,202,530,58,35,63,746,105,117,593,1694,4786,10937,172,2075,1787,95,1048,896,6151,1743,-4457,500,6,87,15901,18272,-247,37,146,891,513,578,15504,1023,108,9372,1609,6397,4938,4730,100,5697,9,5707,9449,3051,1699,88,691,3051,270,2597,-77,29.2,21.8,97.7,26.1,24.3,105561,216420,21154,105321,1158,15710,196,51431,96293,2085,7182,15733,21652,200686,1297,37248,42776,168814,15515,312264,23,23,27658,87583,8700,448054,3598,799328,1268129,1619403,8480,4782,982,179,25868,858,351274,21.6678314481
2023-11-27,112.157998657,15.013999939,12.7819997787,101.710679626,3656.08,90.92,540,139.599433885,160.9236832,128.9392929,207105,52000,210304,105759,1553677,-230009,207324,81.294,75.832,82.662,82.662,101.538,91.652,96.846,73.492,70.364,106.298,71.21,41.008,500,8.701,5833,63,0,121,232,5833,7016,95,95,0,121,47,342,141,49,121,327,88,69,463,1182,4755,11465,213,2103,1594,140,1334,1175,6710,1078,-5528,500,0,89.8,16416,18272,-157,-15,-52,871,422,647,16022,1011,85,9337,1622,6583,4998,4831,83,5586,8,5594,9563,2980,1656,33,989,2981,288,2645,-227,28.9,21.6,91,28.5,24.8,110778,218184,20732,104489,1428,16251,190,51684,101519,2074,7185,16272,21379,201912,1666,36631,44312,166099,16061,309645,21,21,26018,87534,1610,449664,3466,801251,1271035,1622622,8206,4360,1215,451,27722,1854,351587,21.7066700221
2023-12-04,124.364001465,15.4119998932,12.8620002747,98.5591995239,3597.96,124.941428571,557.5,121.607048055,123.99006842,123.43215945,213872,47137,213925,115788,1563737,-206779,183171,75.884,71.062,77.032,77.03,96.448,86.34,90.24,68.534,66.57,102.29,69.936,37.644,505,1.609,7508,86,89,115,203,7508,9398,82,80,2,115,196,574,34,80,115,888,118,79,689,1890,4339,10942,227,2075,2006,57,1215,948,6603,3169,-4713,505,5,90.5,16537,18272,-260,99,-175,864,161,498,16201,1076,104,9517,1747,6636,5070,4917,50,5561,10,5571,9531,2895,1799,52,1065,2895,229,2633,-14,28.2,23.8,95.8,29.9,26.2,112045,223604,20927,107046,1172,17778,183,53321,103699,2287,6059,17800,21439,205804,1879,37953,44266,161992,17595,306191,22,22,26091,87566,-4633,445031,2549,796948,1269322,1621239,8466,4734,998,240,29551,1829,351917,21.8411671098
2023-12-11,118.568000794,13.5859998703,12.329999733,97.5124404907,3628.36,78.2557142857,551,168.33873745,185.89925385,195.0523224,210302,67293,211882,124330,1650437,-194626,168990,75.338,70.482,75.006,75.002,95.234,85.432,89.434,67.186,66.682,99.46,70.764,35.478,503,-4.632,6517,67,64,117,374,6517,8493,205,203,2,117,93,598,84,48,117,683,130,159,715,1976,3771,10324,183,2096,1711,100,1208,1131,6553,2746,-4577,503,-2,90.2,16476,18272,-414,46,15,882,165,518,16097,1074,119,9542,1677,6512,4987,4784,84,5641,9,5650,9525,3013,1812,134,862,3013,258,2632,18,27.6,22.8,87.3,31,26.3,113539,224013,22350,106695,1500,15469,246,54290,104439,2209,6891,15484,22100,208528,1614,36845,46043,153392,15224,299463,15,15,26660,88092,-4258,440773,4174,792684,1259317,1611228,8859,5142,1200,236,30779,1228,351911,21.8350239879
2023-12-18,113.733999634,14.1760000229,13.0879999161,99.2371612549,3716.84,196.052857143,534,130.381411257,151.83806358,131.547531147,195167,97477,201166,127956,1650245,-175326,151599,79.068,73.516,78.004,77.998,98.994,88.776,92.802,69.306,69.006,103.108,74.63,35.174,501,-4.259,6750,109,70,60,120,6750,8597,225,222,3,60,177,476,138,76,60,747,121,79,537,1847,4121,10401,254,1691,1812,71,1063,1193,6280,2629,-4433,501,-2,92.4,16883,18272,-97,32,-195,901,229,488,16500,1071,106,10038,1768,7056,4873,4739,28,5752,9,5760,10167,3111,1828,59,1296,3111,249,2608,-129,27.4,24.8,80.7,32,26.5,115024,226723,22282,107239,1320,16532,257,55752,106103,2366,6555,16546,22906,210177,1781,39270,45865,149172,16275,294845,14,14,25841,87273,2909,443682,3545,796222,1262022,1614562,8754,5239,1231,374,32465,1686,352540,22.1168887017
2023-12-25,114.732500076,16.1724996567,12.6739999771,99.5622005463,3780.96666667,137.141428571,425,180.4296875,218.2752838,196.97402574,222586,67642,205001,95278,1579670,-195871,182743,79.0375,73.275,78.7525,78.755,97.9825,88.34,92.3625,69.605,69.1675,99.905,74.1325,35.6525,498,2.909,6276,90,100,99,92,6276,8157,238,238,0,99,140,422,177,50,99,781,113,51,521,1881,3915,11126,280,2339,1882,218,1259,1101,7211,2361,-5330,498,-3,93.3,17051,18272,-411,9,-44,906,233,680,16558,1107,115,10030,1752,6805,5116,4926,75,5761,9,5770,9918,3113,1776,23,1035,3113,253,2638,112,26.7,23,60.6,30.2,25.7,115765,226054,22620,107647,1264,15546,254,53609,106668,2256,6841,15562,23517,210492,1998,37693,47972,150378,15292,293987,16,16,25969,84333,-7114,436568,3661,789901,1244238,1597571,9168,4908,1397,67,33973,1508,353333,22.0731940507
2024-01-01,122.225000381,14.6475000381,13.6800000668,98.3421726227,3696.225,113.304285714,450,155.404001867,221.9102783,123.883898417,254754,55379,213450,88251,1554682,-211098,199284,77.6225,72.27,77.45,77.45,97.525,87.505,91.3575,70.97,70.4775,99.86,71.1625,37.73,500,-7.114,6895,173,151,67,88,6895,8987,194,194,0,67,179,592,124,44,67,852,146,117,659,2092,5292,11863,205,2268,1720,73,1325,911,6571,1603,-4479,500,2,93.5,17082,18272,-975,84,-135,809,-870,156,16679,1049,111,8755,1776,5956,5231,5049,71,5187,8,5195,8731,2775,1802,23,761,2775,289,2641,24,26.2,24.2,55.6,35.4,27.3,125855,236954,24096,114665,904,15236,246,55586,117108,2339,6408,15261,23579,221692,1920,39698,50537,143513,14991,286633,25,25,24693,82126,-5503,431065,5254,785453,1251125,1605513,7954,5140,1358,515,34679,706,354388,21.972032534
2024-01-08,110.445999145,13.2540000915,12.7339998245,97.7581802368,3636.14,229.607142857,545,225.9312439,268.67453765,197.67926785,253800,83957,209984,120654,1586914,-182204,163729,77.242,71.816,77.806,77.83,99.448,87.338,91.772,68.858,67.524,101.272,70.466,37.33,501,-5.503,6241,41,77,17,249,6241,8157,274,274,1,17,116,483,64,30,17,924,111,42,500,1916,3322,9560,304,2107,1669,102,1076,823,6238,2919,-4322,501,1,92.9,16977,18272,-857,60,-292,804,-728,361,16518,1062,132,9656,1756,6366,5167,4948,87,5183,7,5191,9081,2714,1783,26,1176,2714,291,2637,575,26.1,25,49.9,38.1,28.7,132383,244982,25150,117481,1078,18909,250,56166,124331,2267,5785,18931,24371,226052,2002,39316,51326,138031,18659,282303,22,22,25847,81940,1338,432403,2867,787397,1260669,1615663,8325,4593,1591,67,34173,-506,354994,21.9631100787
2024-01-15,107.872501373,13.2799999714,13.8620000839,97.0183753967,3620.26,123.858571429,545,200.3974533,249.37811275,195.81235505,283742,74994,211645,100516,1598167,-184627,169682,78.396,73.1125,77.802,77.88,101.112,89.836,95.068,68.212,66.782,101.288,73.008,36.7925,499,1.338,7420,91,54,66,188,7420,9391,115,114,0,66,151,483,61,50,66,945,146,155,549,1970,5029,11412,217,2054,1746,141,1033,1097,6383,2391,-4413,499,-2,92.6,16921,18272,-438,43,-292,835,-112,575,16653,1054,173,9365,1665,6298,4902,4622,106,5316,8,5324,9210,2912,1683,15,973,2912,353,2604,155,25.9,26.3,53.2,39.3,29.4,134753,248065,25506,118925,922,19369,299,57655,125952,2475,6326,19389,25695,228676,1959,40921,51174,134361,19070,280978,20,20,26809,83743,-2492,429911,3569,785501,1263443,1619033,8269,5033,1397,229,32074,-2099,355590,22.3149569236
2024-01-22,105.294000244,12.5919998169,13.1180000305,98.098739624,3694.86,104.147142857,557.5,155.1968002,220.6559372,118.8902397,299808,72935,202407,112247,1610493,-178627,162034,81.126,76.004,79.84,79.866,102.74,95.292,100.756,68.788,66.892,101.654,72.912,34.914,497,-2.492,5580,73,128,84,236,5580,7201,201,201,0,84,107,545,104,60,84,461,105,121,628,1621,4434,10763,82,2211,2019,59,1120,717,6329,1146,-4708,497,-2,85.5,15628,18272,-449,81,-182,798,-32,518,15276,818,157,8325,1516,5954,4500,4291,52,5043,7,5050,8757,2802,1628,111,904,2803,340,2241,-432,25.8,28.6,46.3,39.5,31.2,133336,252977,27066,122548,745,18050,301,59350,124838,2550,5948,18067,25815,234910,2273,41862,52268,126283,17749,272270,17,17,26267,81088,-9233,420678,4227,777188,1241118,1597628,7880,4371,1527,479,30066,-2008,356510,22.4933492687
2024-01-29,107.703999329,13.1340000152,13.7980003357,97.9182601929,3710.56,128.674285714,567.666666667,175.1000112,219.711400367,161.329259233,287821,79674,212738,78598,1649542,-202468,184018,80.602,75.31,81.37,81.396,105.816,96.612,101.336,71.21,68.12,103.69,73.588,35.998,499,-9.233,5605,81,39,13,37,5605,7276,138,136,3,13,230,387,92,38,13,774,141,126,400,1671,3894,9819,277,1855,1398,96,1129,1033,5925,1711,-4254,499,2,82.9,15150,18272,1,8,-154,828,263,408,14848,991,92,9281,1664,6097,4385,4173,120,5277,9,5286,8960,2863,1674,9,811,2863,313,2428,321,26.7,27.4,38.8,35.8,31.2,130795,254134,28001,122101,902,18861,302,59169,122127,2264,6404,18882,24270,235252,2086,41148,53079,124107,18559,269953,21,21,26716,80132,1234,421912,4959,779314,1231521,1588923,8144,4418,1931,279,28094,-1972,357402,22.586683322
2024-02-05,108.389999389,11.9100000381,13.0560001373,96.7401809692,3594.72,141.544285714,563,156.6412048,219.52385715,118.9944248,338532,77116,215078,64850,1747660,-219075,196664,79.922,74.602,78.846,78.864,105.17,94.23,98.792,69.744,66.766,102.9,70.756,32.546,499,1.234,6907,44,89,56,184,6907,8986,126,116,0,56,162,480,126,48,56,1045,147,100,536,2079,3596,9968,223,2388,1690,120,1126,747,6372,3311,-4293,499,0,82.4,15059,18272,78,59,-159,839,413,435,14840,1033,113,9011,1651,6028,4357,4167,77,5324,8,5333,8938,2909,1665,12,696,2909,341,2495,74,27.7,27.2,39.8,34,30.3,127574,250988,28971,123597,1072,15456,302,57353,118934,2459,6181,15473,24779,235515,1853,40894,53492,119887,15154,267330,17,17,27489,80895,5520,427432,4013,785449,1227063,1585080,8807,4549,1240,211,28061,-33,358017,22.5493443485
2024-02-12,111.251998901,11.9040000916,14.4820001602,96.0555999756,3613.76,154.815714286,511.5,174.39637755,197.94564055,151.32979585,309573,71217,172206,77243,1808220,-189183,161838,82.54,77.73,81.7475,81.75,107.4775,97.53,101.82,70.795,67.565,105.705,74.0625,32.136,499,5.52,6470,93,91,9,135,6470,7996,135,135,0,9,108,427,101,38,9,563,122,169,436,1527,4347,10613,221,2091,1797,111,971,968,6266,2123,-4739,499,0,80.6,14778,18346,291,76,-136,862,1051,820,14542,1083,74,9175,1395,6276,4076,3896,105,5524,8,5532,9262,2986,1483,85,744,2986,348,2483,-87,29.5,27,37.7,33.8,30,125659,247330,29365,118636,1253,15790,237,59266,115388,2554,7717,15810,25810,231520,1729,40961,52365,119275,15553,268452,20,20,27687,82152,12018,439450,3149,798213,1232250,1591013,8168,4509,1333,378,28771,710,358763,22.5965430547
2024-02-19,112.297496796,11.4900000095,14.7520000458,96.0520973206,3677.58,113.995714286,540.5,168.63980865,185.6115494,166.57670595,341683,65646,183191,67533,1715857,-191502,171072,82.844,77.7975,82.218,82.218,104.536,95.306,99.96,70.828,67.414,103.052,71.748,31.18,497,12.018,6654,102,174,22,261,6654,8909,245,244,1,22,175,713,103,40,22,875,147,151,734,2255,4965,11927,274,2490,1911,160,1049,908,6962,1689,-4707,497,-2,80.6,14780,18346,205,35,78,836,921,604,14574,1084,83,9029,1528,6231,4171,4071,17,5342,8,5350,9131,2900,1617,86,880,2901,461,2468,-103,30.1,27.5,39.5,32.4,29.7,121651,247037,31027,118277,1475,15392,237,60309,111638,2646,7367,15410,25502,231627,1931,41104,51566,115507,15155,269497,18,18,29122,85152,3514,442964,3099,802475,1231489,1591000,8200,4076,1030,248,29512,741,359511,22.6776659732
2024-02-26,109.172000122,11.5600000382,13.5039999008,96.6049194336,3677.32,107.317142857,545.5,161.02388,114.741531385,202.2173233,342040,69771,192346,58196,1662234,-217474,191901,83.406,78.644,81.53,81.534,102.686,95.916,100.54,70.304,66.73,101.878,72.498,31.37,503,3.514,6385,48,27,36,99,6385,7751,112,110,1,36,174,349,115,41,36,559,125,72,384,1367,4728,10740,239,2060,1661,286,937,752,6012,1657,-4645,503,6,81.5,14957,18346,350,95,55,872,1084,585,14674,1078,66,9419,1561,6479,4289,4182,41,5596,8,5604,9459,2980,1575,11,875,2980,337,2482,-41,30.5,26.7,40.6,32.7,29,121141,244205,31608,115030,1184,17038,230,59315,111384,2527,7230,17061,26022,227145,1637,40031,51616,112466,16808,269132,23,23,29455,87591,4199,447163,3336,807417,1228331,1588585,8467,4411,1436,76,30970,1458,360254,22.7910010399
2024-03-04,106.311999512,14.9760000229,14.3259998321,97.8226394653,3725.74,133.802857143,555.5,133.589206715,140.00281525,139.923275,330606,75825,215087,40357,1658921,-248254,224790,82.568,78.592,82.524,82.576,102.19,94.32,98.448,72.8,70.056,101.452,74.42,29.888,506,4.199,7222,133,83,55,252,7222,9062,195,194,1,55,66,533,86,41,55,711,181,79,588,1840,4637,10997,172,2251,1858,130,1055,782,6360,2585,-4520,506,3,84.9,15575,18346,104,-23,-14,874,930,863,15268,1057,93,9626,1687,6449,4345,4221,31,5614,9,5623,9433,2984,1734,43,826,2984,410,2515,192,30.4,26.6,44.1,31.1,28.3,117010,239745,32357,113602,1613,16242,231,58172,107996,2595,6418,16260,26051,223486,1716,40090,50099,111386,16010,270644,18,18,29576,89434,1367,448530,2508,809490,1222823,1583783,9013,4388,839,342,31671,701,360960,22.8883323669
2024-03-11,100.301998901,14.1060001373,14.3239999771,98.7484191895,3826.32,137.84,537,168.78796385,177.93901825,168.7571411,312562,75757,211969,28009,1642519,-271655,238512,83.784,79.502,83.212,83.262,102.486,95.132,99.34,74.044,71.772,102.308,76.318,29.854,504,1.367,5491,13,203,71,218,5491,7556,171,170,0,71,130,563,165,45,71,870,114,110,634,2065,3147,9275,174,2140,1364,96,1231,999,6128,2344,-4063,504,-2,86.8,15923,18348,7,20,52,880,940,861,15658,1024,121,9911,1635,6457,4562,4327,114,5645,9,5653,9482,3024,1659,22,804,3024,437,2583,429,29.7,26,45.7,31.6,27,117898,234083,30886,109423,1468,15809,235,57069,107861,2752,7285,15832,25782,218250,1812,40563,50290,113748,15574,271913,23,23,29008,91135,-1536,446994,4221,808550,1218096,1579652,9044,5035,1236,532,31451,-220,361556,23.0144709904
2024-03-18,95.4880004884,13.3759998322,13.4340000153,99.3331588745,3843.16,117.941428571,544.5,154.153347,178.9225769,137.6327553,310725,76567,203563,33670,1718985,-265054,233788,86.286,81.914,86.016,86.086,104.7,100.05,104.33,77.014,74.614,104.744,77.18,28.46,510,-1.536,6278,45,75,54,183,6278,7721,170,170,0,54,138,441,63,37,54,551,129,35,496,1443,4881,11775,233,2346,1794,369,985,1033,6894,1397,-5451,510,6,87.8,16102,18348,-139,63,-46,885,770,892,15785,1046,95,9648,1697,6601,4690,4508,87,5669,10,5679,9648,3046,1722,23,922,3046,461,2625,0,29,25.3,47.2,32.1,26.1,118522,230773,32223,106983,1035,14831,226,57684,108072,2678,7771,14855,26009,215919,1644,40447,50217,112515,14604,269205,24,24,29742,88736,-1952,445042,2545,807348,1211947,1574253,8809,4649,909,22,31433,-18,362306,22.9731662281
2024-03-25,88.8824977875,13.4199998379,13.0459999085,98.9402256012,3802.5,78.79,525.666666667,130.482515977,142.727127067,126.056472773,359252,70264,242593,22628,1713716,-308403,277757,86.6425,82.0225,85.8025,85.8975,102.0675,100.2275,104.8375,77.1875,74.5275,101.3475,76.0225,26.9025,509,-1.952,6702,26,130,71,177,6702,8363,165,165,0,71,118,450,196,44,71,545,116,119,522,1661,4181,10830,199,2347,2028,85,1120,786,6649,2521,-4988,509,-1,88.7,16268,18348,-392,19,-60,861,114,547,15932,1054,79,9213,1626,6201,4814,4656,78,5499,10,5509,9182,2981,1685,55,692,2981,325,2660,31,28.6,25.9,55.8,30.8,26.1,117337,232072,32902,110078,1198,13318,222,57667,107993,2182,7162,13336,26092,218736,1407,41192,49793,111915,13096,269867,18,18,30341,89801,3165,448207,4258,811257,1217272,1580322,8715,4186,754,273,33540,2107,363050,23.0337530586
2024-04-01,95.8179977417,17.0159999847,14.9940000534,101.533641052,3963.425,119.117142857,514,154.411730433,184.3695577,166.741841667,360918,70949,257010,39571,1775565,-315539,278027,89.502,85.558,89.338,89.364,105.688,102.648,106.794,78.39,75.862,104.758,75.44,30.06,506,3.165,6618,77,0,109,194,6618,8283,104,103,1,109,108,379,137,50,109,656,125,157,488,1666,4022,9960,162,1853,1419,174,1396,863,5938,2596,-4272,506,-3,88.6,16249,18348,203,69,-99,893,660,488,15897,1073,62,9980,1669,6520,4606,4440,105,5716,9,5725,9600,3080,1712,37,795,3080,449,2673,380,28.5,25.3,47.9,31.6,25.5,116069,227816,32992,105976,978,13243,230,58353,107490,2030,6549,13262,26416,214554,1256,40855,49246,113870,13013,270962,19,19,29746,89246,3210,451417,3308,815058,1215090,1578731,9236,4882,1429,517,33163,-377,363641,22.8829547632
2024-04-08,105.874000549,18.8639995575,15.6379997253,102.77355957,4071.28,153.41,578,166.544548,159.91641995,167.20461275,370008,70173,268769,39285,1757685,-332521,300897,90.094,85.71,90.5325,90.535,107.1725,102.8625,107.27,79.6475,77.2875,106.36,74.9875,30.614,508,3.21,6434,42,12,221,304,6434,8801,163,161,2,221,152,509,135,31,221,1070,108,161,730,2367,2708,9561,200,2318,1491,130,1580,978,6853,3726,-4486,508,2,88.3,16193,18348,-21,33,-99,886,460,547,15782,1056,76,9442,1692,6435,4639,4504,59,5792,8,5800,9378,2942,1721,25,635,2942,465,2673,65,28.9,25.4,47,32.9,25.8,117728,228531,34500,105833,806,13752,243,58603,108709,1992,7027,13774,26208,214756,1343,41189,49514,116442,13510,275521,22,22,29360,89752,5841,457258,5413,821494,1227499,1591735,8612,4176,1305,551,32993,-170,364236,22.7710080966
2024-04-15,114.790000916,19.7959999084,18.5099994659,102.604440308,4217.72,117.151428571,554,274.33188625,234.1839142,361.13916015,385456,81521,277976,39826,1762094,-337747,297137,88.362,83.866,89.002,89.008,102.832,102.688,107.098,80.812,78.29,102.496,74.34,33.092,506,5.841,6461,33,136,173,259,6461,8314,149,147,2,173,108,536,19,47,173,830,85,61,709,1853,4726,11099,225,1948,1575,146,1478,826,6373,1735,-4520,506,-2,88.1,16228,18429,618,72,45,899,977,242,15913,983,118,9417,1741,6635,4601,4436,47,5812,10,5822,9664,3028,1772,28,814,3028,382,2735,-247,29,26.7,53.5,32.4,25.8,114968,227377,34815,103698,828,14466,266,58513,106280,2375,6313,14487,26080,212890,1580,42227,49850,120118,14200,283035,21,21,28147,92891,2735,459993,3299,824877,1237522,1602406,8662,4330,675,470,33026,33,364884,22.8629431342
2024-04-22,107.713999939,17.436000061,15.8,102.872380066,4269.66,96.7185714286,553.5,149.57943725,124.85211565,159.4079819,416208,81276,274692,70795,1799606,-329084,290462,88.39,83.288,88.27,88.322,100.568,100.792,105.202,80.492,78.734,99.436,75.022,28.75,511,2.735,6497,70,62,123,414,6497,8465,138,135,3,123,112,657,40,41,123,781,91,137,780,1967,5179,12094,170,2270,2335,94,1134,778,6915,1318,-4948,511,5,88.5,16300,18429,842,54,46,899,1189,247,15871,954,70,9142,1656,6501,4779,4671,38,5810,9,5819,9549,3048,1711,51,682,3048,241,2823,-407,28.6,25.1,58.9,34,26,116582,226743,35044,104384,1104,14910,261,59596,107054,2142,7386,14932,25733,211811,1770,40966,46727,123775,14649,284954,22,22,28475,90795,-6368,453625,4008,819302,1233754,1599431,8423,5123,439,237,32367,-659,365677,22.7797047422
2024-04-29,102.035998535,16.3180000305,14.7760000229,101.553300476,4277.42,84.2485714286,545,136.327265433,121.0368983,145.5411911,376214,80383,248082,68436,1765266,-307525,264836,85.266,80.124,86.5325,86.5325,97.9875,98.4825,102.6575,81.7825,80.015,96.9425,74.6375,28.03,506,-6.368,6772,63,221,104,305,6772,9058,103,102,2,104,284,873,136,34,104,909,83,78,977,2286,3918,10319,228,2157,1689,291,1038,920,6401,2854,-4115,506,-5,87.5,16117,18429,528,30,147,911,1320,615,15641,987,126,9396,1565,6812,4508,4313,69,5886,9,5896,9898,3086,1717,149,916,3086,359,2796,-502,29.2,24.8,63.7,33.4,26.5,115850,227087,34500,103551,1117,14645,264,59146,106327,2316,7207,14668,25488,212419,2113,40357,48606,125368,14381,285855,23,23,29164,90367,7265,460890,2189,827161,1241612,1607883,8618,5208,1155,48,33456,1089,366271,22.8554179374
2024-05-06,95.2400009155,15.948000145,12.9919998169,102.480580139,4287.175,116.3,567.5,180.77214815,178.59815215,219.7263947,395176,74403,250830,78141,1794542,-308743,265461,83.348,78.674,84.13,84.132,96.512,92.614,97.276,81.264,79.362,95.222,71.816,28.03,499,7.265,6969,52,126,193,272,6969,9128,111,109,3,193,76,526,146,43,193,1012,75,95,719,2158,4468,11296,201,2450,1765,99,1326,807,6828,2501,-4670,499,-7,88.5,16315,18429,246,157,226,905,885,256,15948,965,121,9495,1639,6766,4783,4633,29,5857,8,5865,9836,3070,1674,33,900,3070,285,2821,-341,29,25.9,76.5,32.4,26.4,116410,228002,35213,102887,1259,15237,266,58625,106313,2605,7492,15258,24200,212744,1965,41258,49972,121003,14971,282778,21,21,28214,91141,-1362,459528,4366,826746,1239482,1606700,8797,5278,821,417,35336,1880,367218,22.833915856
2024-05-13,97.3720001221,16.7560001373,12.7760000229,104.030758667,4423.7,96.8742857143,567,168.16468045,168.745491,177.20859525,341835,81187,213658,96007,1836765,-261071,215444,83.148,79.012,83.91,83.916,95.204,91.158,96.118,79.822,77.856,95.15,70.422,27.852,496,-1.362,6744,12,93,78,350,6744,8608,89,87,2,78,193,648,8,60,78,772,73,194,726,1864,4135,10287,168,1947,1900,79,1069,897,6152,2609,-4288,496,-3,90.4,16653,18429,253,42,219,920,825,311,16255,1000,122,9698,1782,6791,4804,4576,106,5940,9,5949,9891,3099,1811,26,842,3100,239,2785,-193,28.7,25.1,83.7,32,26.2,116365,227767,34778,103204,1455,15266,289,57177,107166,2386,6812,15283,24489,212484,1176,41365,50648,126183,14977,285143,17,17,28883,90616,-2508,457020,3171,824831,1242999,1610810,8875,4909,548,258,34995,-341,367811,22.7755343516
2024-05-20,85.1359985352,16.4160003662,12.2,106.156959534,4540.4,77.1271428571,524.5,140.96187595,116.220241525,148.94250105,301376,87874,203842,75096,1787763,-250961,203043,82.394,78.244,83.7625,83.7875,95.1375,90.98,94.7625,81.075,79.1425,95.1425,71.1725,27.84,497,-2.508,6663,43,36,165,283,6663,8742,98,95,2,165,246,608,251,38,165,767,110,81,773,2079,4730,11376,200,2363,1769,237,1224,770,6646,1933,-4567,497,1,91.7,16894,18429,78,201,3,935,741,459,16482,1019,120,10049,1686,6727,5064,4866,78,6024,9,6034,9876,3149,1763,74,694,3149,367,2786,172,28.5,26.2,77.1,31.4,25.5,116744,226822,34099,102208,1076,16173,287,55504,107348,2106,7289,16190,24212,210632,942,42505,51844,128955,15886,287710,17,17,29441,91362,1825,458845,3787,827649,1250495,1619299,9315,4244,806,131,36320,1325,368804,22.6214461127
2024-05-27,91.3374977112,15.6875,13.3899999619,104.799625397,4466.8,77.6585714286,508,149.97846225,149.5168114,135.5562935,266811,120561,222646,50360,1784152,-266426,219300,82.88,78.49,84.184,84.184,95.888,87.9,92.018,81.784,80.098,96.418,72.08,28.47,497,1.825,6769,44,92,182,555,6769,8979,165,165,0,182,220,911,201,49,182,624,66,61,1092,2210,4225,10775,151,1975,2047,175,1036,954,6550,2544,-4340,497,0,94.3,17377,18429,210,92,96,937,782,383,17083,1068,117,10011,1747,6864,5030,4824,88,6056,8,6064,10019,3156,1824,74,800,3156,238,2737,-8,27.7,25.8,100.6,31.8,25.3,119288,228844,34133,103710,1017,16803,289,55717,109932,2278,7078,16821,23207,212023,1088,42677,51578,141278,16514,299336,18,18,28855,90523,-4156,454689,1605,823978,1263184,1632473,9148,3922,460,208,34554,-1766,369289,22.4788031773
2024-06-03,97.8539993285,16.5399997711,12.7399999618,102.234480286,4299.68,88.0957142857,567.5,116.4512558,138.33099745,107.470169055,263234,115481,238857,37428,1833461,-278874,243926,78.756,74.524,79.482,79.478,92.508,85.064,89.968,77.912,77.038,92.684,68.538,28.948,496,-4.156,7058,77,85,122,279,7058,9099,142,139,0,122,136,577,78,42,122,973,75,74,699,2041,4501,10577,167,1669,1792,54,1380,891,6076,2557,-4035,496,-1,95.4,17584,18429,-155,23,-30,908,311,473,17144,1072,121,9484,1864,6638,5061,4874,66,5865,9,5874,9686,3048,1875,8,764,3048,306,2774,-202,27.2,25.1,109.8,32.9,25.5,122485,230946,34775,106924,1224,15182,287,55010,112510,2534,7440,15201,23052,215745,1097,43065,52587,145409,14896,303799,19,19,28542,90241,1233,455922,2796,826109,1276640,1646827,8946,5403,694,370,35408,854,370187,22.3393204138
2024-06-10,95.0500015259,16.1620000839,12.4459999085,102.727380371,4213.56,78.0642857143,566,105.96173859,100.47356032,126.72343445,218315,172637,208082,55740,1814253,-253631,210705,82.304,78.242,81.828,81.828,96.76,86.634,91.874,78.428,78.012,97.16,70.444,25.038,492,1.233,8304,75,110,74,442,8304,10124,91,91,0,74,210,838,17,44,74,670,96,34,912,1820,3188,10690,295,2861,1858,157,1348,858,7502,5116,-5682,492,-4,95,17511,18429,-20,102,49,912,403,272,17047,1023,110,10086,1814,6687,5032,4831,91,5864,8,5872,9794,3107,1823,6,815,3107,250,2767,292,27.1,24.2,98.9,33.6,25.6,123366,233512,33852,106784,1193,17020,291,55523,113958,2624,6784,17042,23222,216469,1089,42003,52970,149844,16729,307799,22,22,28740,90849,3730,459652,4182,830178,1288101,1658627,9040,3872,865,99,33815,-1593,370526,22.3605300281
2024-06-17,96.3224983215,15.8824999332,12.801999855,102.277975082,4181.96,94.6342857143,550.5,135.6237564,97.60595894,174.8268814,209063,137377,221325,28590,1755642,-260177,233484,85.12,81.2,84.2575,84.2575,100.4125,89.4025,94.6425,80.6725,80.4875,99.56,73.35,24.2175,488,3.73,7054,110,124,160,480,7054,9252,150,148,2,160,126,840,55,49,160,763,77,152,1000,2198,4418,10979,247,2158,1791,99,1180,1010,6561,2636,-4363,488,-4,93.5,17143,18326,297,18,-25,931,829,538,16765,1057,91,10170,1869,6742,4760,4575,94,5987,8,5995,9904,3162,1889,16,747,3162,274,2660,266,26.9,24,104.6,32.9,25.3,121640,231232,34118,104338,1525,16569,178,57642,111634,2697,7310,16586,23617,214646,1191,41947,51140,154410,16391,311896,17,17,28987,89315,-2547,457105,1950,828017,1287868,1658780,9386,5009,712,292,34122,307,370912,22.3109993754
2024-06-24,96.8720001221,14.9960000992,12.6799999237,101.478479004,4143.74,89.4914285714,556,115.724205,123.1509285,139.59022525,242313,102092,231168,40503,1677538,-274623,246849,85.814,81.328,85.006,85.006,101.432,90.934,96.142,80.502,80,100.376,75.29,26.046,485,-2.547,6611,25,103,166,260,6611,8570,133,127,1,166,207,595,173,40,166,730,75,87,762,1959,3910,10189,147,1997,1454,180,1553,876,6279,2701,-4320,485,-3,92.2,16895,18326,96,131,144,927,625,254,16532,1043,124,9881,1868,6843,4902,4700,79,5959,10,5969,10016,3172,1932,60,874,3173,294,2705,-135,27.3,25.8,89.2,33.4,25.7,121263,233886,32682,107447,1194,17985,193,56646,111027,2520,7716,18000,23423,215886,1224,43878,50600,157075,17793,310879,15,15,28463,87149,3591,460696,3623,832893,1296025,1668222,8969,5199,1027,276,33896,-226,372197,22.5042913348
2024-07-01,103.837501526,14.9300000668,12.2159999847,101.811950684,4214.34,224.122857143,546.666666667,74.7199452733,81.4626426667,73.4940643333,257560,99189,267671,31855,1680601,-302669,271245,86.83,83.3075,86.752,86.752,102.658,94.484,98.97,81.57,81.006,102.036,76.92,25.226,479,3.591,6547,54,99,64,339,6547,8609,94,91,2,64,296,787,130,51,64,864,79,45,851,2063,4401,11517,271,2060,1827,177,1705,971,7116,2146,-5053,479,-6,93.5,17143,18326,159,21,-193,925,535,547,16792,1064,152,10061,1831,6632,5106,4870,85,5973,10,5983,9752,3120,1892,57,649,3120,339,2737,309,26.7,25,92.9,32.2,25.2,119728,231672,31563,105077,924,16097,193,57357,109336,3248,7144,16114,23594,215558,1043,43301,52200,159813,15905,312203,17,17,28193,87148,-12157,448539,2225,821134,1283067,1655662,9424,5206,660,245,34241,345,372595,22.4918716318
2024-07-08,92.6020004272,15.1040000915,12.6220001221,100.798600769,4224.14,139.354285714,564.5,88.18568039,77.15732956,97.48474884,289743,93932,276455,27374,1721585,-311082,279946,85.184,82.134,85.506,85.508,100.268,92.738,97.158,81.698,80.938,99.708,74.852,24.028,479,-12.157,6760,44,134,177,274,6760,8579,139,139,0,177,140,592,147,49,177,607,105,53,768,1819,3999,10522,216,2261,1667,175,1103,919,6523,2761,-4704,479,0,95.4,17487,18326,35,21,-61,922,606,611,17109,1054,130,10300,1943,6797,5128,4967,31,5980,9,5989,9918,3122,2072,124,808,3122,336,2736,381,26.5,25.2,95.5,33.9,24.7,124612,229666,31511,104081,915,17212,191,56650,113801,3311,7500,17231,23603,212435,931,44461,50790,162028,17021,312737,19,19,27463,85658,-3443,445096,3892,818168,1285625,1658697,9398,4865,867,318,33539,-702,373072,22.3818598428
2024-07-15,93.1260009766,16.4840000152,14.6479999542,98.974899292,4090.6,152.798571429,555,106.005519875,87.80298044,127.72034074,297479,97230,276630,23826,1767729,-325437,283894,84.28,81.694,84.294,84.29,98.82,92.618,97.038,80.366,79.348,97.996,74.724,25.206,478,-3.443,7037,87,45,22,455,7037,8804,108,108,0,22,119,706,57,53,22,718,81,74,728,1767,3964,10087,204,2018,1532,189,1259,851,6123,3073,-4356,478,-1,93.7,17175,18326,127,136,-185,885,318,239,16928,1106,171,9549,1860,6512,5229,5001,57,5733,9,5743,9485,2972,1910,47,770,2972,295,2655,64,26.1,27.6,106.7,35.8,25.5,128066,232994,30578,107272,1147,16774,257,55793,117333,2981,7752,16794,23160,216200,1016,46759,51987,167815,16517,314627,20,20,27586,83660,-4870,440226,3322,813948,1296032,1669754,8783,4923,543,162,32664,-875,373722,22.4753553381
2024-07-22,96.2279998779,15.579999733,16.5039999008,97.1233795166,3893.06,94.2257142857,566.5,66.120075225,63.10841179,66.69223692,295643,111753,284921,21372,1831212,-325064,287601,81.724,77.954,81.4,81.408,96.624,90.184,94.604,77.526,76.506,95.96,73.196,27.336,477,-4.87,6871,93,177,144,235,6871,8847,112,110,1,144,129,634,73,55,144,847,84,81,778,1976,4186,10623,259,1963,1431,231,1581,915,6437,2685,-4461,477,-1,91.6,16787,18326,317,164,6,918,1191,704,16407,1095,141,10213,1894,6818,4937,4732,63,5939,8,5948,9948,3130,1961,61,870,3130,342,2629,266,26,27.3,109.4,34.3,24.5,125313,227422,30042,104610,943,16681,245,54366,115387,2662,7263,16702,23723,210720,922,46875,50800,174931,16436,320928,21,21,26261,83464,-3741,436485,3289,810897,1291466,1665878,9456,4560,1018,381,30956,-1708,374412,22.5402344299
2024-07-29,102.512001038,17.2260000229,18.5260002136,95.5119598389,3860.66,71.7928571429,552,143.829455067,167.250536583,147.607714333,265226,118877,264356,25119,1809094,-311450,275998,79.092,75.656,79.614,79.61,95.118,89.202,93.582,75.938,74.744,94.82,71.584,33.65,482,-3.741,6953,75,83,196,394,6953,9184,140,137,3,196,169,722,64,47,196,914,108,89,917,2231,4919,11504,132,2434,1641,138,1175,1007,6585,2034,-4354,482,5,90.1,16520,18326,375,84,181,919,1173,533,16150,1109,94,10008,1784,6799,4980,4847,39,5925,9,5934,9893,3094,1816,28,865,3094,324,2668,115,26,28,111.2,34.7,24.3,126847,223757,29324,104333,715,16312,247,53086,116788,2638,7421,16328,23973,207429,938,47180,49295,176975,16065,320970,16,16,25856,82155,-3436,433049,2836,808146,1289025,1664122,9250,4996,716,333,29850,-1106,375097,22.5580828634
2024-08-05,114.366000366,19.0840003967,27.6580001831,94.7208618164,3807.88,122.58,560,141.41819,163.0065155,139.2410355,209518,131528,236155,24238,1787630,-278204,245493,77.986,74.88,75.54,75.54,90.14,83.4725,87.92,71.31,70.7425,90.1625,71.395,38.04,482,-3.436,6224,25,76,105,312,6224,8328,115,114,1,105,111,524,96,59,105,898,105,261,630,2104,3638,10431,221,2122,1648,147,1546,899,6793,2586,-4689,482,0,90.5,16585,18326,36,112,-81,926,404,337,16402,1067,64,10040,1892,6736,5036,4921,51,5951,9,5959,9872,3136,1918,23,777,3136,268,2649,168,26.1,26.9,106.3,34.9,24.7,127796,225097,29101,100173,952,18266,241,54459,117472,2493,7831,18280,23767,206817,898,46100,51233,180079,18025,323549,14,14,26697,81941,-3728,429321,2255,805154,1290235,1666068,8967,4297,1032,262,30429,579,375833,22.6324625419
2024-08-12,109.917999268,19.3060001373,17.0100000381,95.8739990234,3909.72,163.534285714,497,135.2740593,173.68691255,122.3751183,175351,149913,221633,33373,1828846,-247414,222342,80.694,78.04,79.128,79.142,92.97,86.072,90.556,73.776,72.67,93.358,72.982,32.416,485,-3.728,6285,25,34,91,359,6285,7625,81,81,0,91,69,487,20,43,91,519,71,70,578,1340,3756,10555,162,2331,1517,305,1540,873,6799,2529,-5459,485,3,91.5,16761,18326,371,109,163,932,1127,483,16467,1072,87,9722,1755,6800,4769,4625,57,5994,9,6003,9925,3125,1763,4,797,3125,313,2623,-204,26.3,26.4,99.2,34.5,24.2,126123,222203,28358,100669,870,17516,239,52674,115959,2601,7563,17539,23354,204665,979,46241,50452,178172,17276,321881,23,23,26569,82661,1357,430678,4398,807205,1287132,1663659,9045,5366,867,97,28764,-1665,376527,22.7419661189
2024-08-19,109.441998291,18.2499996185,16.0419998169,96.025,4045.36,78.0942857143,528,147.6167679,193.4344635,99.09555054,188858,119074,225074,24334,1790876,-259586,231543,77.43,73.636,76.294,76.318,88.612,83.174,87.296,70.026,69.102,89.486,71.652,31.81,483,1.357,6652,55,110,127,140,6652,8527,63,63,0,127,100,405,243,79,127,935,73,30,531,1875,4045,11352,262,2292,2009,78,1853,731,7307,2607,-5432,483,-2,92.3,16907,18326,315,-12,-244,919,759,700,16689,1098,59,9768,1841,6741,4892,4773,60,5886,9,5895,9856,3116,1858,12,846,3116,284,2650,-88,25.9,26.7,121,34.3,24.2,122811,220597,27697,103547,937,17316,222,49804,112403,2580,7828,17337,23574,203260,1199,46829,48972,179732,17094,322766,21,21,26597,82622,-4649,426029,3315,803192,1281282,1658445,9193,5239,429,232,28204,-560,377163,22.8186574049
2024-08-26,107.822000122,17.2779998779,15.8680000305,96.7491409302,4067.775,74.3971428571,525,170.4496765,199.9540863,137.20475005,182263,121066,208757,30148,1742632,-254073,222288,79.674,75.386,78.104,78.188,89.15,84.306,88.08,70.762,70.182,91.24,73.166,31.906,483,-4.649,6560,43,129,143,396,6560,8520,220,216,0,143,155,724,76,40,143,609,87,101,867,1960,3671,10238,169,2317,1619,139,1361,817,6567,2889,-4607,483,0,93.3,17101,18326,59,72,21,925,712,560,16864,1071,65,9612,1921,6544,5002,4851,85,5917,9,5926,9653,3109,1940,13,618,3109,317,2701,-41,25.6,27,111,34.2,23.9,123086,218394,26462,103207,898,14734,223,50153,113980,2467,6639,14754,23572,203640,1169,47576,49382,180872,14511,320953,20,20,26395,81127,-846,425183,2607,803091,1278228,1656136,9307,5389,1027,307,27536,-668,377908,23.0119444254
2024-09-02,113.849998474,16.4274997711,19.9739995956,94.7374992371,3924.62,159.495714286,548.5,135.80350495,122.25478745,155.0561905,196286,116214,214268,27741,1742613,-250673,226699,73.544,69.09,74.668,74.686,85.15,79.468,83.636,66.242,65.836,87.03,70.558,36.875,483,-0.846,5792,33,123,150,192,5792,7603,182,179,3,150,158,506,151,45,150,600,79,143,655,1811,3756,11086,333,2831,1664,139,1407,865,7330,2036,-5519,483,0,93.3,17099,18326,196,57,-70,933,695,512,16900,1061,123,9748,1820,6700,5169,4928,118,5916,9,5925,9894,3194,1828,3,776,3194,296,2689,-146,25,27.3,125.4,32.8,24,122715,219242,26092,103118,1103,15403,230,50577,112641,2496,7578,15422,23354,203819,1292,46761,49021,180630,15173,318472,19,19,25675,79329,-6873,418310,3378,797982,1270219,1649891,8938,4712,729,403,26394,-1142,379672,22.9005337718
2024-09-09,103.077999878,16.2759998322,17.9700000763,94.7117218018,3949.32,71.6814285714,557,141.625453935,152.458267225,128.6577568,185404,143759,186139,61271,1727524,-204506,177035,71.044,67.878,71.956,71.99,81.446,76.294,80.38,65.848,65.096,83.144,68.37,37.256,483,-6.873,6867,40,155,50,332,6867,8844,201,194,7,50,66,593,69,33,50,923,115,24,643,1976,3305,10543,239,2414,1833,116,1523,936,7238,3562,-5262,483,0,92.8,17011,18326,67,101,-123,892,570,526,16759,1080,73,9377,1829,6676,5209,5107,29,5730,8,5739,9711,3035,1842,9,937,3035,309,2702,-334,24.9,28.4,128.8,33.4,24.7,125023,221552,26073,105332,1003,15495,241,51686,115598,2543,6883,15515,23714,206038,1501,47990,48017,181119,15254,319402,20,20,25544,79557,833,419143,2211,799094,1279185,1659136,8478,4793,823,236,24690,-1704,379951,22.8843163734
2024-09-16,97.0100006104,17.0979999542,17.0919998169,97.381199646,4098.62,92.5614285714,539,138.1629219,136.15747834,150.04336545,151543,164223,190393,85369,1802465,-163834,140014,73.894,71.212,73.668,73.672,82.742,79.136,83.814,68.662,66.982,83.682,70.688,34.426,485,0.833,6322,69,99,54,141,6322,7965,138,136,2,54,103,413,78,50,54,714,78,169,467,1643,4589,11250,272,2132,1849,142,1378,737,6661,1733,-5018,488,5,92.1,16877,18326,-114,125,-199,908,576,765,16477,1049,71,9661,1835,6511,5056,4932,53,5797,8,5805,9652,3141,1854,15,706,3141,262,2705,9,24.9,28.2,124.4,33,25,125148,221621,25610,104373,973,16908,295,53677,115956,2660,6531,16929,23785,204692,1432,47448,45668,180069,16613,321285,21,21,26662,82269,-1630,417513,3429,798119,1282568,1663174,8776,4745,607,130,22711,-1979,380606,23.1467277297
2024-09-23,92.2960006714,18.7039997101,15.8039999008,99.9281997681,4237.68,72.4014285714,539.5,147.9824905,135.5472107,153.9964981,144945,153086,185734,52509,1812275,-166110,145328,73.222,69.494,73.832,73.832,83.994,79.198,83.858,69.08,66.09,84.156,70.214,36.386,488,-1.63,6456,38,119,36,373,6456,7861,102,100,3,36,180,709,3,55,36,404,103,48,746,1405,3897,10659,233,2481,1664,153,1297,847,6762,2559,-5357,488,0,90.9,16659,18326,-152,51,13,900,619,707,16353,994,64,9837,1714,6544,4898,4756,79,5710,9,5719,9661,3118,1750,33,825,3118,272,2672,175,24.8,27.8,111.8,32,24.9,122921,220083,24686,102681,984,15656,298,53987,113788,2411,6722,15677,23524,204406,1688,46344,46754,178879,15359,319725,21,21,24787,82507,-4471,413042,1610,794935,1267986,1649879,9205,4715,1332,435,22827,116,381893,23.1902305365
2024-09-30,100.446000671,18.0959999084,18.917999649,101.511621094,4323.52,90.1614285714,543,140.07131955,196.64463045,109.641044595,166406,144637,210469,48541,1780393,-174395,158597,74.98,71.238,74.322,74.334,85.894,78.018,83.86,69.418,65.79,85.488,72.444,46.024,484,-4.471,6628,48,119,89,168,6628,8217,194,194,0,89,116,451,95,48,89,487,86,187,540,1589,3878,11046,116,2476,1857,121,1534,962,7168,2750,-5579,484,-4,87.6,16059,18326,140,64,-135,908,673,603,15691,1015,68,9602,1621,6661,4794,4622,105,5843,9,5852,9761,3100,1848,222,809,3100,273,2687,-159,25.5,26.7,107.5,32.4,25.3,121637,221202,24132,103060,1667,17108,296,51453,112711,2481,6445,17127,23459,204076,1678,45643,47895,176112,16811,315848,19,19,24533,81902,3889,416931,2184,799484,1267077,1649630,8521,4507,879,375,23667,840,382553,23.322214176
2024-10-07,121.083999634,17.5020000458,21.2619998932,100.610578918,4252.66,136.618571429,525.5,128.0206337,154.53661726,135.65297695,180981,139199,203883,62643,1771336,-174604,159608,78.626,75.072,78.058,78.104,90.93,82.724,89.144,73.01,70.352,90.53,75.378,50.902,479,3.889,6239,84,0,55,80,6239,7576,104,103,1,55,209,373,47,60,55,617,115,27,428,1337,3794,10591,225,2188,1542,252,1507,942,6797,2445,-5460,479,-5,86.7,15890,18326,-33,25,-129,912,591,728,15590,1038,121,10229,1632,6582,4988,4808,59,5879,8,5886,9687,3104,1660,27,696,3104,295,2701,542,26.4,25,104.6,30.6,23.8,118513,214898,23113,101111,1530,14926,294,50635,109003,2568,6942,14944,22154,199954,1732,44069,46678,173910,14632,312707,18,18,24129,81886,5810,422741,3525,805671,1258981,1641911,9654,4669,996,128,24914,1247,382930,23.4669649844
2024-10-14,123.590000152,17.4999996185,19.4120002746,98.5426391602,4187.24,105.475714286,542,125.3022461,121.6146202,122.06414415,256230,91222,184650,47357,1707072,-213819,190637,74.688,70.938,74.834,74.862,86.666,80,86.476,71.776,69.21,87.042,72.568,48.44,481,5.81,5529,58,45,19,305,5529,7142,132,129,2,19,99,507,75,67,19,647,114,120,526,1613,4123,10554,294,2328,1533,58,1179,899,6431,1406,-4818,481,2,87.7,16067,18326,100,35,105,912,1016,776,15755,1042,107,9288,1671,6647,4754,4583,64,5890,9,5899,9722,3074,1691,17,748,3074,334,2683,-433,26.5,24.6,103.4,28.9,23.6,114979,212697,21994,101806,1590,13447,268,49660,105699,2681,6599,13463,22275,199234,1645,42846,46177,174155,13179,311062,16,16,24415,82276,-2191,420550,3765,804432,1251958,1635840,8620,5080,783,355,25022,108,383882,23.4180536766
2024-10-21,128.627998352,18.6879997253,19.0440002441,99.6984390259,4187.04,154.707142857,530,192.08570095,203.62704465,179.5462723,229936,93414,172341,42688,1689760,-212413,184403,75.144,71.078,74.222,74.226,86.666,79.408,85.384,73.554,70.968,87.996,72.232,47.584,482,-2.191,6431,49,87,40,150,6431,8014,105,99,6,40,188,474,148,54,40,607,112,98,514,1584,4112,10541,256,2050,1922,61,1148,886,6429,2319,-4845,482,1,89.5,16395,18326,19,32,-121,915,570,640,16084,1081,93,9954,1747,6793,5011,4832,86,5936,10,5945,9838,3045,1771,21,847,3045,352,2703,116,27,25.4,108.6,28.4,24,113839,213575,21158,102655,1416,15334,261,49855,105145,2374,6319,15353,22223,198222,1888,43475,44296,174955,15073,311754,19,19,25204,82732,5474,426024,2299,810666,1257860,1642502,8838,4345,1089,276,24676,-346,384642,23.6098073795
2024-10-28,132.269998169,18.8560001373,20.9059997559,98.3536193848,4159.88,163.131428571,535.5,145.9385376,116.6336594,171.37488555,224302,89721,163323,49550,1648928,-196169,173731,72.27,68.39,72.1,72.1,86.755,77.4975,83.1275,72.99,70.2425,88.415,71.4575,43.898,480,5.474,5975,50,45,82,163,5975,7331,158,156,2,82,156,413,59,64,82,387,100,157,495,1356,4261,10547,202,2228,1578,153,1279,786,6286,1714,-4930,480,-2,89.1,16326,18326,105,66,195,922,918,553,16053,1082,95,9695,1707,6679,4863,4738,31,5942,11,5953,9817,3138,1727,19,726,3138,324,2754,-122,26.8,26.3,97.2,27.8,23.3,112862,210868,19941,101258,1032,14162,258,49031,103502,2470,6890,14177,21771,196691,1703,43153,45370,172579,13904,308445,15,15,24230,83169,-515,425509,4771,811340,1248367,1634198,9159,5192,1310,468,25357,681,385831,23.6911740323
2024-11-04,117.649998474,18.0819999695,17.7759998322,98.7153213501,4170.26,275.504285714,548.5,83.16700171,53.369522095,108.09321786,195858,101951,163679,67837,1751736,-175687,151877,75.006,71.578,73.754,73.762,90.404,79.996,85.612,72.414,69.968,90.608,72.474,43.482,479,-0.515,6240,31,0,61,22,6240,7568,162,158,0,61,115,168,128,60,61,533,110,165,229,1328,2850,10467,167,2481,2289,256,1431,884,7617,3390,-6289,479,-1,90.5,16579,18326,-12,-7,-56,918,448,522,16334,1105,93,9708,1721,6847,5096,4959,45,5911,8,5919,9947,3100,1787,64,928,3100,283,2743,-239,26.6,25.9,103.3,29.6,23.8,115809,211280,19585,102097,1113,14554,261,49510,105867,2717,7225,14572,22020,196708,1794,42925,43988,169994,14293,303480,18,18,23557,81002,2149,427658,2855,814881,1247238,1634461,8828,4727,710,288,25879,522,387223,23.8119361175
2024-11-11,103.132501602,16.7759998322,14.8300001144,96.5612197876,3999.3,255.938571429,553.5,102.222465505,106.05953982,131.8463707,215292,89147,191614,47629,1746717,-211226,196088,71.92,68.062,71.488,71.486,87.494,76.896,82.856,70.7,69.336,88.096,68.522,35.03,479,2.149,6509,44,0,77,275,6509,8297,108,107,1,77,231,550,117,51,77,678,119,138,628,1788,3440,10398,199,2273,1783,203,1179,1177,6958,3069,-5170,479,0,91.4,16754,18326,-73,63,-134,909,423,567,16509,1113,66,10267,1669,6572,4969,4807,97,5854,9,5863,9669,3096,1721,52,709,3096,303,2677,598,26.5,25.1,88.9,29.5,22.9,114415,206873,19773,99454,701,13043,279,48613,105162,3087,6165,13057,22039,193816,1759,42211,45049,167108,12764,303378,14,14,23732,82886,2089,429747,3242,817537,1240763,1628553,9383,4829,1319,213,25191,-688,387790,23.8328084306
2024-11-18,102.972001648,17.6580001831,16.2400001526,98.3945800781,4012.48,232.97,552,149.7898407,110.13704301,177.85271835,219388,115849,184676,58734,1792299,-207577,186906,73.764,69.752,72.524,72.52,89.578,78.96,84.944,70.952,69.222,89.784,68.684,36.712,478,2.089,7684,54,0,30,207,7684,9147,123,119,4,30,82,344,156,49,30,601,124,86,374,1464,4378,10955,218,1843,2180,175,1201,816,6577,3306,-5113,478,-1,90.2,16536,18326,-320,-38,160,892,391,589,16228,1110,105,9287,1741,6526,4837,4688,44,5714,9,5723,9546,3020,1753,12,803,3020,270,2702,-259,26.4,25.4,95.8,30.2,23.4,114301,208927,20216,101125,818,13613,278,48747,105072,2723,6507,13632,22563,195295,1563,42866,44605,167251,13335,303364,19,19,23793,82306,545,430292,3253,819482,1243811,1633001,8419,5067,740,172,25051,-140,389190,23.9137306601
2024-11-25,98.0249996185,16.927500248,14.0420001984,98.1074752808,4012.96,138.732857143,517.5,193.03337095,220.950622575,184.285953525,236327,101398,182148,74016,1768651,-202171,193865,72.974,68.6075,72.49,72.49,88.596,80.418,84.52,71.742,70.464,88.808,68.342,37.0325,479,0.545,6083,63,85,98,203,6083,7824,144,144,0,98,187,538,125,63,98,569,153,114,636,1740,4663,11320,152,2373,1369,79,1463,1063,6657,1420,-4917,479,1,90.5,16581,18326,-267,44,-273,890,111,607,16295,1119,92,9744,1814,6462,5096,4939,65,5724,9,5733,9491,3029,1872,56,729,3029,334,2757,254,26.2,24.2,86.8,30.6,24.2,114717,212241,20403,102114,871,15527,291,48856,106594,2750,5373,15544,22869,196697,1849,42500,44855,164800,15235,301376,17,17,23169,82120,-1844,428448,4029,818810,1242014,1632376,8506,4207,1685,458,24142,-909,390362,24.0503415358
2024-12-02,92.0679992676,15.8859998703,13.2800001145,97.3422012329,4031.9,189.771428571,535.5,157.91965485,173.093956,159.6889038,229719,98871,178278,66674,1740661,-206608,200407,72.194,68.416,72.242,72.248,87.112,80.888,84.018,70.326,68.966,87.558,67.56,32.702,477,-1.844,7290,46,47,78,201,7290,8769,116,115,2,78,138,432,75,59,78,577,113,88,511,1479,4235,11777,381,2231,2190,70,1550,994,7542,3055,-6063,477,-2,93.3,17094,18326,-571,61,31,873,-8,471,16910,1073,77,9496,1775,6524,5315,5153,84,5591,8,5599,9496,2972,1795,19,925,2972,354,2808,1,25.7,24.3,84.1,31.5,24.5,118100,214603,20923,104092,1388,14423,279,48755,109719,2766,5615,14445,23003,200158,1945,41656,45923,161773,14144,297575,22,22,22961,80552,-5073,423375,5527,815182,1237305,1629112,8738,4997,825,402,24192,50,391807,24.0976673459
2024-12-09,85.2900009155,16.0020002365,13.936000061,98.9535171509,4046.84,193.034285714,523.5,192.9314346,252.2374878,166.92741395,245076,88152,184870,68436,1780843,-211597,201464,73.15,69.712,72.562,72.574,88.102,82.008,85.358,68.752,67.448,87.628,68.738,31.372,482,-5.073,5984,64,22,102,117,5984,7529,154,154,0,102,160,363,160,66,102,485,126,156,464,1546,3099,10005,219,2210,1611,233,1471,1039,6906,2885,-5360,482,5,92.4,16933,18326,-515,-5,-266,883,-223,563,16659,1078,77,10045,1818,6799,5229,5011,141,5713,8,5721,9766,2967,1936,115,1078,2967,315,2742,279,25.5,24.1,75.5,33.8,25.5,121335,219689,21623,105887,1470,16507,266,48602,112940,2275,6119,16528,22648,203161,1653,41907,47203,157143,16241,292101,21,21,23703,79045,-1425,421950,2191,814481,1236386,1628917,8810,4241,1683,133,22894,-1298,392531,24.1694871063
2024-12-16,90.1339996338,15.8240001678,20.1260002136,97.3959213257,3961.08,220.3,506,130.97296145,123.46072768,136.61943055,256656,94383,175836,71850,1808227,-201510,190112,73.262,70.148,73.35,73.35,89.254,81.542,84.892,70.748,69.32,88.364,69.434,31.298,482,-1.425,6649,89,129,57,331,6649,8650,164,163,1,57,147,698,75,72,57,701,179,128,755,2001,4895,11960,243,2402,1987,44,1214,1012,7065,1754,-5064,482,0,91.8,16828,18326,-159,29,-199,903,294,623,16611,1103,124,9872,1787,6698,5094,4884,86,5823,9,5832,9775,3077,1797,9,866,3077,344,2667,97,25.3,23.4,65.8,31.4,25.4,118155,222037,21902,107119,1278,16433,224,50097,110040,2300,5815,16452,22636,205584,1543,41332,47091,154536,16209,293551,19,19,24350,81749,-934,421016,4438,814066,1233174,1626224,8927,4067,1281,335,23002,108,393050,24.3719260892
2024-12-23,95.6999988556,15.0274999142,15.432500124,98.0310623169,3958,160.354285714,445.5,155.96419525,177.2943344,136.23430255,270650,85809,217335,56134,1827905,-237003,229990,73.41,69.89,73.95,74.005,88.5925,80.665,84.015,70.7275,69.53,86.9825,69.865,30.1825,483,-0.934,6471,0,45,192,216,6471,8003,180,173,7,192,203,464,51,51,192,383,125,136,657,1532,3722,10378,181,2006,1711,99,1440,1053,6656,2749,-5124,483,1,92.5,16954,18326,-72,130,-237,920,297,478,16816,1107,100,9923,1854,6831,5272,5087,84,5905,9,5914,9976,3145,1857,2,917,3145,364,2677,-54,24.9,23.3,62,29.9,25.2,116461,223667,22227,108023,1342,16809,228,49709,108398,2310,5753,16833,23074,206834,1736,40707,47761,150960,16582,288527,24,24,25663,79513,-4237,416779,3179,810089,1220473,1613783,9008,4807,1734,213,22682,-320,393310,24.2441602602
2024-12-30,96.9750003815,14.7999999523,17.2024998665,98.9310493469,3909.7,227.407142857,438.75,128.04835891,158.035932545,94.8240776025,253296,99451,238974,56079,1829252,-251386,247027,75.3675,72.45,75.745,75.745,91.3725,82.5325,85.52,71.86,70.8925,89.4625,71.83,30.0775,483,-4.237,6926,75,45,151,197,6926,8529,197,196,0,151,197,514,19,58,151,539,146,39,665,1604,3854,11251,253,2409,2089,148,1421,978,7397,3072,-5793,483,0,92.7,16993,18326,-412,33,-306,859,-201,484,16857,1111,109,8964,1811,6403,5371,5198,64,5538,8,5547,9310,2908,1899,86,856,2908,291,2693,-346,24.8,23.6,61.6,31.8,26.5,122867,231384,23180,109773,1597,16598,231,52402,115158,2372,5337,16621,23639,214763,1807,41181,50991,146363,16366,285321,23,23,24753,79611,-1178,415601,5115,809171,1229790,1623360,8168,4408,829,312,22540,-142,393570,24.1809650355
2025-01-06,99.5460006713,15.0075001717,17.8340003967,100.230641174,3957.82,307.921428571,545.5,91.58950425,60.5608654,117.05669022,276454,89539,247113,47972,1872970,-256671,254324,77.238,74.324,76.978,76.992,92.408,83.366,85.564,71.744,71.014,90.876,72.004,31.486,482,-1.178,6428,39,33,107,136,6428,8179,200,199,1,107,140,348,151,52,107,662,134,149,455,1750,3078,9937,222,2380,1719,181,1359,843,6859,3350,-5109,482,-1,93.3,17089,18326,-1038,-15,-345,779,-998,400,16902,1102,139,8883,1840,5997,5204,5000,65,5063,6,5070,8680,2683,1857,20,928,2683,285,2670,204,24.7,24.3,62.6,34,27.5,128938,237714,24204,114983,1643,14269,231,53714,121534,2700,4705,14286,24148,223428,1801,41626,53088,142081,14038,280764,17,17,24386,78098,-959,414642,2873,808459,1234807,1628624,8481,4670,1436,305,20038,-2502,393817,24.2554816994
2025-01-13,97.3839996338,15.1759998321,17.3180002213,103.562240601,4036.9,218.07,558.5,117.85137937,77.736667635,151.7285805,314560,87701,285789,39427,1958411,-286130,279567,81.008,78.584,83.206,83.222,98.078,86.422,88.448,76.882,76.466,96.322,73.86,33.414,480,-0.959,6124,56,71,35,109,6124,7681,219,219,0,35,179,415,201,72,35,466,149,71,450,1557,4078,10457,230,1970,1861,96,1124,973,6379,2046,-4822,480,-2,91.7,16816,18347,-553,24,-544,829,-703,370,16647,1095,125,9280,1797,6172,5183,4973,85,5383,8,5391,8962,2791,1812,13,780,2791,250,2631,317,24.6,26.4,55.7,36.4,28.7,132015,243566,26169,118385,1721,14385,232,56167,123895,2770,5351,14406,25008,229160,1734,43698,52887,135053,14153,272979,21,21,23567,76195,-1962,412680,4855,806997,1231365,1625682,8325,5085,1597,341,20803,765,394317,24.328983829
2025-01-20,90.4850006103,15.1349999905,15.168000412,103.48132515,4071.02,177.742857143,576.5,99.368198405,76.94288445,128.35593031,348928,94596,277944,47252,1896350,-317124,306291,79.046,75.1525,82.552,82.58,96.2,83.792,86.21,77.824,77.268,94.998,72.906,33.485,478,-1.962,6745,43,93,38,115,6745,8436,289,289,0,38,52,302,56,78,38,568,201,238,340,1691,4515,11172,201,2141,1760,64,1329,993,6657,2230,-4966,478,-2,85.9,15762,18347,-320,-1,-318,828,-166,473,15522,1099,88,9237,1715,6037,4710,4534,87,5250,7,5257,8928,2891,1716,1,780,2891,327,2605,310,25,27.5,54.5,35.9,29.8,128945,245898,26950,118863,2026,15764,224,56457,120984,2541,5419,15779,25874,230119,1499,43785,52774,134200,15540,273394,15,15,23532,76766,-1017,411663,3891,806229,1227228,1621794,8086,3763,1577,506,20655,-148,394566,24.5506818667
2025-01-27,92.1820022583,15.4879999161,16.6279998779,102.30223999,3984.34,303.452857143,560.5,136.5256386,130.999404915,142.69727325,359036,96171,281241,30354,1867000,-316596,298847,76.956,72.964,80.9233333333,80.92,92.4566666667,84.9566666667,87.19,76.82,75.9133333333,92.7633333333,72.4666666667,32.392,472,-1.017,6448,25,47,238,183,6448,8096,182,182,0,238,141,396,45,67,238,417,175,196,634,1648,3686,10054,213,2087,1828,172,1127,762,6368,2762,-4720,472,-6,83.5,15318,18347,-263,23,-184,832,176,600,15189,1015,65,9193,1586,6111,4738,4592,81,5294,8,5302,9003,2892,1634,48,808,2892,371,2505,190,25.8,27.8,40.2,31.7,30,123951,248855,28047,120023,1730,18327,232,57279,116165,2239,5547,18346,25722,230509,1455,43520,51477,126328,18095,266533,19,19,23390,76573,3463,415126,4121,809940,1213345,1608159,8302,4383,1978,415,20981,326,394814,24.6037568521
2025-02-03,93.2279998779,16.7220001221,16.7280002594,104.141540527,4041.3,406.408571429,560.5,132.95273205,147.2810669,117.91939545,396676,88972,233459,41667,1782462,-290388,264126,75.144,71.7,78.022,78.046,91.222,84.166,85.786,76.222,75.76,92.222,71.532,33.816,479,3.463,6915,25,68,11,218,6915,8621,159,159,0,11,271,583,130,53,11,535,153,136,593,1706,4331,10632,212,1918,2137,175,893,860,6301,2584,-4595,479,7,84.5,15511,18347,-104,45,-85,860,309,454,15349,1112,107,9166,1595,6272,4552,4360,84,5533,8,5541,9174,2902,1652,56,732,2902,374,2592,-8,27,26.9,38.1,27.8,30.4,118480,251088,28290,121575,1424,18256,229,57073,110257,2303,5920,18272,26412,232816,1571,42348,52745,121383,18027,263559,16,16,23536,78035,8664,423790,3224,818854,1210642,1605706,8328,4801,1296,314,20947,-34,395064,24.5967920068
2025-02-10,85.8160003662,17.3539997101,15.518000412,105.70329895,4109.54,266.524285714,567.5,119.66458515,92.86976625,136.24201205,372368,82645,197981,57441,1765342,-259576,230313,75.562,71.808,78.208,78.204,91.542,85.478,86.926,77.89,77.316,92.588,72.89,30.714,480,8.664,6309,40,45,49,89,6309,7769,245,245,0,49,97,270,180,65,49,483,182,50,319,1460,3909,10352,132,2332,1659,116,1084,970,6443,2400,-4983,480,1,85,15595,18347,-7,36,-266,854,467,703,15431,1082,116,9346,1605,6181,4543,4347,80,5461,7,5468,9079,2898,1612,7,713,2898,370,2609,267,27.8,27.3,37.1,28.1,29.8,118615,248053,28910,120052,1172,17193,229,59232,110013,2522,6079,17212,25692,230841,1183,43260,50385,121341,16964,266151,19,19,23371,80544,4070,427860,4737,823173,1211860,1607173,8576,4005,1500,328,21819,872,395313,24.5938692169
2025-02-17,86.6150016785,16.9475002289,15.9719999314,107.347475052,4166.56,345.418571429,565.5,199.7179184,192.3533859,220.1557922,366092,76938,198612,76375,1788275,-244693,220004,75.602,71.7675,78.522,78.534,91.338,86.432,87.822,76.988,76.372,92.794,72.392,30.23,481,4.07,5820,55,64,10,87,5820,7512,267,267,0,10,129,335,120,47,10,634,132,193,346,1692,4381,11377,228,2618,1988,208,918,898,6996,1439,-5304,481,1,84.9,15589,18354,-179,37,-168,850,314,625,15416,1084,111,9190,1521,6201,4723,4506,106,5504,8,5512,9063,2861,1664,142,690,2861,341,2665,127,28.2,28.2,36.3,27.2,29.6,116564,247902,27922,118197,1265,17627,271,59283,107896,2932,5736,17656,26218,230246,935,43939,51501,121625,17356,266350,29,29,23316,82122,4633,432493,3222,827806,1212051,1607364,8239,3935,1322,334,23291,1472,395313,24.6278531673
2025-02-24,96.6599990844,16.4159999847,19.6539997101,104.543321228,4122.8,356.558571429,567.5,144.0049629,148.247749345,125.56472015,350683,85460,185251,81921,1752594,-217426,197594,73.51,69.672,76.926,76.928,88.39,83.258,84.672,75.814,75.21,89.184,71.624,31.824,487,4.633,5919,49,60,35,292,5919,7564,370,370,0,35,24,426,121,62,35,462,135,97,462,1645,4188,9544,149,1862,1406,98,877,849,5356,1731,-3711,488,7,86.5,15880,18354,-283,79,-77,846,109,390,15733,1081,149,9170,1620,6202,5162,4932,81,5459,7,5467,9075,2874,1656,34,735,2874,294,2657,95,27.8,28.5,34.2,28.8,29.6,120472,248271,28902,120231,1327,16950,252,58307,111764,2838,5870,16977,27571,231294,1152,44614,51430,117200,16698,263041,27,27,24157,82148,-2332,430161,4347,825474,1209833,1605146,8454,4670,1918,173,24573,1282,395313,24.6985415032
2025-03-03,106.440000916,16.9524998665,23.2920005798,104.135299683,4174.66,564.268571429,567,216.489975,175.05041505,262.696846,311882,91336,174842,107264,1768799,-194964,171198,70.356,67.268,71.23,71.262,85.456,78.588,80.206,72.73,72.11,85.296,68.44,35.594,486,-2.332,5813,29,0,159,325,5813,7893,269,269,0,159,90,444,129,58,159,683,203,193,603,2080,4136,11142,196,2466,2248,116,1041,816,7006,1677,-4926,486,-2,85.9,15767,18354,235,-26,-223,890,783,797,15387,1093,82,9634,1719,6500,4575,4447,45,5727,9,5736,9548,3048,1734,12,763,3048,300,2690,86,28,29.7,33.6,29.5,28.9,119154,246838,29936,117784,1538,17656,243,59647,110400,2951,5803,17680,27289,229157,1139,45228,50188,112361,17413,259553,24,24,24748,82586,3614,433775,5293,829088,1205239,1600552,8877,4746,1058,293,25697,1124,395313,24.8037771104
2025-03-10,107.682000732,17.0299994151,25.0880001068,104.750518799,4258,524.787142857,587.5,222.6573715,219.6485977,242.43630985,270299,110874,172576,68693,1816244,-177980,154841,70.05,66.738,71.232,71.25,84.088,77.88,79.24,73.254,72.53,84.086,68.904,32.812,486,3.614,5470,100,81,41,284,5470,7436,249,249,0,41,73,537,138,48,41,807,145,48,578,1966,3290,9518,164,2221,1718,87,1036,840,6228,2180,-4262,486,0,86.5,15880,18354,208,60,-321,877,618,671,15708,1062,109,9556,1616,6282,4462,4300,53,5699,7,5706,9231,2949,1646,28,575,2949,313,2697,325,28,27.8,30.6,28.8,27.8,117595,241101,30368,113205,1634,14686,258,61020,108713,3262,5620,14707,27376,226395,1165,44147,50535,115474,14427,264538,21,21,24043,84272,1448,435223,3998,830811,1199282,1594870,9182,4762,1609,375,24469,-1228,395588,24.7913921552
2025-03-17,95.6279998779,16.6533336639,20.2380001068,105.609199524,4298.98,529.235714286,572,179.9709549,203.4900589,183.4763718,247733,94448,170181,54419,1793310,-178744,164126,71.314,67.636,72.778,72.788,84.616,79.822,81.234,72.39,71.232,84.79,70.018,31.808,487,1.448,5385,17,152,30,325,5385,7065,257,257,0,30,132,627,155,65,30,449,138,25,657,1680,4644,11604,192,2194,2194,114,1261,894,6960,741,-5280,487,1,86.9,15949,18354,86,35,-132,896,808,820,15663,1105,80,9623,1709,6534,4613,4477,56,5791,8,5799,9575,3040,1743,30,735,3040,308,2715,48,28,25.7,31.4,28.7,27.2,114783,240574,32042,110857,1368,14271,247,62888,106318,2837,5628,14300,26575,226274,977,43173,51161,118749,14024,272084,29,29,23406,86032,1745,436968,3583,832831,1200913,1596776,8817,3505,931,310,23460,-1009,395863,24.755382583
2025-03-24,93.6120010376,15.7000000477,18.6599998474,105.348880005,4276.94,408.648571429,591.5,148.08921815,110.54662705,181.346611,288134,81996,175492,78979,1768386,-182228,166823,73.494,69.408,74.7,74.7,86.34,81.94,83.32,72.532,71.852,86.876,70.048,28.794,486,1.745,6195,68,116,143,199,6195,7780,120,120,0,143,62,446,91,57,143,418,137,231,589,1586,4609,10731,244,2083,1828,81,1057,665,6122,1586,-4536,486,-1,87,15970,18354,184,89,-68,878,722,518,15750,1053,75,9222,1702,6377,4513,4384,55,5689,8,5697,9334,2957,1730,25,680,2957,363,2755,-111,27.7,26.8,36.8,29.4,26.9,114362,239128,32155,109231,1828,14674,234,62868,106085,2685,5593,14700,27350,224428,888,44313,50500,123118,14440,277736,26,26,24429,87563,-3341,433627,5930,829776,1204105,1600254,8643,4088,1091,366,22705,-755,396149,24.6862333745
2025-03-31,110.036000061,17.8400001526,28.1780006409,104.775100708,4097.5,607.554285714,591,133.938079855,133.374504065,139.217147835,342402,80332,179513,87669,1783978,-190138,180558,71.98,68.666,74.42,74.4325,85.6925,81.4075,83.02,71.685,69.555,85.8225,67.5675,34.32,484,-3.341,6466,59,185,75,374,6466,8241,149,143,0,75,54,672,122,57,75,562,125,70,748,1775,3881,10332,371,2433,1586,37,1109,853,6451,2585,-4676,484,-2,86,15789,18354,436,-82,125,898,1260,781,15558,1063,126,9284,1721,6398,4677,4460,90,5800,8,5808,9430,3032,1743,18,590,3032,258,2794,-146,28.1,25.5,36.6,30.1,27,114626,237577,32792,107880,2407,14757,236,61381,105877,2947,5802,14781,26612,222796,969,42861,51127,124469,14521,279942,24,24,23906,87972,6165,439792,3057,836226,1209457,1605891,8495,4689,1193,365,25078,2373,396434,24.6800754008
2025-04-07,134.324002075,26.5200004578,42.2420005798,99.2785186768,3825.54,669.717142857,566.5,131.4294281,117.27402115,155.05422975,405112,86930,181188,86566,1836468,-176710,167685,64.12,60.84,64.396,64.422,76.996,70.858,72.078,64.01,61.696,77.13,57.324,50.17,489,6.165,6189,16,29,285,359,6189,7986,69,69,0,285,90,493,88,92,285,665,115,82,778,1797,3244,10342,278,2678,1739,207,1228,794,7098,2945,-5301,489,5,86.7,15912,18354,282,96,-98,872,757,477,15627,1021,100,8946,1699,6135,4658,4454,105,5666,9,5674,9054,2920,1779,77,460,2920,306,2752,-109,28.3,24,44.2,29,27.5,111082,235977,32911,107413,1849,14840,249,60659,102347,2953,5782,14866,27034,221111,893,40924,51190,128767,14591,282745,26,26,24943,86585,2553,442345,3506,839055,1210700,1607410,8425,4240,913,33,25759,681,396710,24.7259960863
2025-04-14,122.265001297,24.0524997711,30.8249998092,101.890674591,3933.7,465.318571429,550,150.55174,131.887334163,177.103724133,261491,105653,155096,85633,1991545,-148559,139595,65.84,62.5025,66.905,66.895,79.545,73.6825,75.185,67.9975,65.4925,79.7275,60.695,43.234,480,2.553,6001,64,130,17,173,6001,7216,102,102,0,17,146,514,122,61,17,325,99,35,531,1215,5100,11989,157,2422,1966,156,1197,854,6889,901,-5674,480,-9,86.3,15838,18354,527,85,-196,902,866,450,15564,1012,115,9412,1792,6331,4688,4435,138,5822,8,5830,9366,3036,1811,16,500,3036,247,2744,45,28.3,23,41.7,28.8,27.5,109231,234019,33549,105390,1892,15632,245,60608,100703,2728,5801,15654,26814,218365,1007,39819,50476,130131,15387,287301,22,22,24214,89086,515,442860,3403,839869,1208625,1605634,8462,3578,1061,230,25105,-654,397009,24.7592915007
2025-04-21,115.51599884,26.0200000763,28.8299999237,102.513999939,4015.075,465.451428571,561,161.6709976,199.97444915,174.90803525,211483,112532,180850,69651,1918217,-153715,146370,66.648,63.094,68.246,68.24,80.946,76.36,77.77,69.346,67.036,81.498,62.84,43.164,481,0.515,5589,58,14,54,626,5589,7775,97,97,0,54,106,804,308,48,54,579,97,247,858,2186,3549,9984,200,2085,2161,83,1156,675,6435,2040,-4249,481,1,88.1,16217,18416,578,114,-136,921,1211,655,15889,1033,128,10073,1768,6489,4626,4378,119,5978,8,5986,9574,3085,1791,21,503,3085,263,2835,499,28.3,21.4,51.6,27.7,26.4,106878,229543,32915,103195,1491,15905,222,59074,98277,2821,5780,15927,25481,213615,950,39640,49855,137516,15683,293555,22,22,23058,88788,244,443104,4774,840581,1207888,1605365,9414,4595,448,592,25019,-86,397477,24.7441101565
2025-04-28,108.698001099,21.9460002899,24.2600002289,101.740779114,3990.82,660.304285714,577.333333333,138.098121633,139.3819453,160.26168315,217277,88894,196684,49353,1860519,-173885,170955,63.33,59.642,63.9975,63.9975,79.1725,74.6675,76.2575,66.495,64.875,79.49,61.79,49.794,483,0.244,5498,58,49,135,223,5498,6996,99,72,0,135,116,446,100,42,135,463,90,164,581,1497,4121,10645,176,2381,1982,115,1024,705,6524,1377,-5027,483,2,88.6,16326,18416,584,61,-262,908,756,374,16078,1040,110,9457,1767,6403,4609,4383,116,5930,9,5939,9402,2999,1840,69,464,2999,220,2852,55,27.9,22.6,57.2,28.2,25.5,107815,225540,32381,100442,1413,14431,216,59415,98949,2833,6032,14453,25389,211087,1067,41148,49817,143090,14215,300882,22,22,23724,91019,-2696,440408,4378,838950,1212112,1610654,9098,3907,878,174,25701,682,398542,24.7533177292
2025-05-05,101.912001038,23.0700000763,23.2659996033,101.872680664,4032.75,555.107142857,579,182.3937149,204.78027345,187.34786225,214062,104121,201427,47395,1896516,-183492,177209,62.05,59.044,62.192,62.19,76.952,73.702,75.252,64.482,63.042,76.774,60.528,41.56,479,-2.696,6056,49,67,96,336,6056,7956,117,117,0,96,218,669,126,41,96,626,86,179,765,1900,4006,10651,142,2232,1668,95,1404,975,6645,2050,-4745,479,-4,89,16384,18416,186,139,-112,886,478,265,16071,1020,123,9710,1848,6409,4650,4502,25,5749,8,5757,9398,2989,1879,29,652,2989,222,2822,312,27.6,21.6,55.3,28.8,25.3,106708,225728,32169,103965,1014,15228,211,57796,97345,3208,6155,15251,25191,210477,1033,40034,47702,147247,15017,303924,23,23,25140,90196,-2032,438376,2597,837498,1213276,1612398,8717,4407,1101,104,24961,-740,399122,24.7033771275
2025-05-12,99.822000122,20.9679996491,18.0599998474,102.10428009,4105.02,600.794285714,588.5,178.36496735,99.999629955,254.05307005,210566,113008,210025,66087,1982266,-180590,175428,65.524,62.576,64.69,64.685,80.55,75.88,77.38,68.84,67.745,79.4925,62.415,37.242,474,-2.032,5841,68,0,413,197,5841,7649,179,179,0,413,144,410,144,45,413,464,100,98,822,1807,3369,10952,279,2377,2201,246,1433,933,7583,2472,-5776,474,-5,90.2,16610,18406,309,60,-85,929,872,588,16401,993,97,9383,1859,6534,4581,4458,27,5924,9,5933,9717,3183,1891,29,601,3183,226,2838,-334,27.4,23.7,71,28.1,25,103553,224706,32312,103516,1387,15702,297,57282,94044,3062,6447,15730,25445,208977,1026,41647,46792,152039,15405,306552,28,28,23987,88956,3454,441830,2715,841480,1218145,1617795,8794,4687,416,243,23892,-1069,399650,24.667445609
2025-05-19,101.532000733,21.8760002136,19.9340003967,102.035079956,4086.3,333.171428571,561.5,135.377079,109.53764342,171.2152138,254534,103390,199019,59731,1948099,-184838,185301,65.01,61.91,64.446,64.434,79.454,75.456,76.86,69.118,68.404,78.33,61.274,39.262,473,3.454,6089,42,0,147,324,6089,7676,141,141,0,147,234,600,52,59,147,506,80,60,747,1587,3507,10073,210,2077,1690,154,1358,983,6566,2582,-4979,473,-1,90.7,16693,18406,284,26,-65,919,694,449,16490,1036,76,9561,1853,6474,4712,4570,65,5906,8,5914,9596,3122,1875,19,560,3122,277,2833,-36,27.3,25,65.6,29.2,25.6,104132,225522,31789,103986,1243,16269,293,55542,94939,3094,6099,16294,24944,209228,1064,42109,48457,154063,15976,306886,25,25,23227,87747,1328,443158,3852,843651,1223076,1623569,8644,5192,841,292,23435,-457,400493,24.7155920587
2025-05-26,93.9774990082,19.8900003433,19.317999649,100.9564991,4075.35,447.387142857,538.5,194.3320999,186.2228241,219.8472748,276426,113097,192351,63485,1873273,-186794,186420,64.356,61.115,64.142,64.132,79.106,75.502,76.8,67.542,67.154,78.088,60.942,40.8325,465,1.328,6351,113,47,137,331,6351,8311,114,114,0,137,129,619,194,53,137,815,66,16,755,1960,4301,11181,174,2592,2149,137,1136,626,6880,2050,-4920,465,-8,90.2,16600,18406,526,-5,-29,939,1055,563,16328,1056,69,9751,1821,6669,4812,4641,102,6014,9,6023,9883,3214,1846,21,646,3215,230,2854,-132,27,24.5,77.5,28.3,25.1,103408,223081,31863,102370,1189,14936,279,56698,94361,2954,6093,14963,24281,208118,1101,42716,47861,158305,14657,309968,27,27,23497,86474,-2795,440363,3747,841676,1222411,1623724,9452,4563,486,70,23510,75,401313,24.5438592098
2025-06-02,95.408001709,19.8740001679,17.782000351,102.560299683,4111.14,431.657142857,567,171.4436493,182.9570465,188.1949997,288969,130019,186554,65972,1943708,-169107,165694,65.386,63.346,64.248,64.272,80.32,75.676,77.516,67.352,67.312,78.572,60.576,36.952,461,-2.795,6346,29,78,171,344,6346,8236,166,166,0,171,222,673,199,44,171,430,99,151,845,1890,3907,10096,191,2121,1231,153,1405,938,6189,2439,-4299,451,-14,93.4,17192,18406,122,50,-324,902,255,407,16998,1105,81,9037,1763,6271,4994,4813,101,5783,9,5792,9326,3055,1886,122,479,3055,296,2897,-289,26.3,26,97.9,30.3,26,107638,228300,31406,107404,973,14993,301,55359,98616,3211,5811,15020,24440,213280,980,43654,49544,159307,14692,310036,27,27,23266,86115,-4304,436059,3859,837881,1235337,1637159,8263,5240,788,326,24086,576,401822,24.4627056285
2025-06-09,91.5,19.6940002441,18.0420001984,103.550038147,4131.76,360.085714286,578,177.62612915,97.07041931,257.37725065,299782,132019,217624,54546,2010313,-174464,167957,69.454,67.888,68.072,68.136,83.798,79.176,81.208,70.584,70.354,81.966,63.012,43.062,442,-4.304,6176,50,52,325,395,6176,7878,104,104,0,325,93,590,13,58,325,489,91,90,914,1702,3286,10403,243,2383,1831,205,1447,857,7117,2890,-5415,442,-9,94.3,17364,18406,35,84,-196,905,383,460,17226,1120,105,9718,1978,6445,4897,4746,46,5808,7,5815,9546,3101,2023,42,630,3101,276,2897,172,25.8,24.7,98,31.5,25.9,108884,229804,31119,106339,1034,15102,303,57235,99513,3073,6298,15131,23734,214672,972,43399,50064,163867,14799,314085,29,29,23193,86023,-3644,432415,2681,834474,1241500,1643559,9170,4637,580,172,23683,-403,402059,24.5720690456
2025-06-16,93.6000003815,19.782500267,20.7280002594,106.651723862,4124.94,374.455714286,562,289.0473938,272.1430893,394.38156125,316473,119551,222139,43005,2017212,-200671,191941,76.448,74.17,75.158,75.334,94.034,85.436,87.384,76.604,76.236,91.91,68.738,64.9225,439,-3.644,5504,33,106,78,539,5504,7342,153,153,0,78,204,882,212,40,78,397,76,39,960,1838,4361,11183,214,2357,1911,68,1308,801,6822,1143,-4984,439,-3,93.2,17147,18406,19,128,-161,910,443,456,16862,1109,114,10104,1910,6510,4974,4775,85,5830,8,5839,9632,3122,1963,49,671,3122,301,2880,472,25,24.7,100.8,30.9,25.4,109398,230013,30672,106941,1083,15674,296,55847,99852,3096,6450,15699,24120,214314,1048,44428,50442,169056,15378,315836,25,25,22631,83102,-11473,420942,3922,823231,1234891,1637180,9299,4354,825,352,22688,-995,402289,24.6457818637
2025-06-23,91.2580001831,17.5540000915,17.3959999084,103.038119507,4190.34,344.632857143,545.5,291.4821701,228.54046635,376.6569214,352280,79105,217921,41665,1938664,-259051,231048,68.36,65.712,69.68,69.676,88.202,80.664,82.474,69.03,68.528,86.092,63.37,45.658,438,-11.473,5944,0,179,246,399,5944,7723,73,73,0,246,183,761,13,40,246,509,64,114,1007,1780,4270,11447,258,2341,1822,234,1649,763,7177,1674,-5397,438,-1,94.7,17199,18160,163,132,-263,913,460,427,16987,1081,108,10112,1934,6468,4789,4655,26,5850,9,5859,9589,3121,1964,32,609,3121,293,2790,523,24.4,25,116.3,29.9,25,105332,227938,30275,106103,1102,15021,198,53558,96487,3111,5734,15049,24404,212889,1074,44520,52126,171828,14823,318128,28,28,22676,81876,-5836,415106,4599,817632,1230719,1633245,9688,4854,305,167,22224,-464,402526,24.5163116423
2025-06-30,90.3000011444,16.782500267,16.8119995117,102.824672699,4244.18,508.077142857,536.666666667,147.663553867,148.587224333,152.28751627,307446,114848,208038,43479,1961998,-270542,232969,68.186,66.2525,68.94,69.098,87.606,78.292,79.908,65.466,64.39,84.776,62.166,38.72,432,-5.836,6919,41,125,171,428,6919,8534,118,118,0,171,142,736,74,49,171,415,73,28,906,1615,2305,8937,168,2149,1868,180,1353,783,6632,4614,-5017,432,-6,94.9,17235,18160,195,103,-142,925,606,450,17105,1076,96,9621,1880,6537,5034,4843,94,5892,8,5899,9661,3123,1918,34,638,3123,315,2797,-40,24.6,25.5,132.8,27.7,25.2,103622,232126,29771,103620,1069,17605,194,54752,95038,3052,5532,17629,24117,214497,870,45151,55056,173244,17411,318175,24,24,22287,81361,3845,418951,3331,821716,1240080,1642845,8640,5283,568,219,20731,-1493,402765,24.4319166969
2025-07-07,85.5900009155,16.3900003433,16.5439998627,103.150079346,4180.26,352.772857143,557.5,143.12058255,158.7288895,154.0182495,287751,121034,220569,42469,1989440,-263895,234693,69.784,67.932,70.594,70.772,89.438,78.516,80.206,66.562,65.074,86.528,63.262,36.194,425,3.845,6013,24,89,129,435,6013,7698,42,42,0,129,154,702,79,56,129,607,83,42,832,1685,2757,9830,246,2504,1460,114,1585,1043,7073,3256,-5388,425,-7,94.7,17199,18160,58,10,-131,902,511,573,17006,1085,85,9899,1924,6350,5093,4933,74,5791,8,5799,9417,3066,1962,33,551,3067,346,2798,482,25.1,24.7,114.9,27,25,102797,229468,29524,104291,1016,16386,198,54915,93525,3137,6135,16414,23959,213054,900,44242,52833,177086,16188,319784,28,28,21834,79415,7070,426021,3812,829024,1246491,1649494,9159,4743,1030,339,21195,464,403003,24.2805720694
2025-07-14,87.6119995117,16.8540000915,16.9340000153,104.2061203,4157.18,458.952857143,576,153.29859925,127.4930992,181.9070969,328875,106528,197267,49161,1991225,-236620,209374,69.048,66.952,70.506,70.576,89.998,77.782,79.472,64.866,62.944,87.206,62.648,33.216,424,7.07,6379,32,46,177,208,6379,7799,146,146,0,177,161,447,64,53,177,496,67,22,624,1420,3518,10047,236,2173,1837,201,1111,877,6529,2861,-5109,424,-1,93.9,17048,18160,5,30,-270,880,230,466,16849,1087,110,9084,1756,6349,4984,4785,88,5662,9,5671,9299,2949,1880,120,678,2950,309,2845,-215,24.9,25.6,141.6,28.7,25.9,106970,232867,29869,106967,1132,15647,190,55071,98264,3417,5289,15675,23635,217192,1063,44809,54022,179057,15457,322406,28,28,20138,79575,-3859,422162,3269,824865,1255837,1658540,8489,4836,438,372,21408,213,402703,24.3470944303
2025-07-21,85.4599990845,18.0340000153,15.7680000305,104.258580017,4255.64,238.605714286,520.5,120.7297554,94.225372335,154.18460085,344175,105430,166271,70165,2069099,-188396,162427,68.786,65.97,70.94,71.028,90.818,76.38,78.07,65.19,63.246,87.688,61.092,32.256,422,-3.859,5976,26,77,151,179,5976,7708,115,115,0,151,174,455,150,50,151,705,92,65,606,1732,3855,10554,256,2025,2095,64,1431,720,6699,2121,-4967,422,-2,95.5,17272,18089,300,-12,-248,917,627,587,16936,1078,105,9366,1862,6389,5079,4908,66,5886,9,5894,9522,3133,1886,19,494,3133,316,2871,-156,24.7,26.1,110.5,30.4,26.2,109901,231129,28800,104343,1164,14449,238,55951,100687,3922,5292,14478,24444,216651,968,45499,55193,179147,14211,318158,29,29,20233,79280,-3169,418993,3760,821496,1250684,1653187,8967,6532,942,304,21863,455,402503,24.2540252645
2025-07-28,82.8699996948,16.6440002441,16.7179994583,102.408779907,4170.9,394.128571429,538.5,152.9880104,97.836639385,198.2660828,331405,104012,163687,77599,2013304,-181856,153331,71.598,68.502,73.508,73.74,90.766,78.9,80.59,66.394,64.218,88.714,64.082,37.462,415,-3.169,6136,43,91,116,303,6136,7757,229,229,0,116,139,575,64,48,116,550,60,28,691,1622,2698,9409,145,2334,1629,246,1314,889,6711,3438,-5089,415,-7,95.4,17261,18089,368,119,-155,920,732,400,16911,1096,111,10042,1785,6578,5209,5004,95,5898,8,5906,9709,3131,1873,82,672,3131,332,2822,333,25.2,23.7,95.4,32.3,25.5,113536,228405,27834,103384,885,15267,241,56036,103604,3900,6031,15300,24716,213105,993,43394,52800,180310,15026,317516,33,33,20037,78432,7698,426691,3019,829432,1257771,1660512,9152,5307,1089,141,22553,690,402741,24.2347701258
2025-08-04,84.077998352,16.6960002899,16.7720001221,100.543161011,4162,254.197142857,526.5,169.6443024,125.14261245,204.16413115,347492,86140,169304,81464,2028873,-179592,156023,67.262,64.712,69.932,69.95,86.348,76.944,78.726,65.448,63.72,85.588,62.034,35.966,410,7.698,5962,23,0,123,208,5962,7477,79,79,0,123,181,412,2,49,123,681,101,118,535,1516,3318,10663,141,2438,1991,168,1545,946,7345,2644,-5829,410,-5,96.9,17522,18089,154,50,-175,922,645,617,17124,1081,100,9803,1955,6571,5105,4935,70,5887,10,5896,9728,3156,1983,23,675,3156,308,2875,75,25,25,103.5,32.1,25.5,112971,227082,27086,103085,1064,14849,247,54884,103652,3744,5575,14877,23756,212205,905,44364,53172,186261,14602,323455,28,28,19798,79303,-3029,423662,3144,826638,1259825,1662801,9040,4561,805,292,23006,453,402976,24.1358978396
2025-08-11,77.9839996338,15.9580001831,15.0779998779,100.30552063,4199.26,266.604285714,522,139.6121826,94.92136001,190.0494461,329552,88575,158016,79190,2036424,-170558,141829,66.214,63.308,67.968,67.962,84.048,77.61,79.922,63.366,61.53,83.18,61.038,33.742,411,-3.029,6920,0,0,250,291,6920,8651,107,107,0,250,91,382,28,45,250,722,84,157,632,1731,3577,10141,255,2064,1664,192,1441,825,6564,3343,-4833,411,1,96.4,17506,18160,296,23,-235,929,858,774,17180,1093,143,9813,1904,6606,5137,4865,129,5999,10,6009,9739,3133,1968,59,597,3133,310,2849,73,25,23.9,99.8,31.6,25,113685,226290,26550,103677,801,16516,304,53582,104054,3229,6402,16545,22649,209745,983,43744,51685,190026,16212,325937,29,29,19732,79652,3036,426698,3940,829900,1267347,1670549,9000,5827,717,285,23051,45,403202,24.2073833344
2025-08-18,80.6679992676,15.1419996261,15.413999939,100.528219604,4173.74,250.312857143,510,120.07040785,109.74003412,124.3223343,318869,112322,138548,89284,2010959,-142290,116742,66.926,63.232,68.822,68.82,84.618,78.148,80.858,63.194,60.978,83.358,62.174,31.918,412,3.036,6497,32,85,91,288,6497,8302,124,124,0,91,159,564,95,79,91,790,68,72,655,1805,4372,11268,217,2462,1719,155,1152,1019,6896,2125,-5091,412,1,96.6,17534,18160,363,51,-388,925,870,843,17208,1072,92,9554,1909,6551,5330,5107,131,5930,9,5939,9718,3166,1957,44,612,3167,261,2851,-164,24.6,23,106.3,31,24.8,116028,223570,25776,104253,490,15000,310,53565,106744,3384,5899,15029,22688,208541,1066,43296,50232,190561,14690,325795,29,29,19809,79894,-6014,420684,2811,824109,1263112,1666537,8842,5808,824,167,23470,419,403425,24.3067160818
2025-08-25,78.3040008545,16.1199998855,14.8100000382,101.834880066,4218.95,356.101428571,492.5,142.19704055,119.38276675,157.77301788,298200,115505,142112,112426,1922821,-140554,120209,68.162,64.162,69.964,69.964,85.812,78.782,80.722,64.336,62.39,84.698,63.886,32.704,411,-6.014,6234,52,120,40,478,6234,8214,141,141,0,40,76,726,85,42,40,775,98,113,767,1980,3810,10897,111,2843,1732,93,1473,714,7087,2424,-5107,411,-1,94.6,17175,18160,317,56,-259,932,751,636,16880,1070,138,9981,1759,6554,5217,4945,134,5981,9,5990,9724,3170,1797,33,564,3170,309,2835,257,24.5,24.3,112.7,29.4,24.6,114242,222334,24464,103528,379,15471,294,54370,105162,3080,6001,15500,22549,206834,1035,43589,48557,191820,15177,324615,29,29,20125,79025,-2392,418292,4019,822493,1258718,1662919,9240,5266,954,284,22632,-838,404201,24.2264431049
2025-09-01,87.125,18.9924998283,16.0240003586,103.083301544,4247.52,356.797142857,453.666666667,136.4628372,110.295433047,169.226353967,327310,120767,142353,118128,1912554,-130871,109472,67.476,63.7275,70.536,70.518,87.486,79.858,81.984,63.684,62.098,85.78,64.524,34.465,412,-2.392,6742,14,0,178,294,6742,8288,96,96,0,178,97,404,45,47,178,641,77,105,582,1546,3884,10608,296,2185,1787,44,1341,982,6724,2858,-5178,412,1,94.3,17120,18160,86,59,-176,915,583,613,16869,1075,103,9872,1786,6356,5253,5005,146,5848,9,5857,9489,3133,1841,49,500,3133,360,2867,383,24.7,23.9,120.2,29.8,24.1,115923,218539,23815,101377,665,15133,294,53501,106345,3020,6558,15161,22564,203378,872,42793,47835,195583,14839,329255,28,28,19910,80944,2415,420707,3902,825417,1265820,1670530,9117,4907,706,451,24222,1590,404710,24.027883027
2025-09-08,78.8440002441,17.4619998932,14.9940000534,103.267579651,4278.78,324.045714286,516,99.54587557,102.160644555,112.371082305,359030,107976,143021,115734,1987861,-121395,102428,66.652,62.724,69.91,69.976,87.604,79.272,81.612,63.008,61.732,85.762,64.482,33.51,414,2.415,6271,44,90,89,358,6271,8418,217,217,0,89,100,592,127,53,89,886,113,124,681,2147,2745,9940,191,2449,1891,156,1394,993,7195,3526,-5048,414,2,94.9,17230,18160,-138,51,-282,880,279,647,16818,1105,92,9587,1841,6288,5229,5045,92,5674,8,5682,9243,2954,1887,42,606,2954,316,2860,344,25.1,24.4,116.6,31.6,24.6,120638,219997,23821,103220,682,16353,291,53920,110827,2987,6824,16381,22837,203616,1059,43267,45794,196696,16062,331023,28,28,21207,81412,3939,424646,2989,829870,1281250,1686474,8508,5176,867,98,23857,-365,405224,24.0338974818
2025-09-15,74.8679992676,17.3780002594,15.7840000153,104.119598389,4318.38,314.931428571,529,121.6733246,87.725715635,155.10868835,331395,121817,132490,119833,1957115,-102155,81844,67.596,63.624,70.322,70.44,88.366,80.724,82.598,63.53,62.124,87.276,65.224,31.522,416,3.939,5692,0,32,163,283,5692,7734,95,95,0,163,90,406,54,61,163,1078,124,121,569,2042,5277,11531,238,1948,1972,170,851,972,6254,415,-4212,416,2,93.3,16939,18160,-94,112,-217,922,512,711,16424,1055,161,9407,1817,6250,4955,4675,119,5682,9,5691,9326,3075,1897,78,560,3075,307,2886,81,24.8,25.8,117.1,33.5,24.4,124684,217650,23203,105251,651,14869,290,52800,113828,3361,7494,14895,22602,202755,1098,43899,44052,200953,14579,338497,26,26,20798,83164,-9285,415361,4636,821089,1282421,1688149,8810,5414,852,317,23561,-296,405728,24.0509981308
2025-09-22,75.2820007324,18.6899997711,16.1899999619,104.056138611,4324.98,371.145714286,529,137.2651825,112.14250945,155.81775665,338279,106108,140085,101181,1962620,-114749,98709,68.612,64.348,69.582,69.67,88.924,78.538,80.43,64.654,63.484,88.564,65.274,34.048,418,-9.285,6495,42,23,142,156,6495,8135,69,61,1,142,144,364,137,55,142,649,73,205,506,1639,4484,11662,304,2253,1922,130,1556,901,7178,2011,-5539,418,2,93,16886,18160,-102,38,-396,900,74,534,16476,1024,104,9707,1757,6323,4984,4791,88,5790,8,5797,9385,3062,1816,55,526,3063,349,2885,322,24.9,27.3,120.4,33.9,24.5,122999,216569,22422,104469,828,14792,280,51354,111889,3806,7305,14822,23468,201748,1280,44951,45096,201456,14512,338174,30,30,21115,82856,-607,414754,3897,820712,1281947,1687905,8959,5324,895,379,23738,177,405958,23.9928688026
2025-09-29,73.536000061,18.7799999237,16.3940002441,105.040939331,4441.2,378.314285714,541.666666667,208.049779233,193.4487152,214.837249767,331362,110783,124258,94848,1936690,-118600,102958,65.796,61.792,67.026,67.068,88.784,77.128,79.142,63.048,62.494,87.704,64.034,36.326,424,-0.607,5833,27,32,164,300,5833,7932,118,117,2,164,145,504,65,66,164,988,133,127,668,2099,3751,10999,194,2538,2006,125,1378,919,7248,2082,-5149,424,6,91.4,16604,18160,-93,38,-425,905,216,696,16168,995,95,9344,1680,6398,4959,4771,93,5822,9,5830,9471,3073,1781,98,567,3073,291,2901,-127,25.3,26.8,131.4,34.4,25.4,123577,220694,22220,105650,1169,15292,279,52700,112579,3506,7492,15318,22764,205375,1348,44339,45856,199444,15013,336463,26,26,20628,83211,1792,416546,3005,823246,1288387,1695087,8518,5396,534,362,23467,-271,406700,24.0230748072
2025-10-06,75.8120010376,21.3780002594,17.6,105.826620483,4527.9,345.085714286,521.5,173.9762039,143.2455292,189.5979691,330608,121495,118554,100168,2006358,-133096,103300,65.024,61.276,65.694,65.956,87.872,76.656,79.224,61.912,61.46,86.584,63.302,33.2,422,1.792,6403,14,44,129,266,6403,8171,132,131,1,129,174,498,87,63,129,802,86,33,627,1768,3590,10400,180,2351,1885,107,1244,905,6810,2813,-5042,422,-2,92.4,16777,18160,60,60,-220,892,630,730,16297,1071,100,9753,1751,6544,5169,5040,29,5794,7,5801,9551,3007,1781,25,743,3007,239,2862,202,25.7,27,107.1,31.7,24.9,121559,219093,21010,103495,876,15697,278,51836,110597,3530,7432,15722,22720,203371,1220,44268,47164,201612,15419,337586,25,25,21169,83455,3715,420261,3236,827246,1287157,1694142,8919,5465,1474,88,22704,-763,406985,24.0335619325
2025-10-13,78.7275009155,28.3480003357,21.3139999389,105.746299744,4502.72,374.96,513,168.42905425,153.51538085,193.1615448,288413,141013,117088,132759,2036074,-98056,74309,61.994,58.292,62.456,62.89,84.312,75.68,78.428,58.248,57.888,84.66,59.688,37.188,418,3.715,5525,60,93,108,155,5525,7217,160,160,0,108,116,425,143,74,108,605,88,164,532,1691,4466,11466,146,2243,2134,185,1166,1018,7000,1059,-5309,418,-4,85.7,15568,18160,0,45,-81,915,640,676,15130,1074,62,9359,1665,6395,4592,4438,92,5885,9,5894,9478,3083,1715,47,501,3083,278,2809,-119,26.5,26.8,120.5,29.4,25.1,117030,218826,20201,104358,784,15647,273,50936,106549,3568,6913,15677,22628,203149,1417,44414,47071,202316,15374,338337,30,30,21424,83405,3524,423785,3889,831530,1288820,1696565,8455,4632,495,220,22001,-703,407745,24.1295242415
2025-10-20,74.5760009766,27.9740001679,17.6740001678,106.898240662,4555.14,335.004285714,513.5,167.8777313,128.8702736,198.6176834,267241,157635,124247,149332,2066590,-81380,60991,63.37,59.426,65.4625,65.6075,87.115,77.1025,80.03,59.8925,59.175,87.64,60.5875,37.978,418,3.524,5918,50,65,75,143,5918,7274,76,76,0,75,172,430,81,69,75,540,80,73,505,1356,4203,11556,217,2726,1892,104,1072,1212,7353,1715,-5997,418,0,88.6,16090,18160,160,-28,-176,911,930,974,15730,1112,62,9594,1591,6563,4632,4512,58,5873,8,5881,9612,3049,1643,50,682,3049,319,2840,-17,26.7,25.1,120.8,28.8,25.2,115551,216679,19369,103200,631,15676,265,49985,104952,3598,7001,15705,21919,200974,1860,42929,47158,203244,15411,339641,29,29,21929,84163,-961,422824,3869,831388,1284648,1693212,8454,4865,914,216,21231,-770,408564,24.3823315902
2025-10-27,66.6820007324,24.0300003052,16.6960000992,106.732559204,4650.38,352.43,558.5,144.09070585,148.359375,172.1742706,250389,197868,126740,156735,1997649,-55056,39800,65.002,60.698,66.176,66.31,91.408,79.47,82.246,60.036,59.522,91.19,62.184,36.844,420,-0.961,5051,27,26,120,278,5051,6691,109,109,0,120,16,347,129,75,120,663,113,160,466,1640,4361,11027,116,2241,1649,129,1507,849,6666,690,-5026,420,2,86.6,15717,18160,472,-34,-214,911,1139,915,15219,1091,65,9590,1696,6563,4498,4380,53,5880,9,5889,9655,3091,1720,19,674,3092,327,2858,-66,26.7,23.5,109.9,28,24.3,112189,210738,18710,99884,1100,15235,252,49904,101624,3515,7050,15263,22367,195476,1676,41420,44588,201702,14983,338582,28,28,21802,85483,-6858,415966,5275,825063,1268745,1677842,8924,5489,964,376,22565,1334,409097,24.395568005
2025-11-03,70.9040008545,20.6899997711,18.5520000458,107.522099304,4568.5,334.165714286,563.5,103.135929125,113.019348135,102.78219985,307357,135790,138345,133755,1891657,-77717,65601,63.972,60.078,65.456,65.464,92.664,78.8,81.54,58.756,57.802,92.73,62.71,33.872,414,-6.858,5924,30,85,39,315,5924,7626,104,104,0,39,118,550,153,67,39,537,115,202,588,1701,4367,11393,149,2342,1964,181,1195,1088,7026,1557,-5325,414,-6,86,15615,18160,95,7,-110,904,788,796,15256,1123,109,9831,1674,6377,4709,4545,54,5771,9,5779,9415,3038,1717,40,597,3039,255,2851,416,27.5,23.7,127.9,29,23.7,111546,206009,18616,96412,910,14592,260,49488,101079,3453,7014,14618,22655,191390,1573,41697,44580,200540,14332,338322,26,26,21886,86575,5202,421168,3229,830763,1269378,1678973,8874,4883,944,264,22865,300,409595,24.3948296821
2025-11-10,79.6975002289,24.2879997253,18.4440002441,109.719979858,4617.54,352.698571429,561.333333333,97.0584716767,80.76385498,117.21566521,301605,149374,138697,116046,1924327,-84426,74907,63.866,59.688,64.894,64.918,94.272,80.22,82.874,57.17,56.664,94.948,62.362,32.578,414,5.202,5222,51,46,133,248,5222,6881,167,167,0,133,69,415,129,78,133,492,114,209,548,1660,2816,10024,144,2597,1929,108,1268,1005,7208,2406,-5548,414,0,89.4,16238,18160,-447,65,-31,895,246,658,15973,1075,93,9933,1754,6479,5028,4868,67,5767,9,5776,9510,3030,1811,55,703,3031,356,2873,423,27.5,24.5,105.9,29.3,23.3,110909,205064,18083,97453,710,14830,263,49234,100244,3596,7069,14853,22219,190211,1522,42816,42815,197991,14567,334799,23,23,23112,85990,6413,427581,4664,837974,1271902,1682295,9028,4650,1158,281,22519,-346,410393,24.4582358449
2025-11-17,81.3399993897,23.3439998627,24.1159999848,108.392658997,4544.2,362.157142857,549.5,122.130134605,36.531188965,177.480403905,301753,136886,131861,128683,1913442,-71884,60384,63.708,59.458,64.186,64.232,93.822,78.244,81.096,55.412,54.784,97.03,61.57,34.436,417,6.413,5950,37,0,167,356,5950,7340,88,88,0,167,88,481,109,89,167,348,150,47,648,1390,4158,11146,277,2443,1894,163,1093,973,6988,1792,-5598,417,3,90,16343,18160,-217,-23,-318,888,174,732,16232,1091,94,9271,1827,6312,4911,4758,60,5684,9,5693,9313,3001,1858,31,619,3001,234,2860,-43,27.1,24.8,100.6,29.3,23.5,111080,207391,17662,99193,908,14388,267,48996,100932,3573,6575,14411,22307,192980,1642,42962,43883,196045,14121,332533,23,23,23399,85776,-3426,424155,5147,835081,1269187,1680113,8528,4880,1122,78,21821,-698,410926,24.4578886952
2025-11-24,72.6224994659,22.4425001144,17.9659999848,108.45565033,4619.48,271.662857143,570,152.606803867,57.9672368367,224.726643867,317262,138898,137487,140808,1868023,-80301,69176,63.104,58.4975,63.346,63.342,86.27,77.676,80.54,54.506,53.588,88.912,60.282,36.38,419,-3.426,6436,65,0,69,371,6436,8136,199,198,1,69,152,589,163,63,69,485,130,64,658,1699,3598,11330,304,2587,1680,280,1671,1088,7732,2838,-6033,419,2,92.3,16763,18160,-300,7,-382,885,11,685,16443,1113,103,9557,1844,6399,4998,4816,79,5714,8,5722,9372,2969,1891,45,676,2973,314,2911,185,26.7,25.9,87.9,30,23.9,112227,209904,17971,100263,836,13063,251,50909,102057,3538,6632,13092,21968,196812,1696,43332,44804,191774,12812,329287,29,29,22868,84460,2774,426929,1760,838353,1270749,1682173,8726,4758,1522,174,21753,-68,411424,24.3933713626
2025-12-01,68.1380004883,21.6559997559,16.2199998856,111.044219971,4777.68,304.634285714,526.333333333,136.753692633,125.809341433,153.0989049,299236,178302,133572,162127,1890503,-65188,55017,63.06,59.332,63.758,63.796,85.672,79.44,81.162,54.042,53.058,88.322,60.208,34.158,407,2.774,5981,37,126,82,483,5981,7737,190,188,2,82,44,690,136,83,82,412,136,110,772,1757,3613,11120,158,2390,2019,7,1517,1246,7507,2368,-5750,407,-12,94.1,17088,18160,-572,43,-233,857,-289,473,16876,1126,107,9754,1785,6181,5051,4872,73,5436,9,5444,9134,2949,1826,41,736,2954,320,2928,620,26.1,26.2,83.8,31.1,24.8,114286,214422,18483,100640,1085,14911,257,51688,104378,3569,6339,14940,22511,199482,1722,43945,46070,188089,14654,326872,29,29,22889,84997,574,427503,4797,839177,1275973,1687647,8326,5153,1143,421,21296,-457,411674,24.4502693007
2025-12-08,70.9580001831,20.5119998932,15.9900001526,109.763459778,4824.14,475.882857143,543.5,139.889061,84.870264055,161.85409545,314829,174703,133710,163135,1914667,-61260,51037,61.808,58.126,62.512,62.598,83.714,77.95,79.656,53.436,52.58,85.92,59.52,31.288,413,0.574,6589,88,0,143,336,6589,8413,181,181,0,143,92,516,73,78,143,508,208,196,659,1824,4009,11192,312,2348,2123,93,1097,1085,7183,2580,-5359,413,6,94.5,17152,18160,-634,58,-505,851,-520,561,16860,1105,132,9576,1812,6310,5431,5228,72,5563,7,5570,9148,2833,1847,32,740,2837,353,2847,428,25.6,24.7,81.9,31.5,26,116788,220819,19819,105042,1116,16159,239,52248,106359,3648,6781,16184,22510,204635,1518,42569,46228,182757,15920,320981,25,25,21685,83057,-1812,425691,4028,837613,1272812,1684734,8456,4852,1186,627,21604,308,411922,24.4304205624
2025-12-15,64.5219993591,20.9259998322,16.4760002136,108.359860229,4859.1,320.015714286,543.5,122.6621246,116.615509055,141.72554015,299434,191618,138442,127697,1867966,-78497,58433,59.89,56.168,60.252,60.36,79.834,74.744,75.408,53.128,52.508,81.974,57.212,34.608,414,-1.812,6525,41,0,186,385,6525,8776,268,266,2,186,223,649,160,93,186,467,148,375,834,2251,4664,12164,226,2527,2002,123,1440,991,7500,1861,-5249,414,1,94.8,17209,18161,-595,66,-358,906,-404,482,16988,1131,108,9609,1859,6366,5203,5056,39,5778,8,5786,9461,3090,1904,42,580,3095,291,2783,148,25.3,25.2,79.5,32.2,26.1,118500,225627,20276,107540,905,14234,221,55672,107806,3646,7048,14263,22353,211364,1405,43576,47247,179263,14013,318345,29,29,22135,82624,-1274,424417,4490,836588,1274951,1687122,9078,4357,1181,478,20862,-742,412171,24.4565004969
2025-12-22,60.2124996185,24.4800000191,13.787500143,111.212675095,4984.73333333,306.65,444.5,120.82913207,121.481582635,156.9359779,265318,232378,150903,139812,1916438,-72572,54896,61.8325,57.87,61.98,62.085,80.17,73.1075,74.5575,54.2775,53.945,82.2775,57.6225,32.495,406,-1.274,6086,85,90,109,319,6086,8175,181,176,5,109,65,559,188,85,109,659,166,226,668,2089,3616,11384,284,2714,2110,177,1307,957,7768,2470,-5679,406,-8,94.6,17175,18161,-426,34,-483,912,-41,835,16776,1095,114,9824,1796,6488,5310,5144,52,5803,8,5810,9660,3168,1830,31,677,3172,362,2788,163,25.2,26.6,90.1,30.6,26.3,118702,228489,21124,110239,705,14462,225,55572,108209,3844,6649,14494,22528,213995,1377,44892,47478,174211,14237,313663,32,32,22988,81904,405,424822,1989,837793,1275623,1688594,8942,4467,910,289,21569,707,412971,24.3213352811
2025-12-29,62.3774995804,24.5649995804,14.5879999161,110.375175476,5091.375,358.788571429,423,186.2116038,116.327791843,241.8034261,290099,191303,150614,132948,1863543,-68184,64898,61.365,57.6925,61.2275,61.295,79.6375,71.645,73.4425,53.6525,53.3825,81.5775,56.8175,30.3725,409,-1.274,4953,24,19,210,137,4953,6339,283,282,1,210,136,316,33,86,210,282,175,88,525,1387,3440,10112,230,2200,1692,74,1427,901,6672,1513,-5285,409,3,94.7,17198,18161,-373,5,-524,888,-298,594,16847,1120,119,9472,1792,6407,5234,5057,58,5678,8,5686,9451,3040,1841,47,721,3044,286,2853,21,25.1,25.8,89.1,32,26.8,123679,234334,21671,110959,744,15992,233,58308,113132,3764,6783,16018,22944,218316,1350,43981,48305,176091,15759,314585,26,26,23045,80156,-1934,422888,5109,836107,1285779,1698998,8563,4144,1224,292,22112,543,413219,24.2167242901
2026-01-05,65.0340003967,24.1399997711,14.9939998627,111.937197876,5313.4,348.172857143,548.5,193.47749325,104.57014083,249.2514534,309579,183395,149020,129309,1898257,-70253,64591,61.55,57.664,59.022,59.248,78.25,70.57,71.746,53.712,53.288,80.802,56.914,33.01,412,-0.7645,6339,91,0,103,290,6339,8216,207,206,1,103,65,446,210,80,103,677,151,84,549,1877,4263,11508,375,2336,1876,51,1527,967,7245,2076,-5368,412,3,94.7,17201,18161,-756,-24,-632,771,-1111,302,16909,1098,94,9000,1849,5727,5315,5129,92,5017,8,5025,8466,2735,1876,25,702,2738,289,2826,535,24.8,26.2,82.9,35.6,27.9,129273,242036,23061,114446,857,15753,233,59609,118002,3816,7455,15783,23652,226253,1426,44028,51342,175539,15520,314753,30,30,22983,79174,-3832,419056,2312,832520,1293885,1707349,8170,4408,1418,331,22840,728,413464,24.1384360706
2026-01-12,59.1980003357,23.3299999237,15.9099998474,114.181820679,5433.98,316.954285714,549,181.13955685,102.10334016,256.13259125,316869,193904,151433,128853,1968879,-70766,57352,64.75,60.26,62.084,62.448,81.392,71.572,72.818,55.83,55.338,82.894,59.078,41.744,409,-3.832,7092,21,0,129,123,7092,9010,220,212,8,129,175,318,180,137,129,760,160,151,448,1918,4306,11384,280,2295,2076,24,1425,859,7078,2786,-5160,409,-3,95.3,17300,18161,-798,52,-553,841,-922,377,16958,1196,86,9029,1828,6083,5296,5114,96,5382,9,5391,8957,2870,1852,21,691,2875,284,2891,72,25,25,78.6,34.9,29.5,129244,251013,24339,119561,744,15723,243,62133,118719,3815,6710,15748,24473,235265,1297,43136,52827,170233,15480,309350,25,25,24718,78879,3391,422447,4634,836125,1300095,1713773,8304,5250,1317,164,23585,745,413678,24.0682833977
2026-01-19,59.7449998856,27.2950005531,17.5120000839,117.687601089,5364.74,428.325714286,555,222.30702975,136.90328215,279.1431885,367171,158710,168480,125973,2018789,-65450,58128,64.808,60.3475,62.324,62.59,83.578,71.298,72.938,58.35,57.78,84.026,59.244,45.1425,410,3.391,6447,33,0,108,115,6447,7968,215,207,8,108,156,304,127,92,108,541,160,66,412,1521,3688,10570,298,2185,1800,109,1299,973,6882,2759,-5361,410,1,93.3,16947,18161,-340,18,-767,852,-273,815,16604,1119,122,8783,1649,6142,5087,4871,94,5419,7,5427,9108,2966,1718,68,715,2966,288,2859,-325,25.3,24.1,68.4,37.4,31.3,132592,256990,24572,125048,899,16309,244,61636,121352,4250,6989,16336,25739,240653,1428,42348,53070,167192,16065,306141,27,27,24133,78194,3602,426049,5457,840533,1307633,1722117,7834,5311,1516,329,25063,1478,414484,24.1861909921
2026-01-26,57.85,39.1200004578,16.6340000153,122.213059998,5505,290.567142857,591,183.8693695,84.733249665,258.19309235,357962,140992,168421,114987,1964359,-97047,78792,68.592,63.372,64.798,64.796,86.676,72.27,74.38,63.374,63.012,85.976,62.382,51.812,411,3.602,5642,50,0,89,138,5642,7020,253,244,9,89,87,275,69,72,89,428,155,107,364,1378,4589,11326,339,2260,2095,67,956,863,6737,1053,-5359,411,1,90.9,16510,18161,-129,-13,-381,883,98,621,16209,1114,112,9574,1685,6202,4819,4671,36,5666,7,5674,9264,3062,1742,56,528,3062,258,2770,311,25.4,26,61.9,35.7,31.1,132921,257213,25020,125054,917,16619,247,62081,121620,4285,7015,16642,25400,240572,1346,43044,52519,164365,16372,306052,23,23,23517,80411,-2295,423754,3513,838753,1300852,1715851,8757,4592,1500,386,24785,-278,414999,24.5574097239
2026-02-02,60.0259994507,36.9680000305,18.5020000458,117.481539917,5341.38,328.391428571,569.5,128.14116665,92.948379535,150.02758785,377371,130454,171431,108440,2035649,-115048,96982,67.738,63.466,66.406,66.43,86.952,72.364,74.058,65.372,65.16,86.498,64.046,52.864,411,-2.295,6201,25,0,82,223,6201,7960,197,197,0,82,64,313,131,71,82,589,209,239,394,1759,4047,11326,272,2337,1917,85,1494,958,7279,2154,-5520,411,0,90.5,16435,18161,-514,-14,-355,791,-384,499,16029,956,114,9009,1676,5737,4814,4558,143,5074,7,5081,8443,2706,1705,28,656,2706,297,2352,566,25.6,25.8,56.4,31.8,31.2,127368,257898,26469,125783,885,16470,250,60080,116126,4388,6855,16502,25136,241396,1210,42383,54647,151828,16220,296085,32,32,23687,81514,-3455,420299,3807,835512,1275572,1690785,8153,5271,1535,426,24042,-743,415213,24.5823576949
2026-02-09,65.4620002747,30.4299999237,18.8440002441,117.889981079,5367.4,308.677142857,591.5,88.024034485,48.86111546,118.877288805,381856,103607,178346,97969,2091314,-152499,124565,68.502,63.736,67.79,67.786,87.374,74.692,76.72,67.614,67.408,87.48,65.668,45.464,412,-3.455,6805,25,42,98,157,6805,8108,151,151,0,98,43,267,51,61,98,468,184,84,365,1303,3739,10396,243,2426,1871,54,948,978,6657,3066,-5354,412,1,89.4,16239,18161,-190,60,-584,841,40,755,16000,1110,113,9148,1668,6019,4859,4720,25,5313,8,5321,9002,2983,1736,68,698,2983,337,2686,145,26.5,27.6,48.8,30.5,31.4,124665,259058,26834,124813,875,16250,254,62608,113371,4237,7057,16275,25247,242784,1199,42732,54488,148034,15996,292676,25,25,23377,81664,8530,428829,3790,844041,1273853,1689065,8300,4678,1777,411,25113,1071,415212,24.8735192017
2026-02-16,66.3324985504,34.2475004196,20.0860004425,117.864849091,5275.54,400.312857143,550.5,115.133483905,60.18564224,160.779251125,384052,102990,177309,90995,2070538,-155866,117814,69.968,65.085,69.3033333333,69.2966666667,89.4966666667,75.14,77.2533333333,68.9133333333,68.59,89.7033333333,65.6933333333,51.72,409,8.53,6524,71,0,38,207,6524,7960,199,199,0,38,38,315,157,72,38,413,236,79,353,1436,4590,11543,203,2532,2040,162,985,854,6953,1934,-5517,409,-3,91,16398,18022,147,4,-382,866,463,694,16077,1118,131,9438,1762,6195,4887,4671,85,5528,8,5537,9228,3032,1787,23,658,3032,293,2836,210,26.1,28.6,47.2,27.3,30.1,120099,255845,27772,123734,1022,15356,248,62317,108644,4037,7419,15384,25588,240461,1087,43778,53388,145822,15108,292315,28,28,23148,82167,-9014,419815,3341,835256,1254773,1670214,8749,4841,1472,243,24018,-1095,415441,24.7081437832
2026-02-23,66.6079986572,35.4539993286,19.3959999085,120.522380066,5456.76,415.314285714,579,197.39364625,112.76221465,286.0175476,372827,109641,182583,101364,2087493,-181629,141343,71.268,65.918,70.474,70.47,91.75,78.842,81.274,67.188,66.352,92.662,67.374,60.264,409,-9.014,6659,99,89,69,174,6659,8673,411,411,0,69,132,494,112,45,69,409,207,312,563,2014,4313,10914,269,2201,1962,28,1231,769,6601,2346,-4587,409,0,88.6,15963,18022,118,36,-600,866,402,847,15661,1113,91,9215,1601,6163,4751,4585,75,5548,8,5555,9099,2936,1668,63,608,2936,262,2862,116,27.3,26.2,47.3,27.7,30,120351,254834,28422,124294,921,13824,246,65072,109366,3685,7300,13855,25646,240979,1044,42338,50692,144597,13578,291405,31,31,23041,82040,15989,435804,5594,851245,1265952,1681393,8733,5207,1343,562,24899,881,415441,24.665088985
2026-03-02,75.3559997559,35.9300003052,23.8799999237,126.277481079,5429.4,460.857142857,609,352.9062805,419.06552125,359.24034885,413137,92185,191809,93622,2102705,-216783,172712,83.728,78.472,88.964,88.962,137.454,100.992,105.61,89.51,89.078,167.96,84.632,81.104,407,15.989,6324,25,85,139,132,6324,7733,174,174,0,139,57,299,130,72,139,372,178,117,438,1409,3997,11010,172,2584,1609,136,1228,1067,7013,2327,-5604,407,-2,89.2,16083,18022,-15,40,-271,864,362,608,15841,1095,119,9334,1632,6253,4812,4639,54,5601,8,5609,9124,2870,1723,90,644,2870,270,2816,211,27.6,25.8,50.1,28.8,29.7,120780,253130,28681,119951,1543,14637,243,64702,108921,4204,7655,14656,26337,238474,1070,42090,52278,142475,14394,289194,19,19,24725,81831,3475,439279,3934,854720,1268887,1684328,8292,4884,1268,10,26463,1564,415441,24.6938838589
2026-03-09,84.2259994507,31.9420005799,25.8280002594,132.875543213,5471.2,417.482857143,592,389.95036315,566.8830719,340.40566255,360987,75393,179794,71373,2073033,-222327,172150,96.468,91.982,127.932,127.932,178.664,128.358,139.448,118.408,117.932,179.486,109.29,113.774,411,3.475,6422,36,0,178,208,6422,8122,179,179,0,178,119,363,64,52,178,645,136,134,542,1700,3434,10594,206,2535,2035,65,1251,880,7160,2988,-5460,411,4,90.8,16370,18022,487,-10,-525,901,712,761,16169,1126,118,9888,1791,6595,4944,4749,77,5826,7,5833,9624,3029,1808,15,762,3029,302,2862,264,27.8,24.2,54.3,29.1,28.5,119431,249476,29562,113656,1750,14261,255,66655,107621,3927,7883,14275,25580,235201,1057,41245,53141,143507,14006,292233,14,14,24182,83186,3824,443103,2103,858545,1266926,1682368,9241,4458,1202,449,26580,117,415442,24.6873538533
2026-03-16,87.8899993897,30.8519996643,24.3620002746,133.668722534,5244.6,374.965714286,576.5,343.3616638,490.4700928,297.17741395,402841,51809,192461,56042,2051321,-276447,228015,106.37,96.098,158.42,158.412,206.096,144.26,157.58,119.616,119.03,210.728,129.722,95.94,412,3.824,7194,62,0,59,193,7194,8904,221,221,0,59,133,388,150,84,59,648,119,125,447,1710,4898,11670,320,2295,1879,103,1052,949,6772,2296,-5062,412,1,91.4,16463,18022,-156,-28,-132,876,490,807,16232,1093,109,9426,1864,5984,4869,4633,126,5551,9,5560,9019,3035,1878,12,424,3035,315,2924,407,28.1,26.5,59.7,29.1,27.9,116904,244040,29746,110511,1752,12904,233,66160,105084,4017,7802,12934,26407,231106,1067,43623,52683,142319,12671,289577,30,30,25075,82289,6156,449259,4164,864701,1267371,1682813,8728,5887,1048,209,27524,944,415442,24.5656941709
2026-03-23,105.143998718,42.8980003357,27.3840000153,131.231600952,5153.4,382.225714286,522.5,296.89633175,417.00332645,285.7177658,471555,42851,213162,65301,2081576,-262629,218688,105.446,92.984,140.902,140.9,223.544,137.594,143.898,110.256,109.128,209.294,129.35,91.658,414,6.156,6464,18,21,35,312,6464,7976,155,155,0,35,55,407,107,91,35,601,144,62,443,1512,3322,10929,351,3102,1872,113,1180,870,7607,3142,-6095,414,2,92.9,16747,18022,7,42,-236,889,420,607,16598,1116,114,9735,1885,6336,5026,4806,106,5650,9,5659,9402,3066,1897,9,678,3066,313,2959,333,28.1,27.6,62.4,30.5,27.4,119936,241447,30302,109854,1611,12747,233,64574,108152,4223,7561,12768,27170,228679,1090,44294,52640,141510,12514,288424,21,21,25285,81592,6926,456185,2500,871627,1275705,1691147,8924,4561,1163,232,30945,3421,415442,24.5794453956
2026-03-30,92.1520019531,38.8899993897,25.6280006409,135.50994873,5299.5,397.207142857,501,329.963516233,452.148895267,351.469919833,452833,45708,215871,66886,2002065,-267010,233620,110.33,103.98,117.4725,117.4775,256.4525,139.6525,146.9425,112.2725,110.8875,227.8375,140.3,92.662,409,6.926,6454,23,0,158,284,6454,8107,117,117,0,158,37,344,150,83,158,579,117,188,502,1653,3521,11430,380,2975,1899,297,1406,829,7909,2933,-6256,409,-5,92.1,16592,18022,380,-33,-357,903,777,787,16379,1075,139,9583,1957,6416,5026,4851,36,5774,9,5783,9489,3073,1972,11,633,3073,285,2987,94,28.2,27.1,76.3,29.3,27.1,117825,240861,30404,106435,1447,14322,233,65216,106892,4180,6752,14349,25991,226513,1009,43990,53414,137056,14089,281858,27,27,24411,79685,5451,461636,3643,876700,1273599,1688663,8686,5486,625,300,31465,520,415064,24.4824957485
2026-04-06,77.9460006714,34.1599998474,21.9420001983,134.368701172,5381.75,353.404285714,493,297.93266295,346.451828,271.4666138,470101,40248,214757,84040,2030970,-245091,213488,100.982,102.842,109.226,109.222,209.218,131.75,138.58,106.608,105.154,216.436,128.012,87.718,411,5.451,6324,105,63,124,197,6324,8196,152,151,1,124,81,447,121,74,124,797,119,112,571,1872,4149,11714,442,2551,1711,202,1576,880,7565,2175,-5693,411,2,92,16578,18022,287,-23,-187,895,755,678,16250,1116,167,9369,1884,6431,5035,4798,70,5796,9,5805,9392,2961,1906,19,626,2961,284,3038,-24,28.4,27.1,73.9,28.6,27.4,114681,239272,31206,106053,1665,14669,240,64340,103627,4069,6985,14688,26053,224584,1000,43343,52526,138258,14429,284380,19,19,24880,80427,3081,464717,4032,878042,1274922,1688247,8564,4845,1365,127,31489,24,413325,24.4268935154
2026-04-13,69.6599990844,29.7220001221,18.2140003204,133.373499552,5597.33333333,319.412857143,533,349.0246277,378.43322755,407.18151855,465576,41306,223091,85253,2037857,-230466,202153,95.77,92.038,102.954,102.952,162.604,122.88,128.118,102.63,100.982,208.73,119.05,76.0433333333,411,3.081,5291,70,0,61,146,5291,6720,118,117,1,61,40,255,86,96,61,549,116,243,316,1429,5225,12744,290,2668,1881,109,1590,900,7519,66,-6090,411,0,89.6,16273,18162,47,58,-163,875,618,676,16042,1120,134,9761,1950,6448,4866,4661,70,5717,9,5726,9314,2866,1966,13,722,2866,334,2973,447,28.4,24.6,72.1,28.8,26.4,111559,232944,31786,104627,1299,13507,290,60744,101446,3591,6522,13525,26699,219419,963,42514,52748,140284,13217,286271,18,18,24256,79724,-913,463804,3523,872985,1265944,1675125,9088,4234,1166,557,29762,-1727,409181,24.2658886469
